image_filename,labels
mnist_cls_train/0/57053.png,0
mnist_cls_train/0/21658.png,0
mnist_cls_train/0/12554.png,0
mnist_cls_train/0/52409.png,0
mnist_cls_train/0/26366.png,0
mnist_cls_train/0/49459.png,0
mnist_cls_train/0/11077.png,0
mnist_cls_train/0/51889.png,0
mnist_cls_train/0/58668.png,0
mnist_cls_train/0/34656.png,0
mnist_cls_train/0/12142.png,0
mnist_cls_train/0/39606.png,0
mnist_cls_train/0/43088.png,0
mnist_cls_train/0/17214.png,0
mnist_cls_train/0/15761.png,0
mnist_cls_train/0/22938.png,0
mnist_cls_train/0/13921.png,0
mnist_cls_train/0/43265.png,0
mnist_cls_train/0/30787.png,0
mnist_cls_train/0/17187.png,0
mnist_cls_train/0/44448.png,0
mnist_cls_train/0/21497.png,0
mnist_cls_train/0/40266.png,0
mnist_cls_train/0/56404.png,0
mnist_cls_train/0/52396.png,0
mnist_cls_train/0/2528.png,0
mnist_cls_train/0/15753.png,0
mnist_cls_train/0/9857.png,0
mnist_cls_train/0/57558.png,0
mnist_cls_train/0/36031.png,0
mnist_cls_train/0/16474.png,0
mnist_cls_train/0/16518.png,0
mnist_cls_train/0/33293.png,0
mnist_cls_train/0/41588.png,0
mnist_cls_train/0/19189.png,0
mnist_cls_train/0/49497.png,0
mnist_cls_train/0/47822.png,0
mnist_cls_train/0/27638.png,0
mnist_cls_train/0/6065.png,0
mnist_cls_train/0/31661.png,0
mnist_cls_train/0/15566.png,0
mnist_cls_train/0/57686.png,0
mnist_cls_train/0/11172.png,0
mnist_cls_train/0/50749.png,0
mnist_cls_train/0/51809.png,0
mnist_cls_train/0/27894.png,0
mnist_cls_train/0/8250.png,0
mnist_cls_train/0/11036.png,0
mnist_cls_train/0/15471.png,0
mnist_cls_train/0/20584.png,0
mnist_cls_train/0/20085.png,0
mnist_cls_train/0/41117.png,0
mnist_cls_train/0/21703.png,0
mnist_cls_train/0/44862.png,0
mnist_cls_train/0/13916.png,0
mnist_cls_train/0/56332.png,0
mnist_cls_train/0/11657.png,0
mnist_cls_train/0/10505.png,0
mnist_cls_train/0/33142.png,0
mnist_cls_train/0/40586.png,0
mnist_cls_train/0/49011.png,0
mnist_cls_train/0/8046.png,0
mnist_cls_train/0/55805.png,0
mnist_cls_train/0/20418.png,0
mnist_cls_train/0/34051.png,0
mnist_cls_train/0/59288.png,0
mnist_cls_train/0/22860.png,0
mnist_cls_train/0/33831.png,0
mnist_cls_train/0/27200.png,0
mnist_cls_train/0/45442.png,0
mnist_cls_train/0/5583.png,0
mnist_cls_train/0/21971.png,0
mnist_cls_train/0/33465.png,0
mnist_cls_train/0/8249.png,0
mnist_cls_train/0/7358.png,0
mnist_cls_train/0/56674.png,0
mnist_cls_train/0/4289.png,0
mnist_cls_train/0/26820.png,0
mnist_cls_train/0/30051.png,0
mnist_cls_train/0/26408.png,0
mnist_cls_train/0/17048.png,0
mnist_cls_train/0/35742.png,0
mnist_cls_train/0/22886.png,0
mnist_cls_train/0/34731.png,0
mnist_cls_train/0/35816.png,0
mnist_cls_train/0/11105.png,0
mnist_cls_train/0/1028.png,0
mnist_cls_train/0/43847.png,0
mnist_cls_train/0/21199.png,0
mnist_cls_train/0/44045.png,0
mnist_cls_train/0/2411.png,0
mnist_cls_train/0/6320.png,0
mnist_cls_train/0/43188.png,0
mnist_cls_train/0/33192.png,0
mnist_cls_train/0/51826.png,0
mnist_cls_train/0/42153.png,0
mnist_cls_train/0/46144.png,0
mnist_cls_train/0/46139.png,0
mnist_cls_train/0/53789.png,0
mnist_cls_train/0/30473.png,0
mnist_cls_train/0/1590.png,0
mnist_cls_train/0/47167.png,0
mnist_cls_train/0/13211.png,0
mnist_cls_train/0/22658.png,0
mnist_cls_train/0/46479.png,0
mnist_cls_train/0/23943.png,0
mnist_cls_train/0/38179.png,0
mnist_cls_train/0/28771.png,0
mnist_cls_train/0/47452.png,0
mnist_cls_train/0/49780.png,0
mnist_cls_train/0/4889.png,0
mnist_cls_train/0/45812.png,0
mnist_cls_train/0/49110.png,0
mnist_cls_train/0/4310.png,0
mnist_cls_train/0/3490.png,0
mnist_cls_train/0/8894.png,0
mnist_cls_train/0/6923.png,0
mnist_cls_train/0/7786.png,0
mnist_cls_train/0/46947.png,0
mnist_cls_train/0/35431.png,0
mnist_cls_train/0/818.png,0
mnist_cls_train/0/5196.png,0
mnist_cls_train/0/23250.png,0
mnist_cls_train/0/14877.png,0
mnist_cls_train/0/8089.png,0
mnist_cls_train/0/33512.png,0
mnist_cls_train/0/9695.png,0
mnist_cls_train/0/35294.png,0
mnist_cls_train/0/59353.png,0
mnist_cls_train/0/1049.png,0
mnist_cls_train/0/48412.png,0
mnist_cls_train/0/9971.png,0
mnist_cls_train/0/30665.png,0
mnist_cls_train/0/21747.png,0
mnist_cls_train/0/24717.png,0
mnist_cls_train/0/17479.png,0
mnist_cls_train/0/1725.png,0
mnist_cls_train/0/51866.png,0
mnist_cls_train/0/30480.png,0
mnist_cls_train/0/33148.png,0
mnist_cls_train/0/54715.png,0
mnist_cls_train/0/23023.png,0
mnist_cls_train/0/59313.png,0
mnist_cls_train/0/37224.png,0
mnist_cls_train/0/26937.png,0
mnist_cls_train/0/33173.png,0
mnist_cls_train/0/33578.png,0
mnist_cls_train/0/49389.png,0
mnist_cls_train/0/1495.png,0
mnist_cls_train/0/36040.png,0
mnist_cls_train/0/40103.png,0
mnist_cls_train/0/58575.png,0
mnist_cls_train/0/57321.png,0
mnist_cls_train/0/41388.png,0
mnist_cls_train/0/48167.png,0
mnist_cls_train/0/43665.png,0
mnist_cls_train/0/48791.png,0
mnist_cls_train/0/36272.png,0
mnist_cls_train/0/49306.png,0
mnist_cls_train/0/28627.png,0
mnist_cls_train/0/27407.png,0
mnist_cls_train/0/54414.png,0
mnist_cls_train/0/35400.png,0
mnist_cls_train/0/54221.png,0
mnist_cls_train/0/15825.png,0
mnist_cls_train/0/30790.png,0
mnist_cls_train/0/55666.png,0
mnist_cls_train/0/48807.png,0
mnist_cls_train/0/36371.png,0
mnist_cls_train/0/23060.png,0
mnist_cls_train/0/41137.png,0
mnist_cls_train/0/11403.png,0
mnist_cls_train/0/8262.png,0
mnist_cls_train/0/36198.png,0
mnist_cls_train/0/52554.png,0
mnist_cls_train/0/6819.png,0
mnist_cls_train/0/59241.png,0
mnist_cls_train/0/24476.png,0
mnist_cls_train/0/18212.png,0
mnist_cls_train/0/20548.png,0
mnist_cls_train/0/29925.png,0
mnist_cls_train/0/39850.png,0
mnist_cls_train/0/9455.png,0
mnist_cls_train/0/21506.png,0
mnist_cls_train/0/51348.png,0
mnist_cls_train/0/22706.png,0
mnist_cls_train/0/35525.png,0
mnist_cls_train/0/50434.png,0
mnist_cls_train/0/26210.png,0
mnist_cls_train/0/18799.png,0
mnist_cls_train/0/55227.png,0
mnist_cls_train/0/11794.png,0
mnist_cls_train/0/39906.png,0
mnist_cls_train/0/10261.png,0
mnist_cls_train/0/48895.png,0
mnist_cls_train/0/35343.png,0
mnist_cls_train/0/49214.png,0
mnist_cls_train/0/41315.png,0
mnist_cls_train/0/30087.png,0
mnist_cls_train/0/41506.png,0
mnist_cls_train/0/47626.png,0
mnist_cls_train/0/57221.png,0
mnist_cls_train/0/2333.png,0
mnist_cls_train/0/50018.png,0
mnist_cls_train/0/5115.png,0
mnist_cls_train/0/55541.png,0
mnist_cls_train/0/15064.png,0
mnist_cls_train/0/7566.png,0
mnist_cls_train/0/50257.png,0
mnist_cls_train/0/20688.png,0
mnist_cls_train/0/41647.png,0
mnist_cls_train/0/9523.png,0
mnist_cls_train/0/46560.png,0
mnist_cls_train/0/17381.png,0
mnist_cls_train/0/5929.png,0
mnist_cls_train/0/25987.png,0
mnist_cls_train/0/21353.png,0
mnist_cls_train/0/30955.png,0
mnist_cls_train/0/12741.png,0
mnist_cls_train/0/44030.png,0
mnist_cls_train/0/22196.png,0
mnist_cls_train/0/40441.png,0
mnist_cls_train/0/7135.png,0
mnist_cls_train/0/8739.png,0
mnist_cls_train/0/41627.png,0
mnist_cls_train/0/46683.png,0
mnist_cls_train/0/24529.png,0
mnist_cls_train/0/17449.png,0
mnist_cls_train/0/25051.png,0
mnist_cls_train/0/46494.png,0
mnist_cls_train/0/29230.png,0
mnist_cls_train/0/15120.png,0
mnist_cls_train/0/8531.png,0
mnist_cls_train/0/44796.png,0
mnist_cls_train/0/10343.png,0
mnist_cls_train/0/21028.png,0
mnist_cls_train/0/14491.png,0
mnist_cls_train/0/21413.png,0
mnist_cls_train/0/55588.png,0
mnist_cls_train/0/9806.png,0
mnist_cls_train/0/33538.png,0
mnist_cls_train/0/51997.png,0
mnist_cls_train/0/42342.png,0
mnist_cls_train/0/29718.png,0
mnist_cls_train/0/34296.png,0
mnist_cls_train/0/30156.png,0
mnist_cls_train/0/689.png,0
mnist_cls_train/0/19480.png,0
mnist_cls_train/0/7130.png,0
mnist_cls_train/0/49304.png,0
mnist_cls_train/0/18832.png,0
mnist_cls_train/0/20632.png,0
mnist_cls_train/0/11014.png,0
mnist_cls_train/0/6663.png,0
mnist_cls_train/0/44598.png,0
mnist_cls_train/0/22929.png,0
mnist_cls_train/0/6758.png,0
mnist_cls_train/0/56352.png,0
mnist_cls_train/0/38614.png,0
mnist_cls_train/0/49530.png,0
mnist_cls_train/0/52429.png,0
mnist_cls_train/0/39801.png,0
mnist_cls_train/0/17611.png,0
mnist_cls_train/0/18486.png,0
mnist_cls_train/0/35708.png,0
mnist_cls_train/0/11133.png,0
mnist_cls_train/0/24872.png,0
mnist_cls_train/0/19504.png,0
mnist_cls_train/0/44411.png,0
mnist_cls_train/0/53957.png,0
mnist_cls_train/0/39093.png,0
mnist_cls_train/0/28122.png,0
mnist_cls_train/0/59712.png,0
mnist_cls_train/0/582.png,0
mnist_cls_train/0/26623.png,0
mnist_cls_train/0/6367.png,0
mnist_cls_train/0/27580.png,0
mnist_cls_train/0/41634.png,0
mnist_cls_train/0/35655.png,0
mnist_cls_train/0/17314.png,0
mnist_cls_train/0/2353.png,0
mnist_cls_train/0/51.png,0
mnist_cls_train/0/21273.png,0
mnist_cls_train/0/15734.png,0
mnist_cls_train/0/51479.png,0
mnist_cls_train/0/51629.png,0
mnist_cls_train/0/9038.png,0
mnist_cls_train/0/28365.png,0
mnist_cls_train/0/24861.png,0
mnist_cls_train/0/55242.png,0
mnist_cls_train/0/52288.png,0
mnist_cls_train/0/54391.png,0
mnist_cls_train/0/51815.png,0
mnist_cls_train/0/17095.png,0
mnist_cls_train/0/16151.png,0
mnist_cls_train/0/2325.png,0
mnist_cls_train/0/40479.png,0
mnist_cls_train/0/39955.png,0
mnist_cls_train/0/56450.png,0
mnist_cls_train/0/10348.png,0
mnist_cls_train/0/54351.png,0
mnist_cls_train/0/58594.png,0
mnist_cls_train/0/2617.png,0
mnist_cls_train/0/52247.png,0
mnist_cls_train/0/24777.png,0
mnist_cls_train/0/45939.png,0
mnist_cls_train/0/40915.png,0
mnist_cls_train/0/48947.png,0
mnist_cls_train/0/47619.png,0
mnist_cls_train/0/36842.png,0
mnist_cls_train/0/59420.png,0
mnist_cls_train/0/4500.png,0
mnist_cls_train/0/57847.png,0
mnist_cls_train/0/16323.png,0
mnist_cls_train/0/36351.png,0
mnist_cls_train/0/22596.png,0
mnist_cls_train/0/13075.png,0
mnist_cls_train/0/12457.png,0
mnist_cls_train/0/10530.png,0
mnist_cls_train/0/246.png,0
mnist_cls_train/0/50828.png,0
mnist_cls_train/0/17620.png,0
mnist_cls_train/0/22910.png,0
mnist_cls_train/0/11071.png,0
mnist_cls_train/0/52698.png,0
mnist_cls_train/0/40217.png,0
mnist_cls_train/0/4115.png,0
mnist_cls_train/0/39039.png,0
mnist_cls_train/0/38099.png,0
mnist_cls_train/0/15108.png,0
mnist_cls_train/0/2561.png,0
mnist_cls_train/0/37937.png,0
mnist_cls_train/0/19990.png,0
mnist_cls_train/0/40075.png,0
mnist_cls_train/0/8284.png,0
mnist_cls_train/0/1209.png,0
mnist_cls_train/0/33330.png,0
mnist_cls_train/0/42136.png,0
mnist_cls_train/0/59868.png,0
mnist_cls_train/0/35028.png,0
mnist_cls_train/0/53174.png,0
mnist_cls_train/0/3667.png,0
mnist_cls_train/0/52617.png,0
mnist_cls_train/0/59972.png,0
mnist_cls_train/0/58180.png,0
mnist_cls_train/0/18936.png,0
mnist_cls_train/0/42183.png,0
mnist_cls_train/0/25980.png,0
mnist_cls_train/0/25390.png,0
mnist_cls_train/0/326.png,0
mnist_cls_train/0/59272.png,0
mnist_cls_train/0/59681.png,0
mnist_cls_train/0/44199.png,0
mnist_cls_train/0/8289.png,0
mnist_cls_train/0/55487.png,0
mnist_cls_train/0/39856.png,0
mnist_cls_train/0/2854.png,0
mnist_cls_train/0/31199.png,0
mnist_cls_train/0/12357.png,0
mnist_cls_train/0/7629.png,0
mnist_cls_train/0/35943.png,0
mnist_cls_train/0/58074.png,0
mnist_cls_train/0/46627.png,0
mnist_cls_train/0/53932.png,0
mnist_cls_train/0/12732.png,0
mnist_cls_train/0/44838.png,0
mnist_cls_train/0/35488.png,0
mnist_cls_train/0/26853.png,0
mnist_cls_train/0/18572.png,0
mnist_cls_train/0/48371.png,0
mnist_cls_train/0/12888.png,0
mnist_cls_train/0/47000.png,0
mnist_cls_train/0/50344.png,0
mnist_cls_train/0/36277.png,0
mnist_cls_train/0/25312.png,0
mnist_cls_train/0/40649.png,0
mnist_cls_train/0/48459.png,0
mnist_cls_train/0/8979.png,0
mnist_cls_train/0/35320.png,0
mnist_cls_train/0/57917.png,0
mnist_cls_train/0/49622.png,0
mnist_cls_train/0/36734.png,0
mnist_cls_train/0/13197.png,0
mnist_cls_train/0/11501.png,0
mnist_cls_train/0/29364.png,0
mnist_cls_train/0/32036.png,0
mnist_cls_train/0/39156.png,0
mnist_cls_train/0/59639.png,0
mnist_cls_train/0/14276.png,0
mnist_cls_train/0/24348.png,0
mnist_cls_train/0/51733.png,0
mnist_cls_train/0/51265.png,0
mnist_cls_train/0/16941.png,0
mnist_cls_train/0/19646.png,0
mnist_cls_train/0/33536.png,0
mnist_cls_train/0/26191.png,0
mnist_cls_train/0/13822.png,0
mnist_cls_train/0/52593.png,0
mnist_cls_train/0/59043.png,0
mnist_cls_train/0/16543.png,0
mnist_cls_train/0/59197.png,0
mnist_cls_train/0/14282.png,0
mnist_cls_train/0/56868.png,0
mnist_cls_train/0/19770.png,0
mnist_cls_train/0/54263.png,0
mnist_cls_train/0/43463.png,0
mnist_cls_train/0/35663.png,0
mnist_cls_train/0/15662.png,0
mnist_cls_train/0/34706.png,0
mnist_cls_train/0/1709.png,0
mnist_cls_train/0/11742.png,0
mnist_cls_train/0/26713.png,0
mnist_cls_train/0/32151.png,0
mnist_cls_train/0/8926.png,0
mnist_cls_train/0/35815.png,0
mnist_cls_train/0/38139.png,0
mnist_cls_train/0/7589.png,0
mnist_cls_train/0/7858.png,0
mnist_cls_train/0/33640.png,0
mnist_cls_train/0/7548.png,0
mnist_cls_train/0/43960.png,0
mnist_cls_train/0/43593.png,0
mnist_cls_train/0/47139.png,0
mnist_cls_train/0/56639.png,0
mnist_cls_train/0/4270.png,0
mnist_cls_train/0/209.png,0
mnist_cls_train/0/30163.png,0
mnist_cls_train/0/34097.png,0
mnist_cls_train/0/42180.png,0
mnist_cls_train/0/54514.png,0
mnist_cls_train/0/5096.png,0
mnist_cls_train/0/31020.png,0
mnist_cls_train/0/51992.png,0
mnist_cls_train/0/31026.png,0
mnist_cls_train/0/29469.png,0
mnist_cls_train/0/30923.png,0
mnist_cls_train/0/15383.png,0
mnist_cls_train/0/52821.png,0
mnist_cls_train/0/4488.png,0
mnist_cls_train/0/18278.png,0
mnist_cls_train/0/28763.png,0
mnist_cls_train/0/53937.png,0
mnist_cls_train/0/869.png,0
mnist_cls_train/0/18794.png,0
mnist_cls_train/0/25166.png,0
mnist_cls_train/0/6768.png,0
mnist_cls_train/0/1796.png,0
mnist_cls_train/0/44040.png,0
mnist_cls_train/0/18424.png,0
mnist_cls_train/0/51960.png,0
mnist_cls_train/0/6441.png,0
mnist_cls_train/0/5604.png,0
mnist_cls_train/0/36953.png,0
mnist_cls_train/0/8961.png,0
mnist_cls_train/0/48350.png,0
mnist_cls_train/0/24962.png,0
mnist_cls_train/0/50424.png,0
mnist_cls_train/0/59363.png,0
mnist_cls_train/0/45857.png,0
mnist_cls_train/0/38590.png,0
mnist_cls_train/0/15901.png,0
mnist_cls_train/0/40412.png,0
mnist_cls_train/0/11027.png,0
mnist_cls_train/0/14629.png,0
mnist_cls_train/0/47488.png,0
mnist_cls_train/0/44777.png,0
mnist_cls_train/0/29695.png,0
mnist_cls_train/0/41743.png,0
mnist_cls_train/0/30932.png,0
mnist_cls_train/0/38926.png,0
mnist_cls_train/0/16903.png,0
mnist_cls_train/0/56940.png,0
mnist_cls_train/0/8703.png,0
mnist_cls_train/0/25892.png,0
mnist_cls_train/0/52832.png,0
mnist_cls_train/0/11675.png,0
mnist_cls_train/0/24389.png,0
mnist_cls_train/0/47860.png,0
mnist_cls_train/0/27603.png,0
mnist_cls_train/0/12748.png,0
mnist_cls_train/0/27697.png,0
mnist_cls_train/0/11041.png,0
mnist_cls_train/0/19772.png,0
mnist_cls_train/0/30891.png,0
mnist_cls_train/0/49561.png,0
mnist_cls_train/0/26457.png,0
mnist_cls_train/0/35782.png,0
mnist_cls_train/0/35485.png,0
mnist_cls_train/0/33864.png,0
mnist_cls_train/0/40760.png,0
mnist_cls_train/0/19583.png,0
mnist_cls_train/0/41857.png,0
mnist_cls_train/0/49576.png,0
mnist_cls_train/0/6279.png,0
mnist_cls_train/0/435.png,0
mnist_cls_train/0/13206.png,0
mnist_cls_train/0/5010.png,0
mnist_cls_train/0/15628.png,0
mnist_cls_train/0/57827.png,0
mnist_cls_train/0/47855.png,0
mnist_cls_train/0/37141.png,0
mnist_cls_train/0/9027.png,0
mnist_cls_train/0/8343.png,0
mnist_cls_train/0/27246.png,0
mnist_cls_train/0/50637.png,0
mnist_cls_train/0/45966.png,0
mnist_cls_train/0/47555.png,0
mnist_cls_train/0/56950.png,0
mnist_cls_train/0/10924.png,0
mnist_cls_train/0/5083.png,0
mnist_cls_train/0/20719.png,0
mnist_cls_train/0/7318.png,0
mnist_cls_train/0/23536.png,0
mnist_cls_train/0/19072.png,0
mnist_cls_train/0/22373.png,0
mnist_cls_train/0/7427.png,0
mnist_cls_train/0/46391.png,0
mnist_cls_train/0/11754.png,0
mnist_cls_train/0/4002.png,0
mnist_cls_train/0/46810.png,0
mnist_cls_train/0/15926.png,0
mnist_cls_train/0/56023.png,0
mnist_cls_train/0/9476.png,0
mnist_cls_train/0/30992.png,0
mnist_cls_train/0/40803.png,0
mnist_cls_train/0/41806.png,0
mnist_cls_train/0/38644.png,0
mnist_cls_train/0/13347.png,0
mnist_cls_train/0/49419.png,0
mnist_cls_train/0/48574.png,0
mnist_cls_train/0/23389.png,0
mnist_cls_train/0/88.png,0
mnist_cls_train/0/36617.png,0
mnist_cls_train/0/52048.png,0
mnist_cls_train/0/43347.png,0
mnist_cls_train/0/20420.png,0
mnist_cls_train/0/27911.png,0
mnist_cls_train/0/53429.png,0
mnist_cls_train/0/6630.png,0
mnist_cls_train/0/5048.png,0
mnist_cls_train/0/22949.png,0
mnist_cls_train/0/26545.png,0
mnist_cls_train/0/59296.png,0
mnist_cls_train/0/35536.png,0
mnist_cls_train/0/18837.png,0
mnist_cls_train/0/53657.png,0
mnist_cls_train/0/57963.png,0
mnist_cls_train/0/58665.png,0
mnist_cls_train/0/38200.png,0
mnist_cls_train/0/58053.png,0
mnist_cls_train/0/2770.png,0
mnist_cls_train/0/41211.png,0
mnist_cls_train/0/37529.png,0
mnist_cls_train/0/19203.png,0
mnist_cls_train/0/12239.png,0
mnist_cls_train/0/39859.png,0
mnist_cls_train/0/30246.png,0
mnist_cls_train/0/55576.png,0
mnist_cls_train/0/59944.png,0
mnist_cls_train/0/19376.png,0
mnist_cls_train/0/45695.png,0
mnist_cls_train/0/31082.png,0
mnist_cls_train/0/33378.png,0
mnist_cls_train/0/21970.png,0
mnist_cls_train/0/51585.png,0
mnist_cls_train/0/27023.png,0
mnist_cls_train/0/57995.png,0
mnist_cls_train/0/2532.png,0
mnist_cls_train/0/57757.png,0
mnist_cls_train/0/27749.png,0
mnist_cls_train/0/14675.png,0
mnist_cls_train/0/4906.png,0
mnist_cls_train/0/45676.png,0
mnist_cls_train/0/29311.png,0
mnist_cls_train/0/8838.png,0
mnist_cls_train/0/34392.png,0
mnist_cls_train/0/18896.png,0
mnist_cls_train/0/38744.png,0
mnist_cls_train/0/26597.png,0
mnist_cls_train/0/50729.png,0
mnist_cls_train/0/29862.png,0
mnist_cls_train/0/9865.png,0
mnist_cls_train/0/43134.png,0
mnist_cls_train/0/29934.png,0
mnist_cls_train/0/40633.png,0
mnist_cls_train/0/2436.png,0
mnist_cls_train/0/11269.png,0
mnist_cls_train/0/14039.png,0
mnist_cls_train/0/18263.png,0
mnist_cls_train/0/31753.png,0
mnist_cls_train/0/12568.png,0
mnist_cls_train/0/29395.png,0
mnist_cls_train/0/2782.png,0
mnist_cls_train/0/46975.png,0
mnist_cls_train/0/53401.png,0
mnist_cls_train/0/37377.png,0
mnist_cls_train/0/24537.png,0
mnist_cls_train/0/44859.png,0
mnist_cls_train/0/28755.png,0
mnist_cls_train/0/57924.png,0
mnist_cls_train/0/35936.png,0
mnist_cls_train/0/21064.png,0
mnist_cls_train/0/31808.png,0
mnist_cls_train/0/32086.png,0
mnist_cls_train/0/51290.png,0
mnist_cls_train/0/25214.png,0
mnist_cls_train/0/33163.png,0
mnist_cls_train/0/54922.png,0
mnist_cls_train/0/52520.png,0
mnist_cls_train/0/51925.png,0
mnist_cls_train/0/37758.png,0
mnist_cls_train/0/46926.png,0
mnist_cls_train/0/41056.png,0
mnist_cls_train/0/54703.png,0
mnist_cls_train/0/12723.png,0
mnist_cls_train/0/48207.png,0
mnist_cls_train/0/8917.png,0
mnist_cls_train/0/18991.png,0
mnist_cls_train/0/56755.png,0
mnist_cls_train/0/34958.png,0
mnist_cls_train/0/55361.png,0
mnist_cls_train/0/55056.png,0
mnist_cls_train/0/55348.png,0
mnist_cls_train/0/55345.png,0
mnist_cls_train/0/11851.png,0
mnist_cls_train/0/25159.png,0
mnist_cls_train/0/38543.png,0
mnist_cls_train/0/42771.png,0
mnist_cls_train/0/38494.png,0
mnist_cls_train/0/50974.png,0
mnist_cls_train/0/37220.png,0
mnist_cls_train/0/27829.png,0
mnist_cls_train/0/29562.png,0
mnist_cls_train/0/17930.png,0
mnist_cls_train/0/25427.png,0
mnist_cls_train/0/21907.png,0
mnist_cls_train/0/10380.png,0
mnist_cls_train/0/15520.png,0
mnist_cls_train/0/5488.png,0
mnist_cls_train/0/34262.png,0
mnist_cls_train/0/36090.png,0
mnist_cls_train/0/56573.png,0
mnist_cls_train/0/16178.png,0
mnist_cls_train/0/36894.png,0
mnist_cls_train/0/24877.png,0
mnist_cls_train/0/57575.png,0
mnist_cls_train/0/57393.png,0
mnist_cls_train/0/34541.png,0
mnist_cls_train/0/25092.png,0
mnist_cls_train/0/57707.png,0
mnist_cls_train/0/34985.png,0
mnist_cls_train/0/44103.png,0
mnist_cls_train/0/45760.png,0
mnist_cls_train/0/3610.png,0
mnist_cls_train/0/57407.png,0
mnist_cls_train/0/21314.png,0
mnist_cls_train/0/28667.png,0
mnist_cls_train/0/37510.png,0
mnist_cls_train/0/53299.png,0
mnist_cls_train/0/53705.png,0
mnist_cls_train/0/27328.png,0
mnist_cls_train/0/4027.png,0
mnist_cls_train/0/9018.png,0
mnist_cls_train/0/33238.png,0
mnist_cls_train/0/41856.png,0
mnist_cls_train/0/20947.png,0
mnist_cls_train/0/17518.png,0
mnist_cls_train/0/21800.png,0
mnist_cls_train/0/55680.png,0
mnist_cls_train/0/30340.png,0
mnist_cls_train/0/46822.png,0
mnist_cls_train/0/16221.png,0
mnist_cls_train/0/35680.png,0
mnist_cls_train/0/58599.png,0
mnist_cls_train/0/42865.png,0
mnist_cls_train/0/49200.png,0
mnist_cls_train/0/2195.png,0
mnist_cls_train/0/7835.png,0
mnist_cls_train/0/3906.png,0
mnist_cls_train/0/55879.png,0
mnist_cls_train/0/5015.png,0
mnist_cls_train/0/34803.png,0
mnist_cls_train/0/22529.png,0
mnist_cls_train/0/29541.png,0
mnist_cls_train/0/52313.png,0
mnist_cls_train/0/26620.png,0
mnist_cls_train/0/10599.png,0
mnist_cls_train/0/48185.png,0
mnist_cls_train/0/14319.png,0
mnist_cls_train/0/17508.png,0
mnist_cls_train/0/15142.png,0
mnist_cls_train/0/18909.png,0
mnist_cls_train/0/10005.png,0
mnist_cls_train/0/7127.png,0
mnist_cls_train/0/10801.png,0
mnist_cls_train/0/57068.png,0
mnist_cls_train/0/57420.png,0
mnist_cls_train/0/4220.png,0
mnist_cls_train/0/58402.png,0
mnist_cls_train/0/36809.png,0
mnist_cls_train/0/11022.png,0
mnist_cls_train/0/7003.png,0
mnist_cls_train/0/19303.png,0
mnist_cls_train/0/49596.png,0
mnist_cls_train/0/781.png,0
mnist_cls_train/0/28072.png,0
mnist_cls_train/0/53502.png,0
mnist_cls_train/0/39968.png,0
mnist_cls_train/0/51006.png,0
mnist_cls_train/0/24893.png,0
mnist_cls_train/0/24225.png,0
mnist_cls_train/0/40813.png,0
mnist_cls_train/0/6103.png,0
mnist_cls_train/0/6421.png,0
mnist_cls_train/0/41259.png,0
mnist_cls_train/0/37837.png,0
mnist_cls_train/0/48364.png,0
mnist_cls_train/0/30425.png,0
mnist_cls_train/0/13135.png,0
mnist_cls_train/0/22874.png,0
mnist_cls_train/0/58645.png,0
mnist_cls_train/0/3367.png,0
mnist_cls_train/0/13521.png,0
mnist_cls_train/0/55354.png,0
mnist_cls_train/0/23606.png,0
mnist_cls_train/0/24105.png,0
mnist_cls_train/0/47389.png,0
mnist_cls_train/0/40829.png,0
mnist_cls_train/0/13769.png,0
mnist_cls_train/0/28593.png,0
mnist_cls_train/0/38162.png,0
mnist_cls_train/0/18073.png,0
mnist_cls_train/0/11304.png,0
mnist_cls_train/0/42091.png,0
mnist_cls_train/0/11694.png,0
mnist_cls_train/0/44063.png,0
mnist_cls_train/0/26262.png,0
mnist_cls_train/0/22510.png,0
mnist_cls_train/0/1927.png,0
mnist_cls_train/0/13830.png,0
mnist_cls_train/0/56835.png,0
mnist_cls_train/0/56217.png,0
mnist_cls_train/0/8449.png,0
mnist_cls_train/0/12992.png,0
mnist_cls_train/0/9966.png,0
mnist_cls_train/0/48337.png,0
mnist_cls_train/0/19492.png,0
mnist_cls_train/0/43728.png,0
mnist_cls_train/0/38128.png,0
mnist_cls_train/0/44076.png,0
mnist_cls_train/0/53353.png,0
mnist_cls_train/0/30434.png,0
mnist_cls_train/0/33392.png,0
mnist_cls_train/0/35275.png,0
mnist_cls_train/0/55259.png,0
mnist_cls_train/0/40888.png,0
mnist_cls_train/0/22634.png,0
mnist_cls_train/0/6117.png,0
mnist_cls_train/0/24681.png,0
mnist_cls_train/0/51980.png,0
mnist_cls_train/0/15583.png,0
mnist_cls_train/0/39811.png,0
mnist_cls_train/0/54836.png,0
mnist_cls_train/0/849.png,0
mnist_cls_train/0/58492.png,0
mnist_cls_train/0/30438.png,0
mnist_cls_train/0/30707.png,0
mnist_cls_train/0/41371.png,0
mnist_cls_train/0/53038.png,0
mnist_cls_train/0/14749.png,0
mnist_cls_train/0/14291.png,0
mnist_cls_train/0/59987.png,0
mnist_cls_train/0/34730.png,0
mnist_cls_train/0/6023.png,0
mnist_cls_train/0/19604.png,0
mnist_cls_train/0/16705.png,0
mnist_cls_train/0/17293.png,0
mnist_cls_train/0/5692.png,0
mnist_cls_train/0/10844.png,0
mnist_cls_train/0/33327.png,0
mnist_cls_train/0/19419.png,0
mnist_cls_train/0/42867.png,0
mnist_cls_train/0/3391.png,0
mnist_cls_train/0/31865.png,0
mnist_cls_train/0/52135.png,0
mnist_cls_train/0/50839.png,0
mnist_cls_train/0/22764.png,0
mnist_cls_train/0/55484.png,0
mnist_cls_train/0/38289.png,0
mnist_cls_train/0/20095.png,0
mnist_cls_train/0/41643.png,0
mnist_cls_train/0/53297.png,0
mnist_cls_train/0/24419.png,0
mnist_cls_train/0/44335.png,0
mnist_cls_train/0/59372.png,0
mnist_cls_train/0/30586.png,0
mnist_cls_train/0/8788.png,0
mnist_cls_train/0/39119.png,0
mnist_cls_train/0/8129.png,0
mnist_cls_train/0/41789.png,0
mnist_cls_train/0/39600.png,0
mnist_cls_train/0/19859.png,0
mnist_cls_train/0/38523.png,0
mnist_cls_train/0/47867.png,0
mnist_cls_train/0/7925.png,0
mnist_cls_train/0/26422.png,0
mnist_cls_train/0/23136.png,0
mnist_cls_train/0/45467.png,0
mnist_cls_train/0/41352.png,0
mnist_cls_train/0/22008.png,0
mnist_cls_train/0/31165.png,0
mnist_cls_train/0/13203.png,0
mnist_cls_train/0/5622.png,0
mnist_cls_train/0/12180.png,0
mnist_cls_train/0/6245.png,0
mnist_cls_train/0/37977.png,0
mnist_cls_train/0/42250.png,0
mnist_cls_train/0/3024.png,0
mnist_cls_train/0/5373.png,0
mnist_cls_train/0/25714.png,0
mnist_cls_train/0/14393.png,0
mnist_cls_train/0/40340.png,0
mnist_cls_train/0/7597.png,0
mnist_cls_train/0/23988.png,0
mnist_cls_train/0/2817.png,0
mnist_cls_train/0/25754.png,0
mnist_cls_train/0/26508.png,0
mnist_cls_train/0/57650.png,0
mnist_cls_train/0/2218.png,0
mnist_cls_train/0/6394.png,0
mnist_cls_train/0/15567.png,0
mnist_cls_train/0/48863.png,0
mnist_cls_train/0/46227.png,0
mnist_cls_train/0/50629.png,0
mnist_cls_train/0/29471.png,0
mnist_cls_train/0/37252.png,0
mnist_cls_train/0/24121.png,0
mnist_cls_train/0/19180.png,0
mnist_cls_train/0/1916.png,0
mnist_cls_train/0/55115.png,0
mnist_cls_train/0/27153.png,0
mnist_cls_train/0/52179.png,0
mnist_cls_train/0/8813.png,0
mnist_cls_train/0/11422.png,0
mnist_cls_train/0/22208.png,0
mnist_cls_train/0/36741.png,0
mnist_cls_train/0/28125.png,0
mnist_cls_train/0/50813.png,0
mnist_cls_train/0/35620.png,0
mnist_cls_train/0/9881.png,0
mnist_cls_train/0/53270.png,0
mnist_cls_train/0/9823.png,0
mnist_cls_train/0/40630.png,0
mnist_cls_train/0/58285.png,0
mnist_cls_train/0/27414.png,0
mnist_cls_train/0/36871.png,0
mnist_cls_train/0/8223.png,0
mnist_cls_train/0/46412.png,0
mnist_cls_train/0/22294.png,0
mnist_cls_train/0/52799.png,0
mnist_cls_train/0/40457.png,0
mnist_cls_train/0/22453.png,0
mnist_cls_train/0/52804.png,0
mnist_cls_train/0/38808.png,0
mnist_cls_train/0/4749.png,0
mnist_cls_train/0/16520.png,0
mnist_cls_train/0/48284.png,0
mnist_cls_train/0/51044.png,0
mnist_cls_train/0/31877.png,0
mnist_cls_train/0/29205.png,0
mnist_cls_train/0/10488.png,0
mnist_cls_train/0/27806.png,0
mnist_cls_train/0/42552.png,0
mnist_cls_train/0/42456.png,0
mnist_cls_train/0/28816.png,0
mnist_cls_train/0/3937.png,0
mnist_cls_train/0/19361.png,0
mnist_cls_train/0/51259.png,0
mnist_cls_train/0/27094.png,0
mnist_cls_train/0/24078.png,0
mnist_cls_train/0/31943.png,0
mnist_cls_train/0/14971.png,0
mnist_cls_train/0/30009.png,0
mnist_cls_train/0/46488.png,0
mnist_cls_train/0/22629.png,0
mnist_cls_train/0/57730.png,0
mnist_cls_train/0/15504.png,0
mnist_cls_train/0/25755.png,0
mnist_cls_train/0/5464.png,0
mnist_cls_train/0/20983.png,0
mnist_cls_train/0/9197.png,0
mnist_cls_train/0/15854.png,0
mnist_cls_train/0/16144.png,0
mnist_cls_train/0/19038.png,0
mnist_cls_train/0/39581.png,0
mnist_cls_train/0/21780.png,0
mnist_cls_train/0/18371.png,0
mnist_cls_train/0/31497.png,0
mnist_cls_train/0/33933.png,0
mnist_cls_train/0/44474.png,0
mnist_cls_train/0/49535.png,0
mnist_cls_train/0/15150.png,0
mnist_cls_train/0/59918.png,0
mnist_cls_train/0/19709.png,0
mnist_cls_train/0/13808.png,0
mnist_cls_train/0/44846.png,0
mnist_cls_train/0/45128.png,0
mnist_cls_train/0/18232.png,0
mnist_cls_train/0/17452.png,0
mnist_cls_train/0/52766.png,0
mnist_cls_train/0/3693.png,0
mnist_cls_train/0/16866.png,0
mnist_cls_train/0/57451.png,0
mnist_cls_train/0/10781.png,0
mnist_cls_train/0/17245.png,0
mnist_cls_train/0/12205.png,0
mnist_cls_train/0/35646.png,0
mnist_cls_train/0/20958.png,0
mnist_cls_train/0/39028.png,0
mnist_cls_train/0/15695.png,0
mnist_cls_train/0/59659.png,0
mnist_cls_train/0/37153.png,0
mnist_cls_train/0/17871.png,0
mnist_cls_train/0/50423.png,0
mnist_cls_train/0/37335.png,0
mnist_cls_train/0/38835.png,0
mnist_cls_train/0/10168.png,0
mnist_cls_train/0/49322.png,0
mnist_cls_train/0/8096.png,0
mnist_cls_train/0/35971.png,0
mnist_cls_train/0/37092.png,0
mnist_cls_train/0/38663.png,0
mnist_cls_train/0/47797.png,0
mnist_cls_train/0/22603.png,0
mnist_cls_train/0/5398.png,0
mnist_cls_train/0/46868.png,0
mnist_cls_train/0/40969.png,0
mnist_cls_train/0/40922.png,0
mnist_cls_train/0/46054.png,0
mnist_cls_train/0/37723.png,0
mnist_cls_train/0/3259.png,0
mnist_cls_train/0/54689.png,0
mnist_cls_train/0/21848.png,0
mnist_cls_train/0/47616.png,0
mnist_cls_train/0/22048.png,0
mnist_cls_train/0/206.png,0
mnist_cls_train/0/36290.png,0
mnist_cls_train/0/31171.png,0
mnist_cls_train/0/22270.png,0
mnist_cls_train/0/32605.png,0
mnist_cls_train/0/8982.png,0
mnist_cls_train/0/28746.png,0
mnist_cls_train/0/11340.png,0
mnist_cls_train/0/27990.png,0
mnist_cls_train/0/32557.png,0
mnist_cls_train/0/56651.png,0
mnist_cls_train/0/43013.png,0
mnist_cls_train/0/25024.png,0
mnist_cls_train/0/26184.png,0
mnist_cls_train/0/32531.png,0
mnist_cls_train/0/40240.png,0
mnist_cls_train/0/28628.png,0
mnist_cls_train/0/6704.png,0
mnist_cls_train/0/27658.png,0
mnist_cls_train/0/12785.png,0
mnist_cls_train/0/26315.png,0
mnist_cls_train/0/7552.png,0
mnist_cls_train/0/52847.png,0
mnist_cls_train/0/9297.png,0
mnist_cls_train/0/903.png,0
mnist_cls_train/0/31356.png,0
mnist_cls_train/0/44558.png,0
mnist_cls_train/0/58521.png,0
mnist_cls_train/0/43102.png,0
mnist_cls_train/0/46860.png,0
mnist_cls_train/0/50518.png,0
mnist_cls_train/0/4994.png,0
mnist_cls_train/0/39897.png,0
mnist_cls_train/0/32313.png,0
mnist_cls_train/0/13030.png,0
mnist_cls_train/0/30827.png,0
mnist_cls_train/0/41614.png,0
mnist_cls_train/0/39202.png,0
mnist_cls_train/0/41108.png,0
mnist_cls_train/0/49059.png,0
mnist_cls_train/0/25065.png,0
mnist_cls_train/0/1268.png,0
mnist_cls_train/0/20662.png,0
mnist_cls_train/0/45371.png,0
mnist_cls_train/0/34016.png,0
mnist_cls_train/0/25707.png,0
mnist_cls_train/0/19774.png,0
mnist_cls_train/0/11834.png,0
mnist_cls_train/0/20928.png,0
mnist_cls_train/0/57162.png,0
mnist_cls_train/0/5052.png,0
mnist_cls_train/0/24085.png,0
mnist_cls_train/0/13467.png,0
mnist_cls_train/0/56942.png,0
mnist_cls_train/0/38138.png,0
mnist_cls_train/0/10272.png,0
mnist_cls_train/0/46571.png,0
mnist_cls_train/0/17828.png,0
mnist_cls_train/0/41795.png,0
mnist_cls_train/0/47386.png,0
mnist_cls_train/0/56735.png,0
mnist_cls_train/0/54620.png,0
mnist_cls_train/0/38100.png,0
mnist_cls_train/0/22636.png,0
mnist_cls_train/0/14545.png,0
mnist_cls_train/0/29736.png,0
mnist_cls_train/0/43443.png,0
mnist_cls_train/0/43472.png,0
mnist_cls_train/0/20751.png,0
mnist_cls_train/0/10240.png,0
mnist_cls_train/0/36055.png,0
mnist_cls_train/0/24627.png,0
mnist_cls_train/0/1517.png,0
mnist_cls_train/0/39326.png,0
mnist_cls_train/0/20814.png,0
mnist_cls_train/0/39457.png,0
mnist_cls_train/0/32009.png,0
mnist_cls_train/0/48039.png,0
mnist_cls_train/0/36994.png,0
mnist_cls_train/0/21766.png,0
mnist_cls_train/0/24978.png,0
mnist_cls_train/0/44951.png,0
mnist_cls_train/0/15119.png,0
mnist_cls_train/0/47835.png,0
mnist_cls_train/0/58408.png,0
mnist_cls_train/0/32165.png,0
mnist_cls_train/0/47072.png,0
mnist_cls_train/0/22364.png,0
mnist_cls_train/0/4629.png,0
mnist_cls_train/0/43976.png,0
mnist_cls_train/0/25953.png,0
mnist_cls_train/0/11217.png,0
mnist_cls_train/0/53360.png,0
mnist_cls_train/0/1479.png,0
mnist_cls_train/0/33253.png,0
mnist_cls_train/0/43216.png,0
mnist_cls_train/0/26565.png,0
mnist_cls_train/0/38599.png,0
mnist_cls_train/0/13545.png,0
mnist_cls_train/0/5773.png,0
mnist_cls_train/0/58765.png,0
mnist_cls_train/0/10700.png,0
mnist_cls_train/0/47976.png,0
mnist_cls_train/0/45596.png,0
mnist_cls_train/0/22040.png,0
mnist_cls_train/0/53381.png,0
mnist_cls_train/0/13411.png,0
mnist_cls_train/0/18132.png,0
mnist_cls_train/0/16305.png,0
mnist_cls_train/0/35671.png,0
mnist_cls_train/0/33149.png,0
mnist_cls_train/0/49685.png,0
mnist_cls_train/0/37059.png,0
mnist_cls_train/0/37.png,0
mnist_cls_train/0/18178.png,0
mnist_cls_train/0/2404.png,0
mnist_cls_train/0/58386.png,0
mnist_cls_train/0/11973.png,0
mnist_cls_train/0/36829.png,0
mnist_cls_train/0/37497.png,0
mnist_cls_train/0/27343.png,0
mnist_cls_train/0/21789.png,0
mnist_cls_train/0/24828.png,0
mnist_cls_train/0/8273.png,0
mnist_cls_train/0/56161.png,0
mnist_cls_train/0/776.png,0
mnist_cls_train/0/5470.png,0
mnist_cls_train/0/53077.png,0
mnist_cls_train/0/37744.png,0
mnist_cls_train/0/69.png,0
mnist_cls_train/0/38429.png,0
mnist_cls_train/0/6603.png,0
mnist_cls_train/0/24367.png,0
mnist_cls_train/0/51041.png,0
mnist_cls_train/0/30300.png,0
mnist_cls_train/0/24343.png,0
mnist_cls_train/0/4465.png,0
mnist_cls_train/0/43549.png,0
mnist_cls_train/0/21029.png,0
mnist_cls_train/0/5469.png,0
mnist_cls_train/0/1372.png,0
mnist_cls_train/0/30044.png,0
mnist_cls_train/0/8354.png,0
mnist_cls_train/0/28910.png,0
mnist_cls_train/0/31969.png,0
mnist_cls_train/0/48274.png,0
mnist_cls_train/0/14165.png,0
mnist_cls_train/0/1000.png,0
mnist_cls_train/0/56766.png,0
mnist_cls_train/0/47552.png,0
mnist_cls_train/0/45383.png,0
mnist_cls_train/0/35959.png,0
mnist_cls_train/0/48631.png,0
mnist_cls_train/0/22749.png,0
mnist_cls_train/0/54967.png,0
mnist_cls_train/0/33136.png,0
mnist_cls_train/0/8533.png,0
mnist_cls_train/0/39175.png,0
mnist_cls_train/0/12004.png,0
mnist_cls_train/0/32237.png,0
mnist_cls_train/0/21809.png,0
mnist_cls_train/0/31445.png,0
mnist_cls_train/0/12516.png,0
mnist_cls_train/0/30439.png,0
mnist_cls_train/0/21721.png,0
mnist_cls_train/0/43229.png,0
mnist_cls_train/0/11848.png,0
mnist_cls_train/0/5074.png,0
mnist_cls_train/0/33111.png,0
mnist_cls_train/0/13335.png,0
mnist_cls_train/0/34237.png,0
mnist_cls_train/0/12095.png,0
mnist_cls_train/0/12837.png,0
mnist_cls_train/0/25167.png,0
mnist_cls_train/0/37714.png,0
mnist_cls_train/0/15491.png,0
mnist_cls_train/0/21097.png,0
mnist_cls_train/0/30948.png,0
mnist_cls_train/0/28202.png,0
mnist_cls_train/0/56163.png,0
mnist_cls_train/0/39624.png,0
mnist_cls_train/0/34037.png,0
mnist_cls_train/0/27332.png,0
mnist_cls_train/0/44208.png,0
mnist_cls_train/0/2191.png,0
mnist_cls_train/0/58916.png,0
mnist_cls_train/0/40173.png,0
mnist_cls_train/0/37043.png,0
mnist_cls_train/0/21216.png,0
mnist_cls_train/0/7272.png,0
mnist_cls_train/0/22441.png,0
mnist_cls_train/0/38696.png,0
mnist_cls_train/0/40390.png,0
mnist_cls_train/0/10384.png,0
mnist_cls_train/0/31476.png,0
mnist_cls_train/0/31785.png,0
mnist_cls_train/0/42275.png,0
mnist_cls_train/0/3248.png,0
mnist_cls_train/0/55130.png,0
mnist_cls_train/0/30363.png,0
mnist_cls_train/0/54371.png,0
mnist_cls_train/0/13155.png,0
mnist_cls_train/0/889.png,0
mnist_cls_train/0/27281.png,0
mnist_cls_train/0/28186.png,0
mnist_cls_train/0/43045.png,0
mnist_cls_train/0/38949.png,0
mnist_cls_train/0/18412.png,0
mnist_cls_train/0/25932.png,0
mnist_cls_train/0/45418.png,0
mnist_cls_train/0/5462.png,0
mnist_cls_train/0/39944.png,0
mnist_cls_train/0/7004.png,0
mnist_cls_train/0/1377.png,0
mnist_cls_train/0/55646.png,0
mnist_cls_train/0/21372.png,0
mnist_cls_train/0/42294.png,0
mnist_cls_train/0/7466.png,0
mnist_cls_train/0/25497.png,0
mnist_cls_train/0/24151.png,0
mnist_cls_train/0/15530.png,0
mnist_cls_train/0/48602.png,0
mnist_cls_train/0/9934.png,0
mnist_cls_train/0/13719.png,0
mnist_cls_train/0/34355.png,0
mnist_cls_train/0/28809.png,0
mnist_cls_train/0/57201.png,0
mnist_cls_train/0/31138.png,0
mnist_cls_train/0/45769.png,0
mnist_cls_train/0/3876.png,0
mnist_cls_train/0/22691.png,0
mnist_cls_train/0/53355.png,0
mnist_cls_train/0/39890.png,0
mnist_cls_train/0/10689.png,0
mnist_cls_train/0/23728.png,0
mnist_cls_train/0/50566.png,0
mnist_cls_train/0/35064.png,0
mnist_cls_train/0/49853.png,0
mnist_cls_train/0/10203.png,0
mnist_cls_train/0/5665.png,0
mnist_cls_train/0/20911.png,0
mnist_cls_train/0/49971.png,0
mnist_cls_train/0/709.png,0
mnist_cls_train/0/15445.png,0
mnist_cls_train/0/31392.png,0
mnist_cls_train/0/787.png,0
mnist_cls_train/0/56176.png,0
mnist_cls_train/0/29540.png,0
mnist_cls_train/0/462.png,0
mnist_cls_train/0/4216.png,0
mnist_cls_train/0/54445.png,0
mnist_cls_train/0/28357.png,0
mnist_cls_train/0/5541.png,0
mnist_cls_train/0/8309.png,0
mnist_cls_train/0/15868.png,0
mnist_cls_train/1/6617.png,1
mnist_cls_train/1/40823.png,1
mnist_cls_train/1/41248.png,1
mnist_cls_train/1/34080.png,1
mnist_cls_train/1/16259.png,1
mnist_cls_train/1/9507.png,1
mnist_cls_train/1/47904.png,1
mnist_cls_train/1/38388.png,1
mnist_cls_train/1/51876.png,1
mnist_cls_train/1/32079.png,1
mnist_cls_train/1/21364.png,1
mnist_cls_train/1/1910.png,1
mnist_cls_train/1/8185.png,1
mnist_cls_train/1/17240.png,1
mnist_cls_train/1/21196.png,1
mnist_cls_train/1/13297.png,1
mnist_cls_train/1/3763.png,1
mnist_cls_train/1/1238.png,1
mnist_cls_train/1/15154.png,1
mnist_cls_train/1/29403.png,1
mnist_cls_train/1/31843.png,1
mnist_cls_train/1/6135.png,1
mnist_cls_train/1/59052.png,1
mnist_cls_train/1/44183.png,1
mnist_cls_train/1/3430.png,1
mnist_cls_train/1/9121.png,1
mnist_cls_train/1/19486.png,1
mnist_cls_train/1/18760.png,1
mnist_cls_train/1/21281.png,1
mnist_cls_train/1/7424.png,1
mnist_cls_train/1/35197.png,1
mnist_cls_train/1/34513.png,1
mnist_cls_train/1/21767.png,1
mnist_cls_train/1/17748.png,1
mnist_cls_train/1/57505.png,1
mnist_cls_train/1/13213.png,1
mnist_cls_train/1/45677.png,1
mnist_cls_train/1/45502.png,1
mnist_cls_train/1/33918.png,1
mnist_cls_train/1/50158.png,1
mnist_cls_train/1/53899.png,1
mnist_cls_train/1/53664.png,1
mnist_cls_train/1/36108.png,1
mnist_cls_train/1/14698.png,1
mnist_cls_train/1/3230.png,1
mnist_cls_train/1/28019.png,1
mnist_cls_train/1/33457.png,1
mnist_cls_train/1/24368.png,1
mnist_cls_train/1/48461.png,1
mnist_cls_train/1/18482.png,1
mnist_cls_train/1/38424.png,1
mnist_cls_train/1/1002.png,1
mnist_cls_train/1/30963.png,1
mnist_cls_train/1/59199.png,1
mnist_cls_train/1/1607.png,1
mnist_cls_train/1/28245.png,1
mnist_cls_train/1/45579.png,1
mnist_cls_train/1/16932.png,1
mnist_cls_train/1/34588.png,1
mnist_cls_train/1/36831.png,1
mnist_cls_train/1/41879.png,1
mnist_cls_train/1/30684.png,1
mnist_cls_train/1/32814.png,1
mnist_cls_train/1/54533.png,1
mnist_cls_train/1/3800.png,1
mnist_cls_train/1/49786.png,1
mnist_cls_train/1/13636.png,1
mnist_cls_train/1/55574.png,1
mnist_cls_train/1/18163.png,1
mnist_cls_train/1/29532.png,1
mnist_cls_train/1/17960.png,1
mnist_cls_train/1/43980.png,1
mnist_cls_train/1/50356.png,1
mnist_cls_train/1/17538.png,1
mnist_cls_train/1/17637.png,1
mnist_cls_train/1/25785.png,1
mnist_cls_train/1/59033.png,1
mnist_cls_train/1/57906.png,1
mnist_cls_train/1/39830.png,1
mnist_cls_train/1/59488.png,1
mnist_cls_train/1/58486.png,1
mnist_cls_train/1/23921.png,1
mnist_cls_train/1/56576.png,1
mnist_cls_train/1/37564.png,1
mnist_cls_train/1/8331.png,1
mnist_cls_train/1/26429.png,1
mnist_cls_train/1/28979.png,1
mnist_cls_train/1/15356.png,1
mnist_cls_train/1/42348.png,1
mnist_cls_train/1/18286.png,1
mnist_cls_train/1/44158.png,1
mnist_cls_train/1/56980.png,1
mnist_cls_train/1/59010.png,1
mnist_cls_train/1/29288.png,1
mnist_cls_train/1/31365.png,1
mnist_cls_train/1/30940.png,1
mnist_cls_train/1/45197.png,1
mnist_cls_train/1/26772.png,1
mnist_cls_train/1/15548.png,1
mnist_cls_train/1/48845.png,1
mnist_cls_train/1/56511.png,1
mnist_cls_train/1/15435.png,1
mnist_cls_train/1/54143.png,1
mnist_cls_train/1/20691.png,1
mnist_cls_train/1/52187.png,1
mnist_cls_train/1/55000.png,1
mnist_cls_train/1/2563.png,1
mnist_cls_train/1/19091.png,1
mnist_cls_train/1/25697.png,1
mnist_cls_train/1/36288.png,1
mnist_cls_train/1/14948.png,1
mnist_cls_train/1/25696.png,1
mnist_cls_train/1/23318.png,1
mnist_cls_train/1/29407.png,1
mnist_cls_train/1/20046.png,1
mnist_cls_train/1/2688.png,1
mnist_cls_train/1/102.png,1
mnist_cls_train/1/27604.png,1
mnist_cls_train/1/45989.png,1
mnist_cls_train/1/59266.png,1
mnist_cls_train/1/36098.png,1
mnist_cls_train/1/5425.png,1
mnist_cls_train/1/4696.png,1
mnist_cls_train/1/25003.png,1
mnist_cls_train/1/26925.png,1
mnist_cls_train/1/11504.png,1
mnist_cls_train/1/23097.png,1
mnist_cls_train/1/5842.png,1
mnist_cls_train/1/3675.png,1
mnist_cls_train/1/56273.png,1
mnist_cls_train/1/11809.png,1
mnist_cls_train/1/27242.png,1
mnist_cls_train/1/24895.png,1
mnist_cls_train/1/31134.png,1
mnist_cls_train/1/36448.png,1
mnist_cls_train/1/22466.png,1
mnist_cls_train/1/47097.png,1
mnist_cls_train/1/5054.png,1
mnist_cls_train/1/11608.png,1
mnist_cls_train/1/45803.png,1
mnist_cls_train/1/56714.png,1
mnist_cls_train/1/32245.png,1
mnist_cls_train/1/42786.png,1
mnist_cls_train/1/19640.png,1
mnist_cls_train/1/58198.png,1
mnist_cls_train/1/394.png,1
mnist_cls_train/1/43577.png,1
mnist_cls_train/1/28405.png,1
mnist_cls_train/1/46015.png,1
mnist_cls_train/1/40201.png,1
mnist_cls_train/1/408.png,1
mnist_cls_train/1/42834.png,1
mnist_cls_train/1/52811.png,1
mnist_cls_train/1/57069.png,1
mnist_cls_train/1/27124.png,1
mnist_cls_train/1/4333.png,1
mnist_cls_train/1/45855.png,1
mnist_cls_train/1/15885.png,1
mnist_cls_train/1/40263.png,1
mnist_cls_train/1/58806.png,1
mnist_cls_train/1/59044.png,1
mnist_cls_train/1/25600.png,1
mnist_cls_train/1/12041.png,1
mnist_cls_train/1/40438.png,1
mnist_cls_train/1/36509.png,1
mnist_cls_train/1/14753.png,1
mnist_cls_train/1/2811.png,1
mnist_cls_train/1/18409.png,1
mnist_cls_train/1/54384.png,1
mnist_cls_train/1/4029.png,1
mnist_cls_train/1/16475.png,1
mnist_cls_train/1/13884.png,1
mnist_cls_train/1/4561.png,1
mnist_cls_train/1/50055.png,1
mnist_cls_train/1/24863.png,1
mnist_cls_train/1/36410.png,1
mnist_cls_train/1/15300.png,1
mnist_cls_train/1/4049.png,1
mnist_cls_train/1/41526.png,1
mnist_cls_train/1/779.png,1
mnist_cls_train/1/50062.png,1
mnist_cls_train/1/31901.png,1
mnist_cls_train/1/30649.png,1
mnist_cls_train/1/55279.png,1
mnist_cls_train/1/15838.png,1
mnist_cls_train/1/54946.png,1
mnist_cls_train/1/7632.png,1
mnist_cls_train/1/13574.png,1
mnist_cls_train/1/16130.png,1
mnist_cls_train/1/9981.png,1
mnist_cls_train/1/57684.png,1
mnist_cls_train/1/4524.png,1
mnist_cls_train/1/36265.png,1
mnist_cls_train/1/39652.png,1
mnist_cls_train/1/28793.png,1
mnist_cls_train/1/8574.png,1
mnist_cls_train/1/17130.png,1
mnist_cls_train/1/40999.png,1
mnist_cls_train/1/35359.png,1
mnist_cls_train/1/58576.png,1
mnist_cls_train/1/48844.png,1
mnist_cls_train/1/46747.png,1
mnist_cls_train/1/41859.png,1
mnist_cls_train/1/49042.png,1
mnist_cls_train/1/2547.png,1
mnist_cls_train/1/30194.png,1
mnist_cls_train/1/47817.png,1
mnist_cls_train/1/49610.png,1
mnist_cls_train/1/1003.png,1
mnist_cls_train/1/22095.png,1
mnist_cls_train/1/2374.png,1
mnist_cls_train/1/57579.png,1
mnist_cls_train/1/37014.png,1
mnist_cls_train/1/20052.png,1
mnist_cls_train/1/2977.png,1
mnist_cls_train/1/11604.png,1
mnist_cls_train/1/37290.png,1
mnist_cls_train/1/33558.png,1
mnist_cls_train/1/35436.png,1
mnist_cls_train/1/52963.png,1
mnist_cls_train/1/3628.png,1
mnist_cls_train/1/39095.png,1
mnist_cls_train/1/23059.png,1
mnist_cls_train/1/22748.png,1
mnist_cls_train/1/26717.png,1
mnist_cls_train/1/42179.png,1
mnist_cls_train/1/26812.png,1
mnist_cls_train/1/32446.png,1
mnist_cls_train/1/56456.png,1
mnist_cls_train/1/54061.png,1
mnist_cls_train/1/6020.png,1
mnist_cls_train/1/780.png,1
mnist_cls_train/1/25822.png,1
mnist_cls_train/1/40716.png,1
mnist_cls_train/1/46840.png,1
mnist_cls_train/1/41193.png,1
mnist_cls_train/1/8529.png,1
mnist_cls_train/1/12932.png,1
mnist_cls_train/1/25687.png,1
mnist_cls_train/1/6247.png,1
mnist_cls_train/1/48513.png,1
mnist_cls_train/1/29715.png,1
mnist_cls_train/1/56764.png,1
mnist_cls_train/1/9550.png,1
mnist_cls_train/1/36633.png,1
mnist_cls_train/1/52120.png,1
mnist_cls_train/1/9562.png,1
mnist_cls_train/1/57094.png,1
mnist_cls_train/1/17402.png,1
mnist_cls_train/1/47216.png,1
mnist_cls_train/1/1259.png,1
mnist_cls_train/1/20018.png,1
mnist_cls_train/1/19652.png,1
mnist_cls_train/1/18640.png,1
mnist_cls_train/1/23390.png,1
mnist_cls_train/1/53177.png,1
mnist_cls_train/1/1839.png,1
mnist_cls_train/1/4970.png,1
mnist_cls_train/1/52088.png,1
mnist_cls_train/1/31406.png,1
mnist_cls_train/1/309.png,1
mnist_cls_train/1/8895.png,1
mnist_cls_train/1/51833.png,1
mnist_cls_train/1/37182.png,1
mnist_cls_train/1/24580.png,1
mnist_cls_train/1/9930.png,1
mnist_cls_train/1/53448.png,1
mnist_cls_train/1/24136.png,1
mnist_cls_train/1/22928.png,1
mnist_cls_train/1/49961.png,1
mnist_cls_train/1/18863.png,1
mnist_cls_train/1/36276.png,1
mnist_cls_train/1/14964.png,1
mnist_cls_train/1/7656.png,1
mnist_cls_train/1/32449.png,1
mnist_cls_train/1/871.png,1
mnist_cls_train/1/28411.png,1
mnist_cls_train/1/41360.png,1
mnist_cls_train/1/38868.png,1
mnist_cls_train/1/39717.png,1
mnist_cls_train/1/48119.png,1
mnist_cls_train/1/3068.png,1
mnist_cls_train/1/10667.png,1
mnist_cls_train/1/22892.png,1
mnist_cls_train/1/38897.png,1
mnist_cls_train/1/33416.png,1
mnist_cls_train/1/5301.png,1
mnist_cls_train/1/53849.png,1
mnist_cls_train/1/42932.png,1
mnist_cls_train/1/5520.png,1
mnist_cls_train/1/21601.png,1
mnist_cls_train/1/29428.png,1
mnist_cls_train/1/7169.png,1
mnist_cls_train/1/5760.png,1
mnist_cls_train/1/46984.png,1
mnist_cls_train/1/45627.png,1
mnist_cls_train/1/54182.png,1
mnist_cls_train/1/30721.png,1
mnist_cls_train/1/19735.png,1
mnist_cls_train/1/50063.png,1
mnist_cls_train/1/40058.png,1
mnist_cls_train/1/11371.png,1
mnist_cls_train/1/58926.png,1
mnist_cls_train/1/41467.png,1
mnist_cls_train/1/16713.png,1
mnist_cls_train/1/29430.png,1
mnist_cls_train/1/44317.png,1
mnist_cls_train/1/28901.png,1
mnist_cls_train/1/43836.png,1
mnist_cls_train/1/47434.png,1
mnist_cls_train/1/9579.png,1
mnist_cls_train/1/28238.png,1
mnist_cls_train/1/20674.png,1
mnist_cls_train/1/49118.png,1
mnist_cls_train/1/10257.png,1
mnist_cls_train/1/41839.png,1
mnist_cls_train/1/24782.png,1
mnist_cls_train/1/18019.png,1
mnist_cls_train/1/19884.png,1
mnist_cls_train/1/19136.png,1
mnist_cls_train/1/51110.png,1
mnist_cls_train/1/25036.png,1
mnist_cls_train/1/28970.png,1
mnist_cls_train/1/58234.png,1
mnist_cls_train/1/28153.png,1
mnist_cls_train/1/57310.png,1
mnist_cls_train/1/25899.png,1
mnist_cls_train/1/57170.png,1
mnist_cls_train/1/4953.png,1
mnist_cls_train/1/587.png,1
mnist_cls_train/1/57948.png,1
mnist_cls_train/1/22776.png,1
mnist_cls_train/1/8836.png,1
mnist_cls_train/1/18235.png,1
mnist_cls_train/1/45651.png,1
mnist_cls_train/1/49440.png,1
mnist_cls_train/1/13648.png,1
mnist_cls_train/1/7221.png,1
mnist_cls_train/1/35244.png,1
mnist_cls_train/1/42859.png,1
mnist_cls_train/1/27329.png,1
mnist_cls_train/1/28718.png,1
mnist_cls_train/1/33045.png,1
mnist_cls_train/1/42404.png,1
mnist_cls_train/1/41333.png,1
mnist_cls_train/1/2202.png,1
mnist_cls_train/1/57830.png,1
mnist_cls_train/1/20845.png,1
mnist_cls_train/1/29068.png,1
mnist_cls_train/1/52758.png,1
mnist_cls_train/1/31908.png,1
mnist_cls_train/1/21391.png,1
mnist_cls_train/1/36164.png,1
mnist_cls_train/1/46304.png,1
mnist_cls_train/1/14345.png,1
mnist_cls_train/1/16447.png,1
mnist_cls_train/1/49943.png,1
mnist_cls_train/1/24771.png,1
mnist_cls_train/1/43705.png,1
mnist_cls_train/1/20132.png,1
mnist_cls_train/1/5351.png,1
mnist_cls_train/1/8625.png,1
mnist_cls_train/1/48645.png,1
mnist_cls_train/1/2876.png,1
mnist_cls_train/1/13296.png,1
mnist_cls_train/1/31727.png,1
mnist_cls_train/1/39957.png,1
mnist_cls_train/1/50465.png,1
mnist_cls_train/1/10420.png,1
mnist_cls_train/1/6186.png,1
mnist_cls_train/1/27354.png,1
mnist_cls_train/1/42999.png,1
mnist_cls_train/1/11508.png,1
mnist_cls_train/1/23665.png,1
mnist_cls_train/1/25786.png,1
mnist_cls_train/1/25307.png,1
mnist_cls_train/1/14929.png,1
mnist_cls_train/1/6277.png,1
mnist_cls_train/1/38141.png,1
mnist_cls_train/1/23473.png,1
mnist_cls_train/1/45433.png,1
mnist_cls_train/1/56123.png,1
mnist_cls_train/1/50493.png,1
mnist_cls_train/1/52745.png,1
mnist_cls_train/1/56772.png,1
mnist_cls_train/1/8704.png,1
mnist_cls_train/1/50600.png,1
mnist_cls_train/1/30270.png,1
mnist_cls_train/1/36380.png,1
mnist_cls_train/1/38305.png,1
mnist_cls_train/1/18384.png,1
mnist_cls_train/1/8760.png,1
mnist_cls_train/1/38415.png,1
mnist_cls_train/1/22896.png,1
mnist_cls_train/1/17885.png,1
mnist_cls_train/1/35414.png,1
mnist_cls_train/1/45996.png,1
mnist_cls_train/1/45032.png,1
mnist_cls_train/1/35328.png,1
mnist_cls_train/1/25524.png,1
mnist_cls_train/1/26746.png,1
mnist_cls_train/1/12323.png,1
mnist_cls_train/1/14221.png,1
mnist_cls_train/1/18940.png,1
mnist_cls_train/1/57855.png,1
mnist_cls_train/1/43652.png,1
mnist_cls_train/1/12459.png,1
mnist_cls_train/1/55621.png,1
mnist_cls_train/1/15099.png,1
mnist_cls_train/1/26492.png,1
mnist_cls_train/1/39512.png,1
mnist_cls_train/1/42716.png,1
mnist_cls_train/1/6082.png,1
mnist_cls_train/1/9350.png,1
mnist_cls_train/1/47905.png,1
mnist_cls_train/1/18389.png,1
mnist_cls_train/1/16121.png,1
mnist_cls_train/1/41884.png,1
mnist_cls_train/1/40525.png,1
mnist_cls_train/1/19446.png,1
mnist_cls_train/1/5006.png,1
mnist_cls_train/1/40380.png,1
mnist_cls_train/1/4790.png,1
mnist_cls_train/1/11236.png,1
mnist_cls_train/1/1069.png,1
mnist_cls_train/1/34141.png,1
mnist_cls_train/1/22689.png,1
mnist_cls_train/1/12209.png,1
mnist_cls_train/1/17243.png,1
mnist_cls_train/1/26539.png,1
mnist_cls_train/1/46103.png,1
mnist_cls_train/1/5749.png,1
mnist_cls_train/1/53518.png,1
mnist_cls_train/1/34158.png,1
mnist_cls_train/1/43708.png,1
mnist_cls_train/1/31420.png,1
mnist_cls_train/1/49852.png,1
mnist_cls_train/1/19598.png,1
mnist_cls_train/1/37513.png,1
mnist_cls_train/1/5630.png,1
mnist_cls_train/1/44269.png,1
mnist_cls_train/1/14821.png,1
mnist_cls_train/1/46225.png,1
mnist_cls_train/1/14427.png,1
mnist_cls_train/1/10615.png,1
mnist_cls_train/1/3440.png,1
mnist_cls_train/1/36368.png,1
mnist_cls_train/1/10852.png,1
mnist_cls_train/1/46006.png,1
mnist_cls_train/1/35774.png,1
mnist_cls_train/1/961.png,1
mnist_cls_train/1/14860.png,1
mnist_cls_train/1/6654.png,1
mnist_cls_train/1/44800.png,1
mnist_cls_train/1/30261.png,1
mnist_cls_train/1/52887.png,1
mnist_cls_train/1/34467.png,1
mnist_cls_train/1/46782.png,1
mnist_cls_train/1/15451.png,1
mnist_cls_train/1/39049.png,1
mnist_cls_train/1/38311.png,1
mnist_cls_train/1/36373.png,1
mnist_cls_train/1/9288.png,1
mnist_cls_train/1/55358.png,1
mnist_cls_train/1/27558.png,1
mnist_cls_train/1/42644.png,1
mnist_cls_train/1/35009.png,1
mnist_cls_train/1/57722.png,1
mnist_cls_train/1/9697.png,1
mnist_cls_train/1/951.png,1
mnist_cls_train/1/14293.png,1
mnist_cls_train/1/45537.png,1
mnist_cls_train/1/18196.png,1
mnist_cls_train/1/6303.png,1
mnist_cls_train/1/25322.png,1
mnist_cls_train/1/43007.png,1
mnist_cls_train/1/23614.png,1
mnist_cls_train/1/52675.png,1
mnist_cls_train/1/29897.png,1
mnist_cls_train/1/49245.png,1
mnist_cls_train/1/47360.png,1
mnist_cls_train/1/39300.png,1
mnist_cls_train/1/1192.png,1
mnist_cls_train/1/48956.png,1
mnist_cls_train/1/16087.png,1
mnist_cls_train/1/46855.png,1
mnist_cls_train/1/51169.png,1
mnist_cls_train/1/2619.png,1
mnist_cls_train/1/50501.png,1
mnist_cls_train/1/19096.png,1
mnist_cls_train/1/3602.png,1
mnist_cls_train/1/30218.png,1
mnist_cls_train/1/45650.png,1
mnist_cls_train/1/59586.png,1
mnist_cls_train/1/23576.png,1
mnist_cls_train/1/2316.png,1
mnist_cls_train/1/55939.png,1
mnist_cls_train/1/8.png,1
mnist_cls_train/1/49860.png,1
mnist_cls_train/1/38824.png,1
mnist_cls_train/1/36992.png,1
mnist_cls_train/1/41409.png,1
mnist_cls_train/1/12811.png,1
mnist_cls_train/1/50751.png,1
mnist_cls_train/1/18444.png,1
mnist_cls_train/1/45075.png,1
mnist_cls_train/1/33949.png,1
mnist_cls_train/1/42380.png,1
mnist_cls_train/1/33935.png,1
mnist_cls_train/1/29215.png,1
mnist_cls_train/1/36141.png,1
mnist_cls_train/1/32890.png,1
mnist_cls_train/1/4405.png,1
mnist_cls_train/1/24996.png,1
mnist_cls_train/1/57715.png,1
mnist_cls_train/1/17438.png,1
mnist_cls_train/1/21054.png,1
mnist_cls_train/1/49932.png,1
mnist_cls_train/1/53687.png,1
mnist_cls_train/1/27205.png,1
mnist_cls_train/1/27159.png,1
mnist_cls_train/1/14149.png,1
mnist_cls_train/1/45087.png,1
mnist_cls_train/1/51900.png,1
mnist_cls_train/1/53761.png,1
mnist_cls_train/1/16148.png,1
mnist_cls_train/1/31001.png,1
mnist_cls_train/1/12647.png,1
mnist_cls_train/1/18229.png,1
mnist_cls_train/1/39977.png,1
mnist_cls_train/1/38591.png,1
mnist_cls_train/1/15865.png,1
mnist_cls_train/1/54614.png,1
mnist_cls_train/1/46547.png,1
mnist_cls_train/1/4772.png,1
mnist_cls_train/1/41195.png,1
mnist_cls_train/1/54417.png,1
mnist_cls_train/1/10293.png,1
mnist_cls_train/1/24536.png,1
mnist_cls_train/1/56605.png,1
mnist_cls_train/1/31307.png,1
mnist_cls_train/1/20237.png,1
mnist_cls_train/1/22214.png,1
mnist_cls_train/1/1535.png,1
mnist_cls_train/1/366.png,1
mnist_cls_train/1/7746.png,1
mnist_cls_train/1/13631.png,1
mnist_cls_train/1/41205.png,1
mnist_cls_train/1/2731.png,1
mnist_cls_train/1/28244.png,1
mnist_cls_train/1/23841.png,1
mnist_cls_train/1/12145.png,1
mnist_cls_train/1/55524.png,1
mnist_cls_train/1/20232.png,1
mnist_cls_train/1/36924.png,1
mnist_cls_train/1/443.png,1
mnist_cls_train/1/25779.png,1
mnist_cls_train/1/16086.png,1
mnist_cls_train/1/35514.png,1
mnist_cls_train/1/8095.png,1
mnist_cls_train/1/47338.png,1
mnist_cls_train/1/11134.png,1
mnist_cls_train/1/1977.png,1
mnist_cls_train/1/16076.png,1
mnist_cls_train/1/1697.png,1
mnist_cls_train/1/29480.png,1
mnist_cls_train/1/41237.png,1
mnist_cls_train/1/29088.png,1
mnist_cls_train/1/14942.png,1
mnist_cls_train/1/30303.png,1
mnist_cls_train/1/25794.png,1
mnist_cls_train/1/43269.png,1
mnist_cls_train/1/27013.png,1
mnist_cls_train/1/46437.png,1
mnist_cls_train/1/51539.png,1
mnist_cls_train/1/17171.png,1
mnist_cls_train/1/59149.png,1
mnist_cls_train/1/42102.png,1
mnist_cls_train/1/30427.png,1
mnist_cls_train/1/23543.png,1
mnist_cls_train/1/10602.png,1
mnist_cls_train/1/27759.png,1
mnist_cls_train/1/19070.png,1
mnist_cls_train/1/46107.png,1
mnist_cls_train/1/17032.png,1
mnist_cls_train/1/49878.png,1
mnist_cls_train/1/53521.png,1
mnist_cls_train/1/5234.png,1
mnist_cls_train/1/11107.png,1
mnist_cls_train/1/58586.png,1
mnist_cls_train/1/18421.png,1
mnist_cls_train/1/28583.png,1
mnist_cls_train/1/53816.png,1
mnist_cls_train/1/572.png,1
mnist_cls_train/1/42531.png,1
mnist_cls_train/1/3593.png,1
mnist_cls_train/1/36422.png,1
mnist_cls_train/1/33332.png,1
mnist_cls_train/1/4865.png,1
mnist_cls_train/1/33012.png,1
mnist_cls_train/1/55505.png,1
mnist_cls_train/1/33516.png,1
mnist_cls_train/1/56384.png,1
mnist_cls_train/1/25606.png,1
mnist_cls_train/1/52961.png,1
mnist_cls_train/1/28736.png,1
mnist_cls_train/1/42510.png,1
mnist_cls_train/1/15034.png,1
mnist_cls_train/1/48040.png,1
mnist_cls_train/1/57673.png,1
mnist_cls_train/1/30129.png,1
mnist_cls_train/1/3226.png,1
mnist_cls_train/1/53792.png,1
mnist_cls_train/1/59738.png,1
mnist_cls_train/1/19323.png,1
mnist_cls_train/1/59460.png,1
mnist_cls_train/1/54825.png,1
mnist_cls_train/1/16509.png,1
mnist_cls_train/1/16278.png,1
mnist_cls_train/1/55286.png,1
mnist_cls_train/1/58561.png,1
mnist_cls_train/1/6859.png,1
mnist_cls_train/1/44891.png,1
mnist_cls_train/1/47697.png,1
mnist_cls_train/1/20461.png,1
mnist_cls_train/1/8348.png,1
mnist_cls_train/1/21220.png,1
mnist_cls_train/1/49068.png,1
mnist_cls_train/1/27582.png,1
mnist_cls_train/1/24848.png,1
mnist_cls_train/1/2505.png,1
mnist_cls_train/1/10058.png,1
mnist_cls_train/1/19090.png,1
mnist_cls_train/1/32534.png,1
mnist_cls_train/1/41104.png,1
mnist_cls_train/1/57647.png,1
mnist_cls_train/1/20058.png,1
mnist_cls_train/1/24405.png,1
mnist_cls_train/1/58909.png,1
mnist_cls_train/1/44151.png,1
mnist_cls_train/1/35777.png,1
mnist_cls_train/1/5073.png,1
mnist_cls_train/1/53058.png,1
mnist_cls_train/1/18176.png,1
mnist_cls_train/1/41858.png,1
mnist_cls_train/1/55609.png,1
mnist_cls_train/1/17418.png,1
mnist_cls_train/1/25436.png,1
mnist_cls_train/1/20506.png,1
mnist_cls_train/1/44431.png,1
mnist_cls_train/1/55267.png,1
mnist_cls_train/1/29773.png,1
mnist_cls_train/1/24322.png,1
mnist_cls_train/1/32326.png,1
mnist_cls_train/1/22475.png,1
mnist_cls_train/1/40314.png,1
mnist_cls_train/1/14986.png,1
mnist_cls_train/1/48261.png,1
mnist_cls_train/1/41419.png,1
mnist_cls_train/1/57410.png,1
mnist_cls_train/1/34725.png,1
mnist_cls_train/1/3379.png,1
mnist_cls_train/1/4435.png,1
mnist_cls_train/1/10803.png,1
mnist_cls_train/1/4390.png,1
mnist_cls_train/1/27034.png,1
mnist_cls_train/1/7022.png,1
mnist_cls_train/1/24293.png,1
mnist_cls_train/1/41567.png,1
mnist_cls_train/1/11342.png,1
mnist_cls_train/1/18304.png,1
mnist_cls_train/1/52143.png,1
mnist_cls_train/1/53394.png,1
mnist_cls_train/1/4286.png,1
mnist_cls_train/1/33652.png,1
mnist_cls_train/1/50608.png,1
mnist_cls_train/1/33462.png,1
mnist_cls_train/1/18993.png,1
mnist_cls_train/1/43583.png,1
mnist_cls_train/1/46240.png,1
mnist_cls_train/1/19613.png,1
mnist_cls_train/1/56490.png,1
mnist_cls_train/1/49167.png,1
mnist_cls_train/1/41623.png,1
mnist_cls_train/1/32158.png,1
mnist_cls_train/1/27895.png,1
mnist_cls_train/1/16287.png,1
mnist_cls_train/1/35798.png,1
mnist_cls_train/1/9312.png,1
mnist_cls_train/1/46199.png,1
mnist_cls_train/1/40561.png,1
mnist_cls_train/1/59354.png,1
mnist_cls_train/1/48041.png,1
mnist_cls_train/1/6554.png,1
mnist_cls_train/1/11395.png,1
mnist_cls_train/1/29451.png,1
mnist_cls_train/1/18656.png,1
mnist_cls_train/1/42351.png,1
mnist_cls_train/1/6209.png,1
mnist_cls_train/1/40147.png,1
mnist_cls_train/1/37378.png,1
mnist_cls_train/1/15026.png,1
mnist_cls_train/1/10267.png,1
mnist_cls_train/1/809.png,1
mnist_cls_train/1/56338.png,1
mnist_cls_train/1/5570.png,1
mnist_cls_train/1/747.png,1
mnist_cls_train/1/32034.png,1
mnist_cls_train/1/18853.png,1
mnist_cls_train/1/59984.png,1
mnist_cls_train/1/14995.png,1
mnist_cls_train/1/30711.png,1
mnist_cls_train/1/29658.png,1
mnist_cls_train/1/27590.png,1
mnist_cls_train/1/25876.png,1
mnist_cls_train/1/21498.png,1
mnist_cls_train/1/33741.png,1
mnist_cls_train/1/31932.png,1
mnist_cls_train/1/13177.png,1
mnist_cls_train/1/39193.png,1
mnist_cls_train/1/15903.png,1
mnist_cls_train/1/21398.png,1
mnist_cls_train/1/32179.png,1
mnist_cls_train/1/37008.png,1
mnist_cls_train/1/55988.png,1
mnist_cls_train/1/7850.png,1
mnist_cls_train/1/59919.png,1
mnist_cls_train/1/51540.png,1
mnist_cls_train/1/29227.png,1
mnist_cls_train/1/40971.png,1
mnist_cls_train/1/7160.png,1
mnist_cls_train/1/59153.png,1
mnist_cls_train/1/47446.png,1
mnist_cls_train/1/53119.png,1
mnist_cls_train/1/33535.png,1
mnist_cls_train/1/46046.png,1
mnist_cls_train/1/46915.png,1
mnist_cls_train/1/40373.png,1
mnist_cls_train/1/29603.png,1
mnist_cls_train/1/44633.png,1
mnist_cls_train/1/32413.png,1
mnist_cls_train/1/7234.png,1
mnist_cls_train/1/24461.png,1
mnist_cls_train/1/42702.png,1
mnist_cls_train/1/45754.png,1
mnist_cls_train/1/50397.png,1
mnist_cls_train/1/13542.png,1
mnist_cls_train/1/2362.png,1
mnist_cls_train/1/30471.png,1
mnist_cls_train/1/45926.png,1
mnist_cls_train/1/25537.png,1
mnist_cls_train/1/35352.png,1
mnist_cls_train/1/51432.png,1
mnist_cls_train/1/21699.png,1
mnist_cls_train/1/40101.png,1
mnist_cls_train/1/20803.png,1
mnist_cls_train/1/50219.png,1
mnist_cls_train/1/39707.png,1
mnist_cls_train/1/10345.png,1
mnist_cls_train/1/4971.png,1
mnist_cls_train/1/26476.png,1
mnist_cls_train/1/41967.png,1
mnist_cls_train/1/38965.png,1
mnist_cls_train/1/50404.png,1
mnist_cls_train/1/30616.png,1
mnist_cls_train/1/14812.png,1
mnist_cls_train/1/50652.png,1
mnist_cls_train/1/15380.png,1
mnist_cls_train/1/5176.png,1
mnist_cls_train/1/31870.png,1
mnist_cls_train/1/32315.png,1
mnist_cls_train/1/40974.png,1
mnist_cls_train/1/14575.png,1
mnist_cls_train/1/39931.png,1
mnist_cls_train/1/55169.png,1
mnist_cls_train/1/14992.png,1
mnist_cls_train/1/26473.png,1
mnist_cls_train/1/13307.png,1
mnist_cls_train/1/3822.png,1
mnist_cls_train/1/58511.png,1
mnist_cls_train/1/40220.png,1
mnist_cls_train/1/9173.png,1
mnist_cls_train/1/47850.png,1
mnist_cls_train/1/67.png,1
mnist_cls_train/1/36273.png,1
mnist_cls_train/1/23470.png,1
mnist_cls_train/1/34373.png,1
mnist_cls_train/1/52291.png,1
mnist_cls_train/1/25441.png,1
mnist_cls_train/1/1452.png,1
mnist_cls_train/1/27409.png,1
mnist_cls_train/1/55500.png,1
mnist_cls_train/1/38968.png,1
mnist_cls_train/1/59559.png,1
mnist_cls_train/1/2604.png,1
mnist_cls_train/1/41146.png,1
mnist_cls_train/1/21716.png,1
mnist_cls_train/1/40831.png,1
mnist_cls_train/1/17225.png,1
mnist_cls_train/1/56081.png,1
mnist_cls_train/1/17854.png,1
mnist_cls_train/1/37179.png,1
mnist_cls_train/1/9903.png,1
mnist_cls_train/1/26745.png,1
mnist_cls_train/1/41524.png,1
mnist_cls_train/1/26939.png,1
mnist_cls_train/1/25704.png,1
mnist_cls_train/1/46481.png,1
mnist_cls_train/1/29567.png,1
mnist_cls_train/1/15763.png,1
mnist_cls_train/1/12158.png,1
mnist_cls_train/1/41669.png,1
mnist_cls_train/1/11200.png,1
mnist_cls_train/1/2623.png,1
mnist_cls_train/1/12883.png,1
mnist_cls_train/1/30176.png,1
mnist_cls_train/1/8738.png,1
mnist_cls_train/1/37607.png,1
mnist_cls_train/1/30148.png,1
mnist_cls_train/1/49623.png,1
mnist_cls_train/1/35357.png,1
mnist_cls_train/1/54269.png,1
mnist_cls_train/1/37463.png,1
mnist_cls_train/1/10455.png,1
mnist_cls_train/1/48510.png,1
mnist_cls_train/1/36042.png,1
mnist_cls_train/1/1445.png,1
mnist_cls_train/1/22267.png,1
mnist_cls_train/1/52046.png,1
mnist_cls_train/1/36626.png,1
mnist_cls_train/1/50447.png,1
mnist_cls_train/1/50789.png,1
mnist_cls_train/1/19991.png,1
mnist_cls_train/1/45147.png,1
mnist_cls_train/1/224.png,1
mnist_cls_train/1/13001.png,1
mnist_cls_train/1/9332.png,1
mnist_cls_train/1/34412.png,1
mnist_cls_train/1/27572.png,1
mnist_cls_train/1/44724.png,1
mnist_cls_train/1/26747.png,1
mnist_cls_train/1/37305.png,1
mnist_cls_train/1/6229.png,1
mnist_cls_train/1/33663.png,1
mnist_cls_train/1/22025.png,1
mnist_cls_train/1/33374.png,1
mnist_cls_train/1/34241.png,1
mnist_cls_train/1/5675.png,1
mnist_cls_train/1/26250.png,1
mnist_cls_train/1/48458.png,1
mnist_cls_train/1/45290.png,1
mnist_cls_train/1/39288.png,1
mnist_cls_train/1/53842.png,1
mnist_cls_train/1/47118.png,1
mnist_cls_train/1/21272.png,1
mnist_cls_train/1/41959.png,1
mnist_cls_train/1/59036.png,1
mnist_cls_train/1/45858.png,1
mnist_cls_train/1/25268.png,1
mnist_cls_train/1/44109.png,1
mnist_cls_train/1/39905.png,1
mnist_cls_train/1/42026.png,1
mnist_cls_train/1/31787.png,1
mnist_cls_train/1/6745.png,1
mnist_cls_train/1/23749.png,1
mnist_cls_train/1/11229.png,1
mnist_cls_train/1/46159.png,1
mnist_cls_train/1/46461.png,1
mnist_cls_train/1/31537.png,1
mnist_cls_train/1/27684.png,1
mnist_cls_train/1/4137.png,1
mnist_cls_train/1/32559.png,1
mnist_cls_train/1/7921.png,1
mnist_cls_train/1/44899.png,1
mnist_cls_train/1/44493.png,1
mnist_cls_train/1/52552.png,1
mnist_cls_train/1/10885.png,1
mnist_cls_train/1/30140.png,1
mnist_cls_train/1/23498.png,1
mnist_cls_train/1/5963.png,1
mnist_cls_train/1/21921.png,1
mnist_cls_train/1/52359.png,1
mnist_cls_train/1/51149.png,1
mnist_cls_train/1/34590.png,1
mnist_cls_train/1/23.png,1
mnist_cls_train/1/12734.png,1
mnist_cls_train/1/42412.png,1
mnist_cls_train/1/20373.png,1
mnist_cls_train/1/18980.png,1
mnist_cls_train/1/6748.png,1
mnist_cls_train/1/56491.png,1
mnist_cls_train/1/42546.png,1
mnist_cls_train/1/15962.png,1
mnist_cls_train/1/23399.png,1
mnist_cls_train/1/33769.png,1
mnist_cls_train/1/25719.png,1
mnist_cls_train/1/3592.png,1
mnist_cls_train/1/49246.png,1
mnist_cls_train/1/5635.png,1
mnist_cls_train/1/32406.png,1
mnist_cls_train/1/6254.png,1
mnist_cls_train/1/59060.png,1
mnist_cls_train/1/45909.png,1
mnist_cls_train/1/9618.png,1
mnist_cls_train/1/50362.png,1
mnist_cls_train/1/14154.png,1
mnist_cls_train/1/52854.png,1
mnist_cls_train/1/30920.png,1
mnist_cls_train/1/44281.png,1
mnist_cls_train/1/13649.png,1
mnist_cls_train/1/30299.png,1
mnist_cls_train/1/48112.png,1
mnist_cls_train/1/19282.png,1
mnist_cls_train/1/29285.png,1
mnist_cls_train/1/50016.png,1
mnist_cls_train/1/39451.png,1
mnist_cls_train/1/49837.png,1
mnist_cls_train/1/38736.png,1
mnist_cls_train/1/1700.png,1
mnist_cls_train/1/22158.png,1
mnist_cls_train/1/12038.png,1
mnist_cls_train/1/25937.png,1
mnist_cls_train/1/3331.png,1
mnist_cls_train/1/4066.png,1
mnist_cls_train/1/51252.png,1
mnist_cls_train/1/16014.png,1
mnist_cls_train/1/37038.png,1
mnist_cls_train/1/49499.png,1
mnist_cls_train/1/11360.png,1
mnist_cls_train/1/48127.png,1
mnist_cls_train/1/43349.png,1
mnist_cls_train/1/29986.png,1
mnist_cls_train/1/14585.png,1
mnist_cls_train/1/26142.png,1
mnist_cls_train/1/33124.png,1
mnist_cls_train/1/38532.png,1
mnist_cls_train/1/18886.png,1
mnist_cls_train/1/33091.png,1
mnist_cls_train/1/42393.png,1
mnist_cls_train/1/48592.png,1
mnist_cls_train/1/14417.png,1
mnist_cls_train/1/31332.png,1
mnist_cls_train/1/23954.png,1
mnist_cls_train/1/52868.png,1
mnist_cls_train/1/21401.png,1
mnist_cls_train/1/10239.png,1
mnist_cls_train/1/40482.png,1
mnist_cls_train/1/27737.png,1
mnist_cls_train/1/22833.png,1
mnist_cls_train/1/3703.png,1
mnist_cls_train/1/57022.png,1
mnist_cls_train/1/44126.png,1
mnist_cls_train/1/32871.png,1
mnist_cls_train/1/3797.png,1
mnist_cls_train/1/35212.png,1
mnist_cls_train/1/41715.png,1
mnist_cls_train/1/54438.png,1
mnist_cls_train/1/17599.png,1
mnist_cls_train/1/54223.png,1
mnist_cls_train/1/4319.png,1
mnist_cls_train/1/25800.png,1
mnist_cls_train/1/905.png,1
mnist_cls_train/1/7402.png,1
mnist_cls_train/1/32133.png,1
mnist_cls_train/1/49395.png,1
mnist_cls_train/1/55583.png,1
mnist_cls_train/1/25118.png,1
mnist_cls_train/1/44770.png,1
mnist_cls_train/1/37225.png,1
mnist_cls_train/1/14268.png,1
mnist_cls_train/1/51035.png,1
mnist_cls_train/1/11279.png,1
mnist_cls_train/1/31647.png,1
mnist_cls_train/1/33654.png,1
mnist_cls_train/1/4708.png,1
mnist_cls_train/1/49521.png,1
mnist_cls_train/1/49876.png,1
mnist_cls_train/1/57283.png,1
mnist_cls_train/1/51710.png,1
mnist_cls_train/1/24564.png,1
mnist_cls_train/1/31238.png,1
mnist_cls_train/1/15002.png,1
mnist_cls_train/1/57418.png,1
mnist_cls_train/1/38769.png,1
mnist_cls_train/1/51847.png,1
mnist_cls_train/1/23036.png,1
mnist_cls_train/1/33467.png,1
mnist_cls_train/1/53611.png,1
mnist_cls_train/1/37716.png,1
mnist_cls_train/1/53823.png,1
mnist_cls_train/1/6380.png,1
mnist_cls_train/1/50847.png,1
mnist_cls_train/1/25414.png,1
mnist_cls_train/1/24923.png,1
mnist_cls_train/1/9856.png,1
mnist_cls_train/1/9277.png,1
mnist_cls_train/1/23973.png,1
mnist_cls_train/1/34053.png,1
mnist_cls_train/1/8679.png,1
mnist_cls_train/1/5305.png,1
mnist_cls_train/1/31864.png,1
mnist_cls_train/1/10838.png,1
mnist_cls_train/1/8176.png,1
mnist_cls_train/1/22952.png,1
mnist_cls_train/1/19278.png,1
mnist_cls_train/1/32338.png,1
mnist_cls_train/1/42974.png,1
mnist_cls_train/1/23240.png,1
mnist_cls_train/1/21173.png,1
mnist_cls_train/1/9415.png,1
mnist_cls_train/1/47394.png,1
mnist_cls_train/1/8934.png,1
mnist_cls_train/1/23142.png,1
mnist_cls_train/1/23775.png,1
mnist_cls_train/1/58203.png,1
mnist_cls_train/1/39444.png,1
mnist_cls_train/1/4903.png,1
mnist_cls_train/1/40045.png,1
mnist_cls_train/1/16722.png,1
mnist_cls_train/1/25569.png,1
mnist_cls_train/1/31578.png,1
mnist_cls_train/1/27111.png,1
mnist_cls_train/1/30126.png,1
mnist_cls_train/1/50273.png,1
mnist_cls_train/1/23308.png,1
mnist_cls_train/1/51249.png,1
mnist_cls_train/1/29377.png,1
mnist_cls_train/1/52075.png,1
mnist_cls_train/1/17900.png,1
mnist_cls_train/1/13137.png,1
mnist_cls_train/1/11404.png,1
mnist_cls_train/1/54164.png,1
mnist_cls_train/1/47837.png,1
mnist_cls_train/1/19102.png,1
mnist_cls_train/1/16950.png,1
mnist_cls_train/1/290.png,1
mnist_cls_train/1/6070.png,1
mnist_cls_train/1/53371.png,1
mnist_cls_train/1/12793.png,1
mnist_cls_train/1/54329.png,1
mnist_cls_train/1/3755.png,1
mnist_cls_train/1/26617.png,1
mnist_cls_train/1/43971.png,1
mnist_cls_train/1/51287.png,1
mnist_cls_train/1/28557.png,1
mnist_cls_train/1/24038.png,1
mnist_cls_train/1/53049.png,1
mnist_cls_train/1/47169.png,1
mnist_cls_train/1/37659.png,1
mnist_cls_train/1/31487.png,1
mnist_cls_train/1/5225.png,1
mnist_cls_train/1/2318.png,1
mnist_cls_train/1/23647.png,1
mnist_cls_train/1/8725.png,1
mnist_cls_train/1/59297.png,1
mnist_cls_train/1/34483.png,1
mnist_cls_train/1/24135.png,1
mnist_cls_train/1/12929.png,1
mnist_cls_train/1/59954.png,1
mnist_cls_train/1/34938.png,1
mnist_cls_train/1/1044.png,1
mnist_cls_train/1/49606.png,1
mnist_cls_train/1/58230.png,1
mnist_cls_train/1/32632.png,1
mnist_cls_train/1/5262.png,1
mnist_cls_train/1/53178.png,1
mnist_cls_train/1/19304.png,1
mnist_cls_train/1/13604.png,1
mnist_cls_train/1/53375.png,1
mnist_cls_train/1/6262.png,1
mnist_cls_train/1/27746.png,1
mnist_cls_train/1/59836.png,1
mnist_cls_train/1/2012.png,1
mnist_cls_train/1/17337.png,1
mnist_cls_train/1/10448.png,1
mnist_cls_train/1/24626.png,1
mnist_cls_train/1/25274.png,1
mnist_cls_train/1/11358.png,1
mnist_cls_train/1/12743.png,1
mnist_cls_train/1/47340.png,1
mnist_cls_train/1/54557.png,1
mnist_cls_train/1/9960.png,1
mnist_cls_train/1/8445.png,1
mnist_cls_train/1/35399.png,1
mnist_cls_train/1/50453.png,1
mnist_cls_train/1/15073.png,1
mnist_cls_train/1/40861.png,1
mnist_cls_train/1/34418.png,1
mnist_cls_train/1/53199.png,1
mnist_cls_train/1/55338.png,1
mnist_cls_train/1/35654.png,1
mnist_cls_train/1/27509.png,1
mnist_cls_train/1/678.png,1
mnist_cls_train/1/6665.png,1
mnist_cls_train/1/28038.png,1
mnist_cls_train/1/46178.png,1
mnist_cls_train/1/2695.png,1
mnist_cls_train/1/34980.png,1
mnist_cls_train/1/30200.png,1
mnist_cls_train/1/17627.png,1
mnist_cls_train/1/45092.png,1
mnist_cls_train/1/34166.png,1
mnist_cls_train/1/57037.png,1
mnist_cls_train/1/21878.png,1
mnist_cls_train/1/57775.png,1
mnist_cls_train/1/13701.png,1
mnist_cls_train/1/34638.png,1
mnist_cls_train/1/39782.png,1
mnist_cls_train/1/18664.png,1
mnist_cls_train/1/49194.png,1
mnist_cls_train/1/13504.png,1
mnist_cls_train/1/821.png,1
mnist_cls_train/1/2448.png,1
mnist_cls_train/1/25774.png,1
mnist_cls_train/1/35820.png,1
mnist_cls_train/1/10006.png,1
mnist_cls_train/1/10266.png,1
mnist_cls_train/1/43003.png,1
mnist_cls_train/1/58610.png,1
mnist_cls_train/1/7668.png,1
mnist_cls_train/1/30966.png,1
mnist_cls_train/1/26535.png,1
mnist_cls_train/1/43849.png,1
mnist_cls_train/1/4163.png,1
mnist_cls_train/1/58377.png,1
mnist_cls_train/1/3644.png,1
mnist_cls_train/1/36382.png,1
mnist_cls_train/1/17888.png,1
mnist_cls_train/1/23056.png,1
mnist_cls_train/1/44988.png,1
mnist_cls_train/1/16218.png,1
mnist_cls_train/1/4128.png,1
mnist_cls_train/1/35761.png,1
mnist_cls_train/1/33480.png,1
mnist_cls_train/1/41750.png,1
mnist_cls_train/1/9775.png,1
mnist_cls_train/1/29883.png,1
mnist_cls_train/1/738.png,1
mnist_cls_train/1/11157.png,1
mnist_cls_train/1/6709.png,1
mnist_cls_train/1/16855.png,1
mnist_cls_train/1/27300.png,1
mnist_cls_train/1/59233.png,1
mnist_cls_train/1/47141.png,1
mnist_cls_train/1/14463.png,1
mnist_cls_train/1/5090.png,1
mnist_cls_train/1/3955.png,1
mnist_cls_train/1/5643.png,1
mnist_cls_train/1/32041.png,1
mnist_cls_train/1/45559.png,1
mnist_cls_train/1/44113.png,1
mnist_cls_train/1/28292.png,1
mnist_cls_train/1/3897.png,1
mnist_cls_train/1/9069.png,1
mnist_cls_train/1/1544.png,1
mnist_cls_train/1/4105.png,1
mnist_cls_train/1/43633.png,1
mnist_cls_train/1/19265.png,1
mnist_cls_train/1/6870.png,1
mnist_cls_train/1/47601.png,1
mnist_cls_train/1/43389.png,1
mnist_cls_train/1/45277.png,1
mnist_cls_train/1/50646.png,1
mnist_cls_train/1/53787.png,1
mnist_cls_train/1/54210.png,1
mnist_cls_train/1/38909.png,1
mnist_cls_train/1/29746.png,1
mnist_cls_train/1/3045.png,1
mnist_cls_train/1/19410.png,1
mnist_cls_train/1/40362.png,1
mnist_cls_train/1/44108.png,1
mnist_cls_train/1/4924.png,1
mnist_cls_train/1/34329.png,1
mnist_cls_train/1/59247.png,1
mnist_cls_train/1/52325.png,1
mnist_cls_train/1/7119.png,1
mnist_cls_train/1/26905.png,1
mnist_cls_train/1/19626.png,1
mnist_cls_train/1/53351.png,1
mnist_cls_train/1/21178.png,1
mnist_cls_train/1/6834.png,1
mnist_cls_train/1/56365.png,1
mnist_cls_train/1/43897.png,1
mnist_cls_train/1/42875.png,1
mnist_cls_train/1/25310.png,1
mnist_cls_train/1/46809.png,1
mnist_cls_train/1/16983.png,1
mnist_cls_train/1/9175.png,1
mnist_cls_train/1/17662.png,1
mnist_cls_train/1/39888.png,1
mnist_cls_train/1/53168.png,1
mnist_cls_train/1/17101.png,1
mnist_cls_train/1/30179.png,1
mnist_cls_train/1/25702.png,1
mnist_cls_train/1/50631.png,1
mnist_cls_train/1/25196.png,1
mnist_cls_train/1/2994.png,1
mnist_cls_train/1/45941.png,1
mnist_cls_train/1/36520.png,1
mnist_cls_train/1/53018.png,1
mnist_cls_train/2/44274.png,2
mnist_cls_train/2/54754.png,2
mnist_cls_train/2/12501.png,2
mnist_cls_train/2/16060.png,2
mnist_cls_train/2/33090.png,2
mnist_cls_train/2/54676.png,2
mnist_cls_train/2/7344.png,2
mnist_cls_train/2/4355.png,2
mnist_cls_train/2/36463.png,2
mnist_cls_train/2/13100.png,2
mnist_cls_train/2/42675.png,2
mnist_cls_train/2/39145.png,2
mnist_cls_train/2/33685.png,2
mnist_cls_train/2/10629.png,2
mnist_cls_train/2/39759.png,2
mnist_cls_train/2/58137.png,2
mnist_cls_train/2/22751.png,2
mnist_cls_train/2/3833.png,2
mnist_cls_train/2/24794.png,2
mnist_cls_train/2/35301.png,2
mnist_cls_train/2/37918.png,2
mnist_cls_train/2/49416.png,2
mnist_cls_train/2/53656.png,2
mnist_cls_train/2/37526.png,2
mnist_cls_train/2/45920.png,2
mnist_cls_train/2/2887.png,2
mnist_cls_train/2/40155.png,2
mnist_cls_train/2/51957.png,2
mnist_cls_train/2/33727.png,2
mnist_cls_train/2/20299.png,2
mnist_cls_train/2/50669.png,2
mnist_cls_train/2/3341.png,2
mnist_cls_train/2/54758.png,2
mnist_cls_train/2/40597.png,2
mnist_cls_train/2/37630.png,2
mnist_cls_train/2/43220.png,2
mnist_cls_train/2/28566.png,2
mnist_cls_train/2/51262.png,2
mnist_cls_train/2/21323.png,2
mnist_cls_train/2/58512.png,2
mnist_cls_train/2/34202.png,2
mnist_cls_train/2/55528.png,2
mnist_cls_train/2/21668.png,2
mnist_cls_train/2/20522.png,2
mnist_cls_train/2/22169.png,2
mnist_cls_train/2/49776.png,2
mnist_cls_train/2/22407.png,2
mnist_cls_train/2/45904.png,2
mnist_cls_train/2/9509.png,2
mnist_cls_train/2/2075.png,2
mnist_cls_train/2/19152.png,2
mnist_cls_train/2/55504.png,2
mnist_cls_train/2/33863.png,2
mnist_cls_train/2/54238.png,2
mnist_cls_train/2/56821.png,2
mnist_cls_train/2/59903.png,2
mnist_cls_train/2/43994.png,2
mnist_cls_train/2/35770.png,2
mnist_cls_train/2/19939.png,2
mnist_cls_train/2/57628.png,2
mnist_cls_train/2/52874.png,2
mnist_cls_train/2/19653.png,2
mnist_cls_train/2/59816.png,2
mnist_cls_train/2/24517.png,2
mnist_cls_train/2/32065.png,2
mnist_cls_train/2/48799.png,2
mnist_cls_train/2/23776.png,2
mnist_cls_train/2/6764.png,2
mnist_cls_train/2/18017.png,2
mnist_cls_train/2/32779.png,2
mnist_cls_train/2/22554.png,2
mnist_cls_train/2/12861.png,2
mnist_cls_train/2/46591.png,2
mnist_cls_train/2/19750.png,2
mnist_cls_train/2/9836.png,2
mnist_cls_train/2/31823.png,2
mnist_cls_train/2/21692.png,2
mnist_cls_train/2/38430.png,2
mnist_cls_train/2/21451.png,2
mnist_cls_train/2/57831.png,2
mnist_cls_train/2/657.png,2
mnist_cls_train/2/48277.png,2
mnist_cls_train/2/45880.png,2
mnist_cls_train/2/12302.png,2
mnist_cls_train/2/49908.png,2
mnist_cls_train/2/37798.png,2
mnist_cls_train/2/13179.png,2
mnist_cls_train/2/22500.png,2
mnist_cls_train/2/52975.png,2
mnist_cls_train/2/17480.png,2
mnist_cls_train/2/5638.png,2
mnist_cls_train/2/51569.png,2
mnist_cls_train/2/38753.png,2
mnist_cls_train/2/28407.png,2
mnist_cls_train/2/52023.png,2
mnist_cls_train/2/56922.png,2
mnist_cls_train/2/1774.png,2
mnist_cls_train/2/42887.png,2
mnist_cls_train/2/37210.png,2
mnist_cls_train/2/54052.png,2
mnist_cls_train/2/29287.png,2
mnist_cls_train/2/23975.png,2
mnist_cls_train/2/4086.png,2
mnist_cls_train/2/2499.png,2
mnist_cls_train/2/9231.png,2
mnist_cls_train/2/36781.png,2
mnist_cls_train/2/33180.png,2
mnist_cls_train/2/5076.png,2
mnist_cls_train/2/15137.png,2
mnist_cls_train/2/43338.png,2
mnist_cls_train/2/55833.png,2
mnist_cls_train/2/11030.png,2
mnist_cls_train/2/23934.png,2
mnist_cls_train/2/35927.png,2
mnist_cls_train/2/28275.png,2
mnist_cls_train/2/19886.png,2
mnist_cls_train/2/32601.png,2
mnist_cls_train/2/22010.png,2
mnist_cls_train/2/34936.png,2
mnist_cls_train/2/8058.png,2
mnist_cls_train/2/34226.png,2
mnist_cls_train/2/17684.png,2
mnist_cls_train/2/13381.png,2
mnist_cls_train/2/49231.png,2
mnist_cls_train/2/55972.png,2
mnist_cls_train/2/15510.png,2
mnist_cls_train/2/57284.png,2
mnist_cls_train/2/13452.png,2
mnist_cls_train/2/11449.png,2
mnist_cls_train/2/22661.png,2
mnist_cls_train/2/18930.png,2
mnist_cls_train/2/10312.png,2
mnist_cls_train/2/1033.png,2
mnist_cls_train/2/8997.png,2
mnist_cls_train/2/51016.png,2
mnist_cls_train/2/53608.png,2
mnist_cls_train/2/2518.png,2
mnist_cls_train/2/25609.png,2
mnist_cls_train/2/6144.png,2
mnist_cls_train/2/1894.png,2
mnist_cls_train/2/33807.png,2
mnist_cls_train/2/13624.png,2
mnist_cls_train/2/25069.png,2
mnist_cls_train/2/42336.png,2
mnist_cls_train/2/23847.png,2
mnist_cls_train/2/46694.png,2
mnist_cls_train/2/49475.png,2
mnist_cls_train/2/46887.png,2
mnist_cls_train/2/16527.png,2
mnist_cls_train/2/48383.png,2
mnist_cls_train/2/17660.png,2
mnist_cls_train/2/41397.png,2
mnist_cls_train/2/46951.png,2
mnist_cls_train/2/51760.png,2
mnist_cls_train/2/9682.png,2
mnist_cls_train/2/27331.png,2
mnist_cls_train/2/8212.png,2
mnist_cls_train/2/59737.png,2
mnist_cls_train/2/34643.png,2
mnist_cls_train/2/27413.png,2
mnist_cls_train/2/11032.png,2
mnist_cls_train/2/46001.png,2
mnist_cls_train/2/58964.png,2
mnist_cls_train/2/20970.png,2
mnist_cls_train/2/28944.png,2
mnist_cls_train/2/25020.png,2
mnist_cls_train/2/7528.png,2
mnist_cls_train/2/12079.png,2
mnist_cls_train/2/262.png,2
mnist_cls_train/2/57981.png,2
mnist_cls_train/2/17516.png,2
mnist_cls_train/2/13722.png,2
mnist_cls_train/2/23894.png,2
mnist_cls_train/2/31381.png,2
mnist_cls_train/2/55969.png,2
mnist_cls_train/2/40272.png,2
mnist_cls_train/2/46510.png,2
mnist_cls_train/2/5171.png,2
mnist_cls_train/2/21713.png,2
mnist_cls_train/2/13844.png,2
mnist_cls_train/2/58192.png,2
mnist_cls_train/2/35011.png,2
mnist_cls_train/2/48696.png,2
mnist_cls_train/2/27113.png,2
mnist_cls_train/2/56665.png,2
mnist_cls_train/2/45347.png,2
mnist_cls_train/2/46447.png,2
mnist_cls_train/2/8292.png,2
mnist_cls_train/2/15902.png,2
mnist_cls_train/2/2234.png,2
mnist_cls_train/2/56973.png,2
mnist_cls_train/2/52132.png,2
mnist_cls_train/2/1264.png,2
mnist_cls_train/2/45779.png,2
mnist_cls_train/2/15688.png,2
mnist_cls_train/2/3054.png,2
mnist_cls_train/2/36311.png,2
mnist_cls_train/2/56298.png,2
mnist_cls_train/2/56752.png,2
mnist_cls_train/2/16813.png,2
mnist_cls_train/2/8599.png,2
mnist_cls_train/2/53799.png,2
mnist_cls_train/2/48767.png,2
mnist_cls_train/2/58568.png,2
mnist_cls_train/2/19919.png,2
mnist_cls_train/2/22793.png,2
mnist_cls_train/2/20240.png,2
mnist_cls_train/2/35827.png,2
mnist_cls_train/2/555.png,2
mnist_cls_train/2/45505.png,2
mnist_cls_train/2/21798.png,2
mnist_cls_train/2/45099.png,2
mnist_cls_train/2/48811.png,2
mnist_cls_train/2/2670.png,2
mnist_cls_train/2/57604.png,2
mnist_cls_train/2/13523.png,2
mnist_cls_train/2/28210.png,2
mnist_cls_train/2/22236.png,2
mnist_cls_train/2/35653.png,2
mnist_cls_train/2/46115.png,2
mnist_cls_train/2/42012.png,2
mnist_cls_train/2/51418.png,2
mnist_cls_train/2/38339.png,2
mnist_cls_train/2/47228.png,2
mnist_cls_train/2/13972.png,2
mnist_cls_train/2/30690.png,2
mnist_cls_train/2/24096.png,2
mnist_cls_train/2/35689.png,2
mnist_cls_train/2/15296.png,2
mnist_cls_train/2/47255.png,2
mnist_cls_train/2/7500.png,2
mnist_cls_train/2/43597.png,2
mnist_cls_train/2/39343.png,2
mnist_cls_train/2/31133.png,2
mnist_cls_train/2/3006.png,2
mnist_cls_train/2/26326.png,2
mnist_cls_train/2/27535.png,2
mnist_cls_train/2/16058.png,2
mnist_cls_train/2/50826.png,2
mnist_cls_train/2/5247.png,2
mnist_cls_train/2/15715.png,2
mnist_cls_train/2/49430.png,2
mnist_cls_train/2/27719.png,2
mnist_cls_train/2/2073.png,2
mnist_cls_train/2/25700.png,2
mnist_cls_train/2/43294.png,2
mnist_cls_train/2/55443.png,2
mnist_cls_train/2/52335.png,2
mnist_cls_train/2/15040.png,2
mnist_cls_train/2/17757.png,2
mnist_cls_train/2/56691.png,2
mnist_cls_train/2/7615.png,2
mnist_cls_train/2/43874.png,2
mnist_cls_train/2/33210.png,2
mnist_cls_train/2/16916.png,2
mnist_cls_train/2/25017.png,2
mnist_cls_train/2/11667.png,2
mnist_cls_train/2/51567.png,2
mnist_cls_train/2/1390.png,2
mnist_cls_train/2/48483.png,2
mnist_cls_train/2/20022.png,2
mnist_cls_train/2/45406.png,2
mnist_cls_train/2/13484.png,2
mnist_cls_train/2/17374.png,2
mnist_cls_train/2/43877.png,2
mnist_cls_train/2/48933.png,2
mnist_cls_train/2/15434.png,2
mnist_cls_train/2/31360.png,2
mnist_cls_train/2/33334.png,2
mnist_cls_train/2/4414.png,2
mnist_cls_train/2/51849.png,2
mnist_cls_train/2/44993.png,2
mnist_cls_train/2/39453.png,2
mnist_cls_train/2/37646.png,2
mnist_cls_train/2/1754.png,2
mnist_cls_train/2/24833.png,2
mnist_cls_train/2/9508.png,2
mnist_cls_train/2/9912.png,2
mnist_cls_train/2/862.png,2
mnist_cls_train/2/5529.png,2
mnist_cls_train/2/40107.png,2
mnist_cls_train/2/44847.png,2
mnist_cls_train/2/48292.png,2
mnist_cls_train/2/9383.png,2
mnist_cls_train/2/13486.png,2
mnist_cls_train/2/35403.png,2
mnist_cls_train/2/36950.png,2
mnist_cls_train/2/24786.png,2
mnist_cls_train/2/7431.png,2
mnist_cls_train/2/19767.png,2
mnist_cls_train/2/53434.png,2
mnist_cls_train/2/44585.png,2
mnist_cls_train/2/30905.png,2
mnist_cls_train/2/23313.png,2
mnist_cls_train/2/50720.png,2
mnist_cls_train/2/42014.png,2
mnist_cls_train/2/9575.png,2
mnist_cls_train/2/58884.png,2
mnist_cls_train/2/38107.png,2
mnist_cls_train/2/47900.png,2
mnist_cls_train/2/34494.png,2
mnist_cls_train/2/36833.png,2
mnist_cls_train/2/57876.png,2
mnist_cls_train/2/16390.png,2
mnist_cls_train/2/19402.png,2
mnist_cls_train/2/17070.png,2
mnist_cls_train/2/17653.png,2
mnist_cls_train/2/10256.png,2
mnist_cls_train/2/11306.png,2
mnist_cls_train/2/55281.png,2
mnist_cls_train/2/37151.png,2
mnist_cls_train/2/36593.png,2
mnist_cls_train/2/15867.png,2
mnist_cls_train/2/22930.png,2
mnist_cls_train/2/7353.png,2
mnist_cls_train/2/3077.png,2
mnist_cls_train/2/38635.png,2
mnist_cls_train/2/40405.png,2
mnist_cls_train/2/31267.png,2
mnist_cls_train/2/46656.png,2
mnist_cls_train/2/54145.png,2
mnist_cls_train/2/42443.png,2
mnist_cls_train/2/57889.png,2
mnist_cls_train/2/1881.png,2
mnist_cls_train/2/57112.png,2
mnist_cls_train/2/53650.png,2
mnist_cls_train/2/20695.png,2
mnist_cls_train/2/37967.png,2
mnist_cls_train/2/21194.png,2
mnist_cls_train/2/22612.png,2
mnist_cls_train/2/27874.png,2
mnist_cls_train/2/54338.png,2
mnist_cls_train/2/50454.png,2
mnist_cls_train/2/21229.png,2
mnist_cls_train/2/3582.png,2
mnist_cls_train/2/33027.png,2
mnist_cls_train/2/41955.png,2
mnist_cls_train/2/6466.png,2
mnist_cls_train/2/15067.png,2
mnist_cls_train/2/52987.png,2
mnist_cls_train/2/34604.png,2
mnist_cls_train/2/33361.png,2
mnist_cls_train/2/43851.png,2
mnist_cls_train/2/35489.png,2
mnist_cls_train/2/57808.png,2
mnist_cls_train/2/42135.png,2
mnist_cls_train/2/2305.png,2
mnist_cls_train/2/58032.png,2
mnist_cls_train/2/1900.png,2
mnist_cls_train/2/20671.png,2
mnist_cls_train/2/12481.png,2
mnist_cls_train/2/24462.png,2
mnist_cls_train/2/3965.png,2
mnist_cls_train/2/50705.png,2
mnist_cls_train/2/40569.png,2
mnist_cls_train/2/946.png,2
mnist_cls_train/2/55316.png,2
mnist_cls_train/2/32280.png,2
mnist_cls_train/2/59177.png,2
mnist_cls_train/2/27600.png,2
mnist_cls_train/2/25519.png,2
mnist_cls_train/2/25406.png,2
mnist_cls_train/2/11795.png,2
mnist_cls_train/2/2332.png,2
mnist_cls_train/2/2409.png,2
mnist_cls_train/2/13922.png,2
mnist_cls_train/2/31665.png,2
mnist_cls_train/2/39203.png,2
mnist_cls_train/2/28370.png,2
mnist_cls_train/2/35992.png,2
mnist_cls_train/2/28787.png,2
mnist_cls_train/2/34799.png,2
mnist_cls_train/2/50575.png,2
mnist_cls_train/2/8670.png,2
mnist_cls_train/2/23721.png,2
mnist_cls_train/2/33804.png,2
mnist_cls_train/2/11109.png,2
mnist_cls_train/2/10075.png,2
mnist_cls_train/2/40425.png,2
mnist_cls_train/2/3791.png,2
mnist_cls_train/2/55769.png,2
mnist_cls_train/2/27472.png,2
mnist_cls_train/2/59575.png,2
mnist_cls_train/2/1262.png,2
mnist_cls_train/2/2802.png,2
mnist_cls_train/2/41593.png,2
mnist_cls_train/2/39669.png,2
mnist_cls_train/2/8878.png,2
mnist_cls_train/2/8342.png,2
mnist_cls_train/2/56513.png,2
mnist_cls_train/2/49363.png,2
mnist_cls_train/2/53500.png,2
mnist_cls_train/2/28285.png,2
mnist_cls_train/2/22442.png,2
mnist_cls_train/2/2261.png,2
mnist_cls_train/2/27232.png,2
mnist_cls_train/2/33290.png,2
mnist_cls_train/2/16794.png,2
mnist_cls_train/2/34964.png,2
mnist_cls_train/2/14550.png,2
mnist_cls_train/2/5618.png,2
mnist_cls_train/2/10127.png,2
mnist_cls_train/2/49735.png,2
mnist_cls_train/2/36680.png,2
mnist_cls_train/2/9850.png,2
mnist_cls_train/2/35758.png,2
mnist_cls_train/2/56088.png,2
mnist_cls_train/2/2357.png,2
mnist_cls_train/2/49914.png,2
mnist_cls_train/2/23716.png,2
mnist_cls_train/2/23397.png,2
mnist_cls_train/2/30993.png,2
mnist_cls_train/2/27525.png,2
mnist_cls_train/2/58314.png,2
mnist_cls_train/2/11655.png,2
mnist_cls_train/2/41821.png,2
mnist_cls_train/2/48748.png,2
mnist_cls_train/2/44098.png,2
mnist_cls_train/2/25827.png,2
mnist_cls_train/2/26541.png,2
mnist_cls_train/2/56361.png,2
mnist_cls_train/2/22713.png,2
mnist_cls_train/2/22198.png,2
mnist_cls_train/2/56069.png,2
mnist_cls_train/2/5016.png,2
mnist_cls_train/2/32780.png,2
mnist_cls_train/2/8960.png,2
mnist_cls_train/2/42866.png,2
mnist_cls_train/2/36326.png,2
mnist_cls_train/2/47226.png,2
mnist_cls_train/2/39079.png,2
mnist_cls_train/2/26431.png,2
mnist_cls_train/2/35092.png,2
mnist_cls_train/2/53709.png,2
mnist_cls_train/2/48109.png,2
mnist_cls_train/2/58254.png,2
mnist_cls_train/2/11344.png,2
mnist_cls_train/2/54680.png,2
mnist_cls_train/2/11095.png,2
mnist_cls_train/2/54078.png,2
mnist_cls_train/2/22524.png,2
mnist_cls_train/2/51738.png,2
mnist_cls_train/2/863.png,2
mnist_cls_train/2/38785.png,2
mnist_cls_train/2/17691.png,2
mnist_cls_train/2/50495.png,2
mnist_cls_train/2/19632.png,2
mnist_cls_train/2/26741.png,2
mnist_cls_train/2/13994.png,2
mnist_cls_train/2/15799.png,2
mnist_cls_train/2/43449.png,2
mnist_cls_train/2/49907.png,2
mnist_cls_train/2/18489.png,2
mnist_cls_train/2/14063.png,2
mnist_cls_train/2/52547.png,2
mnist_cls_train/2/59456.png,2
mnist_cls_train/2/53323.png,2
mnist_cls_train/2/59734.png,2
mnist_cls_train/2/59991.png,2
mnist_cls_train/2/13953.png,2
mnist_cls_train/2/7139.png,2
mnist_cls_train/2/9477.png,2
mnist_cls_train/2/49643.png,2
mnist_cls_train/2/56739.png,2
mnist_cls_train/2/3924.png,2
mnist_cls_train/2/7760.png,2
mnist_cls_train/2/26688.png,2
mnist_cls_train/2/42754.png,2
mnist_cls_train/2/4031.png,2
mnist_cls_train/2/50748.png,2
mnist_cls_train/2/27781.png,2
mnist_cls_train/2/46163.png,2
mnist_cls_train/2/49573.png,2
mnist_cls_train/2/375.png,2
mnist_cls_train/2/31807.png,2
mnist_cls_train/2/15802.png,2
mnist_cls_train/2/21438.png,2
mnist_cls_train/2/41860.png,2
mnist_cls_train/2/37969.png,2
mnist_cls_train/2/54831.png,2
mnist_cls_train/2/22878.png,2
mnist_cls_train/2/50527.png,2
mnist_cls_train/2/59587.png,2
mnist_cls_train/2/27898.png,2
mnist_cls_train/2/42603.png,2
mnist_cls_train/2/5659.png,2
mnist_cls_train/2/6143.png,2
mnist_cls_train/2/24853.png,2
mnist_cls_train/2/41204.png,2
mnist_cls_train/2/13919.png,2
mnist_cls_train/2/53072.png,2
mnist_cls_train/2/57632.png,2
mnist_cls_train/2/5965.png,2
mnist_cls_train/2/54956.png,2
mnist_cls_train/2/47114.png,2
mnist_cls_train/2/45342.png,2
mnist_cls_train/2/59004.png,2
mnist_cls_train/2/5110.png,2
mnist_cls_train/2/25381.png,2
mnist_cls_train/2/57442.png,2
mnist_cls_train/2/30477.png,2
mnist_cls_train/2/49839.png,2
mnist_cls_train/2/44090.png,2
mnist_cls_train/2/25591.png,2
mnist_cls_train/2/59223.png,2
mnist_cls_train/2/35571.png,2
mnist_cls_train/2/24971.png,2
mnist_cls_train/2/716.png,2
mnist_cls_train/2/9242.png,2
mnist_cls_train/2/35269.png,2
mnist_cls_train/2/16298.png,2
mnist_cls_train/2/43854.png,2
mnist_cls_train/2/44412.png,2
mnist_cls_train/2/9449.png,2
mnist_cls_train/2/25281.png,2
mnist_cls_train/2/17520.png,2
mnist_cls_train/2/24249.png,2
mnist_cls_train/2/24728.png,2
mnist_cls_train/2/52634.png,2
mnist_cls_train/2/26794.png,2
mnist_cls_train/2/52660.png,2
mnist_cls_train/2/17432.png,2
mnist_cls_train/2/8844.png,2
mnist_cls_train/2/33435.png,2
mnist_cls_train/2/41260.png,2
mnist_cls_train/2/54240.png,2
mnist_cls_train/2/7601.png,2
mnist_cls_train/2/48279.png,2
mnist_cls_train/2/25289.png,2
mnist_cls_train/2/31757.png,2
mnist_cls_train/2/48951.png,2
mnist_cls_train/2/13503.png,2
mnist_cls_train/2/21983.png,2
mnist_cls_train/2/34462.png,2
mnist_cls_train/2/10898.png,2
mnist_cls_train/2/28537.png,2
mnist_cls_train/2/29071.png,2
mnist_cls_train/2/17912.png,2
mnist_cls_train/2/56553.png,2
mnist_cls_train/2/4716.png,2
mnist_cls_train/2/20655.png,2
mnist_cls_train/2/7467.png,2
mnist_cls_train/2/10327.png,2
mnist_cls_train/2/45268.png,2
mnist_cls_train/2/11961.png,2
mnist_cls_train/2/59833.png,2
mnist_cls_train/2/10699.png,2
mnist_cls_train/2/23117.png,2
mnist_cls_train/2/7177.png,2
mnist_cls_train/2/25487.png,2
mnist_cls_train/2/16473.png,2
mnist_cls_train/2/3799.png,2
mnist_cls_train/2/7654.png,2
mnist_cls_train/2/20165.png,2
mnist_cls_train/2/2085.png,2
mnist_cls_train/2/16309.png,2
mnist_cls_train/2/48349.png,2
mnist_cls_train/2/48674.png,2
mnist_cls_train/2/9757.png,2
mnist_cls_train/2/12598.png,2
mnist_cls_train/2/57358.png,2
mnist_cls_train/2/38667.png,2
mnist_cls_train/2/14091.png,2
mnist_cls_train/2/47912.png,2
mnist_cls_train/2/47731.png,2
mnist_cls_train/2/55176.png,2
mnist_cls_train/2/28631.png,2
mnist_cls_train/2/30487.png,2
mnist_cls_train/2/46217.png,2
mnist_cls_train/2/41841.png,2
mnist_cls_train/2/22594.png,2
mnist_cls_train/2/28950.png,2
mnist_cls_train/2/47862.png,2
mnist_cls_train/2/38359.png,2
mnist_cls_train/2/55862.png,2
mnist_cls_train/2/52456.png,2
mnist_cls_train/2/54709.png,2
mnist_cls_train/2/42474.png,2
mnist_cls_train/2/59641.png,2
mnist_cls_train/2/3134.png,2
mnist_cls_train/2/22132.png,2
mnist_cls_train/2/2877.png,2
mnist_cls_train/2/14043.png,2
mnist_cls_train/2/25442.png,2
mnist_cls_train/2/28234.png,2
mnist_cls_train/2/31638.png,2
mnist_cls_train/2/32768.png,2
mnist_cls_train/2/24865.png,2
mnist_cls_train/2/9488.png,2
mnist_cls_train/2/46966.png,2
mnist_cls_train/2/36072.png,2
mnist_cls_train/2/12015.png,2
mnist_cls_train/2/47270.png,2
mnist_cls_train/2/27915.png,2
mnist_cls_train/2/48460.png,2
mnist_cls_train/2/46910.png,2
mnist_cls_train/2/36846.png,2
mnist_cls_train/2/12238.png,2
mnist_cls_train/2/32450.png,2
mnist_cls_train/2/56795.png,2
mnist_cls_train/2/11869.png,2
mnist_cls_train/2/29784.png,2
mnist_cls_train/2/41581.png,2
mnist_cls_train/2/48391.png,2
mnist_cls_train/2/30091.png,2
mnist_cls_train/2/52188.png,2
mnist_cls_train/2/59757.png,2
mnist_cls_train/2/31852.png,2
mnist_cls_train/2/38609.png,2
mnist_cls_train/2/6505.png,2
mnist_cls_train/2/42050.png,2
mnist_cls_train/2/45375.png,2
mnist_cls_train/2/32634.png,2
mnist_cls_train/2/52413.png,2
mnist_cls_train/2/26329.png,2
mnist_cls_train/2/38216.png,2
mnist_cls_train/2/25369.png,2
mnist_cls_train/2/52723.png,2
mnist_cls_train/2/6771.png,2
mnist_cls_train/2/24060.png,2
mnist_cls_train/2/16123.png,2
mnist_cls_train/2/17841.png,2
mnist_cls_train/2/34976.png,2
mnist_cls_train/2/14515.png,2
mnist_cls_train/2/47306.png,2
mnist_cls_train/2/36396.png,2
mnist_cls_train/2/56719.png,2
mnist_cls_train/2/30349.png,2
mnist_cls_train/2/6044.png,2
mnist_cls_train/2/20485.png,2
mnist_cls_train/2/30522.png,2
mnist_cls_train/2/23441.png,2
mnist_cls_train/2/50334.png,2
mnist_cls_train/2/20007.png,2
mnist_cls_train/2/20268.png,2
mnist_cls_train/2/49537.png,2
mnist_cls_train/2/41292.png,2
mnist_cls_train/2/28879.png,2
mnist_cls_train/2/44475.png,2
mnist_cls_train/2/39476.png,2
mnist_cls_train/2/42373.png,2
mnist_cls_train/2/54838.png,2
mnist_cls_train/2/24790.png,2
mnist_cls_train/2/1334.png,2
mnist_cls_train/2/22688.png,2
mnist_cls_train/2/25492.png,2
mnist_cls_train/2/41900.png,2
mnist_cls_train/2/51458.png,2
mnist_cls_train/2/28958.png,2
mnist_cls_train/2/27393.png,2
mnist_cls_train/2/41427.png,2
mnist_cls_train/2/21502.png,2
mnist_cls_train/2/11552.png,2
mnist_cls_train/2/55011.png,2
mnist_cls_train/2/40899.png,2
mnist_cls_train/2/12281.png,2
mnist_cls_train/2/584.png,2
mnist_cls_train/2/50211.png,2
mnist_cls_train/2/16650.png,2
mnist_cls_train/2/16237.png,2
mnist_cls_train/2/51721.png,2
mnist_cls_train/2/38733.png,2
mnist_cls_train/2/49834.png,2
mnist_cls_train/2/47614.png,2
mnist_cls_train/2/39930.png,2
mnist_cls_train/2/58409.png,2
mnist_cls_train/2/23578.png,2
mnist_cls_train/2/4028.png,2
mnist_cls_train/2/20874.png,2
mnist_cls_train/2/53132.png,2
mnist_cls_train/2/29837.png,2
mnist_cls_train/2/22811.png,2
mnist_cls_train/2/35315.png,2
mnist_cls_train/2/12911.png,2
mnist_cls_train/2/24752.png,2
mnist_cls_train/2/7537.png,2
mnist_cls_train/2/10972.png,2
mnist_cls_train/2/252.png,2
mnist_cls_train/2/7520.png,2
mnist_cls_train/2/30076.png,2
mnist_cls_train/2/15905.png,2
mnist_cls_train/2/30826.png,2
mnist_cls_train/2/35454.png,2
mnist_cls_train/2/9271.png,2
mnist_cls_train/2/25854.png,2
mnist_cls_train/2/58104.png,2
mnist_cls_train/2/47321.png,2
mnist_cls_train/2/57446.png,2
mnist_cls_train/2/4717.png,2
mnist_cls_train/2/5236.png,2
mnist_cls_train/2/26083.png,2
mnist_cls_train/2/40718.png,2
mnist_cls_train/2/12858.png,2
mnist_cls_train/2/1954.png,2
mnist_cls_train/2/12797.png,2
mnist_cls_train/2/47578.png,2
mnist_cls_train/2/8211.png,2
mnist_cls_train/2/42916.png,2
mnist_cls_train/2/36662.png,2
mnist_cls_train/2/47710.png,2
mnist_cls_train/2/20748.png,2
mnist_cls_train/2/9031.png,2
mnist_cls_train/2/54075.png,2
mnist_cls_train/2/2189.png,2
mnist_cls_train/2/40318.png,2
mnist_cls_train/2/30794.png,2
mnist_cls_train/2/23082.png,2
mnist_cls_train/2/45453.png,2
mnist_cls_train/2/14264.png,2
mnist_cls_train/2/39168.png,2
mnist_cls_train/2/15699.png,2
mnist_cls_train/2/34308.png,2
mnist_cls_train/2/56901.png,2
mnist_cls_train/2/13914.png,2
mnist_cls_train/2/45362.png,2
mnist_cls_train/2/16196.png,2
mnist_cls_train/2/45358.png,2
mnist_cls_train/2/57956.png,2
mnist_cls_train/2/16760.png,2
mnist_cls_train/2/43240.png,2
mnist_cls_train/2/4278.png,2
mnist_cls_train/2/40445.png,2
mnist_cls_train/2/55069.png,2
mnist_cls_train/2/43116.png,2
mnist_cls_train/2/23691.png,2
mnist_cls_train/2/27700.png,2
mnist_cls_train/2/23942.png,2
mnist_cls_train/2/36693.png,2
mnist_cls_train/2/41730.png,2
mnist_cls_train/2/25507.png,2
mnist_cls_train/2/38406.png,2
mnist_cls_train/2/7072.png,2
mnist_cls_train/2/1438.png,2
mnist_cls_train/2/1361.png,2
mnist_cls_train/2/40513.png,2
mnist_cls_train/2/18850.png,2
mnist_cls_train/2/34228.png,2
mnist_cls_train/2/20021.png,2
mnist_cls_train/2/53708.png,2
mnist_cls_train/2/42563.png,2
mnist_cls_train/2/30669.png,2
mnist_cls_train/2/26658.png,2
mnist_cls_train/2/12679.png,2
mnist_cls_train/2/47393.png,2
mnist_cls_train/2/59061.png,2
mnist_cls_train/2/23545.png,2
mnist_cls_train/2/49314.png,2
mnist_cls_train/2/1199.png,2
mnist_cls_train/2/7953.png,2
mnist_cls_train/2/19891.png,2
mnist_cls_train/2/14932.png,2
mnist_cls_train/2/25150.png,2
mnist_cls_train/2/51118.png,2
mnist_cls_train/2/47999.png,2
mnist_cls_train/2/23952.png,2
mnist_cls_train/2/45631.png,2
mnist_cls_train/2/1753.png,2
mnist_cls_train/2/43407.png,2
mnist_cls_train/2/59186.png,2
mnist_cls_train/2/31247.png,2
mnist_cls_train/2/16461.png,2
mnist_cls_train/2/41182.png,2
mnist_cls_train/2/13139.png,2
mnist_cls_train/2/59157.png,2
mnist_cls_train/2/29351.png,2
mnist_cls_train/2/54095.png,2
mnist_cls_train/2/16754.png,2
mnist_cls_train/2/17909.png,2
mnist_cls_train/2/6815.png,2
mnist_cls_train/2/43974.png,2
mnist_cls_train/2/48070.png,2
mnist_cls_train/2/52801.png,2
mnist_cls_train/2/43852.png,2
mnist_cls_train/2/54790.png,2
mnist_cls_train/2/29667.png,2
mnist_cls_train/2/42115.png,2
mnist_cls_train/2/22019.png,2
mnist_cls_train/2/34636.png,2
mnist_cls_train/2/7555.png,2
mnist_cls_train/2/13287.png,2
mnist_cls_train/2/37655.png,2
mnist_cls_train/2/33007.png,2
mnist_cls_train/2/13771.png,2
mnist_cls_train/2/59537.png,2
mnist_cls_train/2/6633.png,2
mnist_cls_train/2/6080.png,2
mnist_cls_train/2/32836.png,2
mnist_cls_train/2/59572.png,2
mnist_cls_train/2/33133.png,2
mnist_cls_train/2/41087.png,2
mnist_cls_train/2/55199.png,2
mnist_cls_train/2/26899.png,2
mnist_cls_train/2/33068.png,2
mnist_cls_train/2/1096.png,2
mnist_cls_train/2/35112.png,2
mnist_cls_train/2/9211.png,2
mnist_cls_train/2/36147.png,2
mnist_cls_train/2/14569.png,2
mnist_cls_train/2/18231.png,2
mnist_cls_train/2/7567.png,2
mnist_cls_train/2/29932.png,2
mnist_cls_train/2/18634.png,2
mnist_cls_train/2/55899.png,2
mnist_cls_train/2/47375.png,2
mnist_cls_train/2/32318.png,2
mnist_cls_train/2/35510.png,2
mnist_cls_train/2/54893.png,2
mnist_cls_train/2/43331.png,2
mnist_cls_train/2/42001.png,2
mnist_cls_train/2/33967.png,2
mnist_cls_train/2/5162.png,2
mnist_cls_train/2/42319.png,2
mnist_cls_train/2/3199.png,2
mnist_cls_train/2/44133.png,2
mnist_cls_train/2/33698.png,2
mnist_cls_train/2/53790.png,2
mnist_cls_train/2/47990.png,2
mnist_cls_train/2/26355.png,2
mnist_cls_train/2/54292.png,2
mnist_cls_train/2/10497.png,2
mnist_cls_train/2/47529.png,2
mnist_cls_train/2/20028.png,2
mnist_cls_train/2/49642.png,2
mnist_cls_train/2/8853.png,2
mnist_cls_train/2/15618.png,2
mnist_cls_train/2/400.png,2
mnist_cls_train/2/56864.png,2
mnist_cls_train/2/59597.png,2
mnist_cls_train/2/21443.png,2
mnist_cls_train/2/54519.png,2
mnist_cls_train/2/58162.png,2
mnist_cls_train/2/39790.png,2
mnist_cls_train/2/13552.png,2
mnist_cls_train/2/6492.png,2
mnist_cls_train/2/56213.png,2
mnist_cls_train/2/53266.png,2
mnist_cls_train/2/7523.png,2
mnist_cls_train/2/47132.png,2
mnist_cls_train/2/39592.png,2
mnist_cls_train/2/57910.png,2
mnist_cls_train/2/43351.png,2
mnist_cls_train/2/25564.png,2
mnist_cls_train/2/27239.png,2
mnist_cls_train/2/45319.png,2
mnist_cls_train/2/7146.png,2
mnist_cls_train/2/58601.png,2
mnist_cls_train/2/22414.png,2
mnist_cls_train/2/6344.png,2
mnist_cls_train/2/37040.png,2
mnist_cls_train/2/11977.png,2
mnist_cls_train/2/45885.png,2
mnist_cls_train/2/10024.png,2
mnist_cls_train/2/24098.png,2
mnist_cls_train/2/43191.png,2
mnist_cls_train/2/8924.png,2
mnist_cls_train/2/53019.png,2
mnist_cls_train/2/36715.png,2
mnist_cls_train/2/347.png,2
mnist_cls_train/2/32264.png,2
mnist_cls_train/2/29267.png,2
mnist_cls_train/2/4805.png,2
mnist_cls_train/2/37007.png,2
mnist_cls_train/2/143.png,2
mnist_cls_train/2/3853.png,2
mnist_cls_train/2/13330.png,2
mnist_cls_train/2/39283.png,2
mnist_cls_train/2/8102.png,2
mnist_cls_train/2/13762.png,2
mnist_cls_train/2/11601.png,2
mnist_cls_train/2/24803.png,2
mnist_cls_train/2/385.png,2
mnist_cls_train/2/55507.png,2
mnist_cls_train/2/3553.png,2
mnist_cls_train/2/49702.png,2
mnist_cls_train/2/40536.png,2
mnist_cls_train/2/52001.png,2
mnist_cls_train/2/7242.png,2
mnist_cls_train/2/15679.png,2
mnist_cls_train/2/39561.png,2
mnist_cls_train/2/53727.png,2
mnist_cls_train/2/32510.png,2
mnist_cls_train/2/1531.png,2
mnist_cls_train/2/14617.png,2
mnist_cls_train/2/4915.png,2
mnist_cls_train/2/24591.png,2
mnist_cls_train/2/40812.png,2
mnist_cls_train/2/13705.png,2
mnist_cls_train/2/47530.png,2
mnist_cls_train/2/33094.png,2
mnist_cls_train/2/49873.png,2
mnist_cls_train/2/42792.png,2
mnist_cls_train/2/47590.png,2
mnist_cls_train/2/907.png,2
mnist_cls_train/2/444.png,2
mnist_cls_train/2/49029.png,2
mnist_cls_train/2/25617.png,2
mnist_cls_train/2/52501.png,2
mnist_cls_train/2/42310.png,2
mnist_cls_train/2/26330.png,2
mnist_cls_train/2/3536.png,2
mnist_cls_train/2/13310.png,2
mnist_cls_train/2/16057.png,2
mnist_cls_train/2/41985.png,2
mnist_cls_train/2/55559.png,2
mnist_cls_train/2/5377.png,2
mnist_cls_train/2/40598.png,2
mnist_cls_train/2/49349.png,2
mnist_cls_train/2/9737.png,2
mnist_cls_train/2/27490.png,2
mnist_cls_train/2/35887.png,2
mnist_cls_train/2/5380.png,2
mnist_cls_train/2/52796.png,2
mnist_cls_train/2/58538.png,2
mnist_cls_train/2/36127.png,2
mnist_cls_train/2/53890.png,2
mnist_cls_train/2/43434.png,2
mnist_cls_train/2/16902.png,2
mnist_cls_train/2/18139.png,2
mnist_cls_train/2/1010.png,2
mnist_cls_train/2/52370.png,2
mnist_cls_train/2/1662.png,2
mnist_cls_train/2/13550.png,2
mnist_cls_train/2/55070.png,2
mnist_cls_train/2/22269.png,2
mnist_cls_train/2/47408.png,2
mnist_cls_train/2/44377.png,2
mnist_cls_train/2/37763.png,2
mnist_cls_train/2/35138.png,2
mnist_cls_train/2/38825.png,2
mnist_cls_train/2/39688.png,2
mnist_cls_train/2/32405.png,2
mnist_cls_train/2/26237.png,2
mnist_cls_train/2/49411.png,2
mnist_cls_train/2/34614.png,2
mnist_cls_train/2/5907.png,2
mnist_cls_train/2/49189.png,2
mnist_cls_train/2/51660.png,2
mnist_cls_train/2/4646.png,2
mnist_cls_train/2/54440.png,2
mnist_cls_train/2/42280.png,2
mnist_cls_train/2/16837.png,2
mnist_cls_train/2/34627.png,2
mnist_cls_train/2/10957.png,2
mnist_cls_train/2/52802.png,2
mnist_cls_train/2/178.png,2
mnist_cls_train/2/6231.png,2
mnist_cls_train/2/43314.png,2
mnist_cls_train/2/27258.png,2
mnist_cls_train/2/9689.png,2
mnist_cls_train/2/54271.png,2
mnist_cls_train/2/6725.png,2
mnist_cls_train/2/45332.png,2
mnist_cls_train/2/28154.png,2
mnist_cls_train/2/36768.png,2
mnist_cls_train/2/4856.png,2
mnist_cls_train/2/43975.png,2
mnist_cls_train/2/18423.png,2
mnist_cls_train/2/34056.png,2
mnist_cls_train/2/21414.png,2
mnist_cls_train/2/31635.png,2
mnist_cls_train/2/13374.png,2
mnist_cls_train/2/7414.png,2
mnist_cls_train/2/38924.png,2
mnist_cls_train/2/2105.png,2
mnist_cls_train/2/873.png,2
mnist_cls_train/2/21366.png,2
mnist_cls_train/2/49282.png,2
mnist_cls_train/2/55625.png,2
mnist_cls_train/2/50457.png,2
mnist_cls_train/2/37320.png,2
mnist_cls_train/2/23677.png,2
mnist_cls_train/2/59855.png,2
mnist_cls_train/2/46483.png,2
mnist_cls_train/2/20265.png,2
mnist_cls_train/2/35492.png,2
mnist_cls_train/2/13984.png,2
mnist_cls_train/2/11841.png,2
mnist_cls_train/2/57262.png,2
mnist_cls_train/2/30027.png,2
mnist_cls_train/2/41946.png,2
mnist_cls_train/2/55525.png,2
mnist_cls_train/2/21207.png,2
mnist_cls_train/2/31454.png,2
mnist_cls_train/2/18780.png,2
mnist_cls_train/2/15094.png,2
mnist_cls_train/2/27215.png,2
mnist_cls_train/2/10476.png,2
mnist_cls_train/2/12135.png,2
mnist_cls_train/2/16547.png,2
mnist_cls_train/2/14108.png,2
mnist_cls_train/2/12461.png,2
mnist_cls_train/2/16024.png,2
mnist_cls_train/2/3102.png,2
mnist_cls_train/2/9736.png,2
mnist_cls_train/2/18845.png,2
mnist_cls_train/2/30634.png,2
mnist_cls_train/2/36064.png,2
mnist_cls_train/2/24732.png,2
mnist_cls_train/2/58794.png,2
mnist_cls_train/2/28842.png,2
mnist_cls_train/2/46620.png,2
mnist_cls_train/2/54834.png,2
mnist_cls_train/2/1011.png,2
mnist_cls_train/2/8613.png,2
mnist_cls_train/2/37360.png,2
mnist_cls_train/2/46266.png,2
mnist_cls_train/2/36475.png,2
mnist_cls_train/2/43312.png,2
mnist_cls_train/2/13506.png,2
mnist_cls_train/2/22998.png,2
mnist_cls_train/2/51214.png,2
mnist_cls_train/2/48008.png,2
mnist_cls_train/2/57899.png,2
mnist_cls_train/2/35678.png,2
mnist_cls_train/2/15573.png,2
mnist_cls_train/2/1972.png,2
mnist_cls_train/2/32751.png,2
mnist_cls_train/2/24124.png,2
mnist_cls_train/2/51073.png,2
mnist_cls_train/2/45387.png,2
mnist_cls_train/2/41335.png,2
mnist_cls_train/2/21917.png,2
mnist_cls_train/2/19854.png,2
mnist_cls_train/2/390.png,2
mnist_cls_train/2/37274.png,2
mnist_cls_train/2/13038.png,2
mnist_cls_train/2/8428.png,2
mnist_cls_train/2/8257.png,2
mnist_cls_train/2/59831.png,2
mnist_cls_train/2/43317.png,2
mnist_cls_train/2/4212.png,2
mnist_cls_train/2/58373.png,2
mnist_cls_train/2/50913.png,2
mnist_cls_train/2/18643.png,2
mnist_cls_train/2/21623.png,2
mnist_cls_train/2/27869.png,2
mnist_cls_train/2/29770.png,2
mnist_cls_train/2/24746.png,2
mnist_cls_train/2/30655.png,2
mnist_cls_train/2/19815.png,2
mnist_cls_train/2/20832.png,2
mnist_cls_train/2/14163.png,2
mnist_cls_train/2/32989.png,2
mnist_cls_train/2/29004.png,2
mnist_cls_train/2/37120.png,2
mnist_cls_train/2/31947.png,2
mnist_cls_train/2/55704.png,2
mnist_cls_train/2/41348.png,2
mnist_cls_train/2/40556.png,2
mnist_cls_train/2/31978.png,2
mnist_cls_train/2/18865.png,2
mnist_cls_train/2/32148.png,2
mnist_cls_train/2/48034.png,2
mnist_cls_train/2/6899.png,2
mnist_cls_train/2/1584.png,2
mnist_cls_train/2/8743.png,2
mnist_cls_train/2/29662.png,2
mnist_cls_train/2/56175.png,2
mnist_cls_train/2/38195.png,2
mnist_cls_train/2/3300.png,2
mnist_cls_train/2/31662.png,2
mnist_cls_train/2/55033.png,2
mnist_cls_train/2/10723.png,2
mnist_cls_train/2/36081.png,2
mnist_cls_train/2/23481.png,2
mnist_cls_train/2/27470.png,2
mnist_cls_train/2/33120.png,2
mnist_cls_train/2/57992.png,2
mnist_cls_train/2/47065.png,2
mnist_cls_train/2/36858.png,2
mnist_cls_train/2/18891.png,2
mnist_cls_train/2/47231.png,2
mnist_cls_train/2/58019.png,2
mnist_cls_train/2/33016.png,2
mnist_cls_train/2/38307.png,2
mnist_cls_train/2/31873.png,2
mnist_cls_train/2/9862.png,2
mnist_cls_train/2/30802.png,2
mnist_cls_train/2/56498.png,2
mnist_cls_train/2/52006.png,2
mnist_cls_train/2/7476.png,2
mnist_cls_train/2/27614.png,2
mnist_cls_train/2/27548.png,2
mnist_cls_train/2/1679.png,2
mnist_cls_train/2/29334.png,2
mnist_cls_train/2/25691.png,2
mnist_cls_train/2/21006.png,2
mnist_cls_train/2/29640.png,2
mnist_cls_train/2/43590.png,2
mnist_cls_train/2/11738.png,2
mnist_cls_train/2/28293.png,2
mnist_cls_train/2/21024.png,2
mnist_cls_train/2/46394.png,2
mnist_cls_train/2/57976.png,2
mnist_cls_train/2/11086.png,2
mnist_cls_train/2/12582.png,2
mnist_cls_train/2/26312.png,2
mnist_cls_train/2/15278.png,2
mnist_cls_train/2/46663.png,2
mnist_cls_train/2/43376.png,2
mnist_cls_train/2/58670.png,2
mnist_cls_train/2/22411.png,2
mnist_cls_train/2/16683.png,2
mnist_cls_train/2/24836.png,2
mnist_cls_train/2/54315.png,2
mnist_cls_train/2/40376.png,2
mnist_cls_train/2/38040.png,2
mnist_cls_train/2/33897.png,2
mnist_cls_train/2/32170.png,2
mnist_cls_train/2/52142.png,2
mnist_cls_train/2/36423.png,2
mnist_cls_train/2/33047.png,2
mnist_cls_train/2/21251.png,2
mnist_cls_train/2/41794.png,2
mnist_cls_train/2/5790.png,2
mnist_cls_train/2/32382.png,2
mnist_cls_train/2/43441.png,2
mnist_cls_train/2/19784.png,2
mnist_cls_train/2/20065.png,2
mnist_cls_train/2/16200.png,2
mnist_cls_train/2/2866.png,2
mnist_cls_train/2/59555.png,2
mnist_cls_train/2/29017.png,2
mnist_cls_train/2/25920.png,2
mnist_cls_train/2/38720.png,2
mnist_cls_train/2/59222.png,2
mnist_cls_train/2/50504.png,2
mnist_cls_train/2/4697.png,2
mnist_cls_train/2/13043.png,2
mnist_cls_train/2/50096.png,2
mnist_cls_train/2/38793.png,2
mnist_cls_train/2/3902.png,2
mnist_cls_train/2/5013.png,2
mnist_cls_train/2/49782.png,2
mnist_cls_train/2/53388.png,2
mnist_cls_train/2/2879.png,2
mnist_cls_train/2/44549.png,2
mnist_cls_train/2/22696.png,2
mnist_cls_train/2/17729.png,2
mnist_cls_train/2/46540.png,2
mnist_cls_train/2/30329.png,2
mnist_cls_train/2/48063.png,2
mnist_cls_train/2/4651.png,2
mnist_cls_train/2/20967.png,2
mnist_cls_train/2/19463.png,2
mnist_cls_train/2/30810.png,2
mnist_cls_train/2/13406.png,2
mnist_cls_train/2/52834.png,2
mnist_cls_train/2/47531.png,2
mnist_cls_train/2/26927.png,2
mnist_cls_train/2/54806.png,2
mnist_cls_train/2/45972.png,2
mnist_cls_train/2/26504.png,2
mnist_cls_train/2/33297.png,2
mnist_cls_train/2/47649.png,2
mnist_cls_train/2/51726.png,2
mnist_cls_train/2/3569.png,2
mnist_cls_train/2/22249.png,2
mnist_cls_train/2/17241.png,2
mnist_cls_train/2/25329.png,2
mnist_cls_train/2/59317.png,2
mnist_cls_train/2/19808.png,2
mnist_cls_train/2/23564.png,2
mnist_cls_train/2/19903.png,2
mnist_cls_train/2/44901.png,2
mnist_cls_train/2/29720.png,2
mnist_cls_train/2/46783.png,2
mnist_cls_train/2/6114.png,2
mnist_cls_train/2/42918.png,2
mnist_cls_train/2/28404.png,2
mnist_cls_train/2/28567.png,2
mnist_cls_train/2/37412.png,2
mnist_cls_train/2/42693.png,2
mnist_cls_train/2/7587.png,2
mnist_cls_train/2/2354.png,2
mnist_cls_train/2/25570.png,2
mnist_cls_train/2/38009.png,2
mnist_cls_train/2/45085.png,2
mnist_cls_train/2/57086.png,2
mnist_cls_train/2/39921.png,2
mnist_cls_train/2/35835.png,2
mnist_cls_train/2/4185.png,2
mnist_cls_train/2/55540.png,2
mnist_cls_train/2/35220.png,2
mnist_cls_train/2/25157.png,2
mnist_cls_train/2/49089.png,2
mnist_cls_train/2/56514.png,2
mnist_cls_train/2/14378.png,2
mnist_cls_train/2/3578.png,2
mnist_cls_train/2/55526.png,2
mnist_cls_train/2/34961.png,2
mnist_cls_train/2/46288.png,2
mnist_cls_train/2/26221.png,2
mnist_cls_train/2/57755.png,2
mnist_cls_train/2/19397.png,2
mnist_cls_train/2/48231.png,2
mnist_cls_train/2/25122.png,2
mnist_cls_train/2/32606.png,2
mnist_cls_train/2/26333.png,2
mnist_cls_train/2/44364.png,2
mnist_cls_train/3/49814.png,3
mnist_cls_train/3/43235.png,3
mnist_cls_train/3/12592.png,3
mnist_cls_train/3/36755.png,3
mnist_cls_train/3/24969.png,3
mnist_cls_train/3/39706.png,3
mnist_cls_train/3/2580.png,3
mnist_cls_train/3/33400.png,3
mnist_cls_train/3/35249.png,3
mnist_cls_train/3/39618.png,3
mnist_cls_train/3/40481.png,3
mnist_cls_train/3/30011.png,3
mnist_cls_train/3/50989.png,3
mnist_cls_train/3/36154.png,3
mnist_cls_train/3/29289.png,3
mnist_cls_train/3/57488.png,3
mnist_cls_train/3/33161.png,3
mnist_cls_train/3/26550.png,3
mnist_cls_train/3/3233.png,3
mnist_cls_train/3/7521.png,3
mnist_cls_train/3/14765.png,3
mnist_cls_train/3/25630.png,3
mnist_cls_train/3/48917.png,3
mnist_cls_train/3/966.png,3
mnist_cls_train/3/1077.png,3
mnist_cls_train/3/21221.png,3
mnist_cls_train/3/12218.png,3
mnist_cls_train/3/19620.png,3
mnist_cls_train/3/51991.png,3
mnist_cls_train/3/31610.png,3
mnist_cls_train/3/21673.png,3
mnist_cls_train/3/2632.png,3
mnist_cls_train/3/51471.png,3
mnist_cls_train/3/4881.png,3
mnist_cls_train/3/6750.png,3
mnist_cls_train/3/34085.png,3
mnist_cls_train/3/55432.png,3
mnist_cls_train/3/49286.png,3
mnist_cls_train/3/55017.png,3
mnist_cls_train/3/48798.png,3
mnist_cls_train/3/42971.png,3
mnist_cls_train/3/52446.png,3
mnist_cls_train/3/4342.png,3
mnist_cls_train/3/18039.png,3
mnist_cls_train/3/19302.png,3
mnist_cls_train/3/33240.png,3
mnist_cls_train/3/36082.png,3
mnist_cls_train/3/32267.png,3
mnist_cls_train/3/43943.png,3
mnist_cls_train/3/25882.png,3
mnist_cls_train/3/32209.png,3
mnist_cls_train/3/18630.png,3
mnist_cls_train/3/9864.png,3
mnist_cls_train/3/17242.png,3
mnist_cls_train/3/37169.png,3
mnist_cls_train/3/9192.png,3
mnist_cls_train/3/21938.png,3
mnist_cls_train/3/56966.png,3
mnist_cls_train/3/15647.png,3
mnist_cls_train/3/18826.png,3
mnist_cls_train/3/51717.png,3
mnist_cls_train/3/5207.png,3
mnist_cls_train/3/7966.png,3
mnist_cls_train/3/14166.png,3
mnist_cls_train/3/55923.png,3
mnist_cls_train/3/29719.png,3
mnist_cls_train/3/33229.png,3
mnist_cls_train/3/36406.png,3
mnist_cls_train/3/6784.png,3
mnist_cls_train/3/46856.png,3
mnist_cls_train/3/58874.png,3
mnist_cls_train/3/1436.png,3
mnist_cls_train/3/26403.png,3
mnist_cls_train/3/52027.png,3
mnist_cls_train/3/36592.png,3
mnist_cls_train/3/8557.png,3
mnist_cls_train/3/27946.png,3
mnist_cls_train/3/12913.png,3
mnist_cls_train/3/59691.png,3
mnist_cls_train/3/28820.png,3
mnist_cls_train/3/23043.png,3
mnist_cls_train/3/12225.png,3
mnist_cls_train/3/22668.png,3
mnist_cls_train/3/3997.png,3
mnist_cls_train/3/55377.png,3
mnist_cls_train/3/16375.png,3
mnist_cls_train/3/29844.png,3
mnist_cls_train/3/17148.png,3
mnist_cls_train/3/14566.png,3
mnist_cls_train/3/11301.png,3
mnist_cls_train/3/25208.png,3
mnist_cls_train/3/44142.png,3
mnist_cls_train/3/52974.png,3
mnist_cls_train/3/14450.png,3
mnist_cls_train/3/34289.png,3
mnist_cls_train/3/9107.png,3
mnist_cls_train/3/20805.png,3
mnist_cls_train/3/11377.png,3
mnist_cls_train/3/52111.png,3
mnist_cls_train/3/19863.png,3
mnist_cls_train/3/15945.png,3
mnist_cls_train/3/10921.png,3
mnist_cls_train/3/25645.png,3
mnist_cls_train/3/32275.png,3
mnist_cls_train/3/11285.png,3
mnist_cls_train/3/42758.png,3
mnist_cls_train/3/8756.png,3
mnist_cls_train/3/32881.png,3
mnist_cls_train/3/30907.png,3
mnist_cls_train/3/49826.png,3
mnist_cls_train/3/58931.png,3
mnist_cls_train/3/22598.png,3
mnist_cls_train/3/49648.png,3
mnist_cls_train/3/11234.png,3
mnist_cls_train/3/30962.png,3
mnist_cls_train/3/51091.png,3
mnist_cls_train/3/28913.png,3
mnist_cls_train/3/30591.png,3
mnist_cls_train/3/33114.png,3
mnist_cls_train/3/20051.png,3
mnist_cls_train/3/26358.png,3
mnist_cls_train/3/39686.png,3
mnist_cls_train/3/10520.png,3
mnist_cls_train/3/31446.png,3
mnist_cls_train/3/7626.png,3
mnist_cls_train/3/49142.png,3
mnist_cls_train/3/18847.png,3
mnist_cls_train/3/1121.png,3
mnist_cls_train/3/16502.png,3
mnist_cls_train/3/24373.png,3
mnist_cls_train/3/37912.png,3
mnist_cls_train/3/55038.png,3
mnist_cls_train/3/9602.png,3
mnist_cls_train/3/14527.png,3
mnist_cls_train/3/38239.png,3
mnist_cls_train/3/40254.png,3
mnist_cls_train/3/8350.png,3
mnist_cls_train/3/30740.png,3
mnist_cls_train/3/27435.png,3
mnist_cls_train/3/3609.png,3
mnist_cls_train/3/54147.png,3
mnist_cls_train/3/59996.png,3
mnist_cls_train/3/20344.png,3
mnist_cls_train/3/17127.png,3
mnist_cls_train/3/25311.png,3
mnist_cls_train/3/14456.png,3
mnist_cls_train/3/47173.png,3
mnist_cls_train/3/47818.png,3
mnist_cls_train/3/31409.png,3
mnist_cls_train/3/6427.png,3
mnist_cls_train/3/58503.png,3
mnist_cls_train/3/26711.png,3
mnist_cls_train/3/50936.png,3
mnist_cls_train/3/43380.png,3
mnist_cls_train/3/5497.png,3
mnist_cls_train/3/14303.png,3
mnist_cls_train/3/31021.png,3
mnist_cls_train/3/36329.png,3
mnist_cls_train/3/11083.png,3
mnist_cls_train/3/9871.png,3
mnist_cls_train/3/46187.png,3
mnist_cls_train/3/26171.png,3
mnist_cls_train/3/25631.png,3
mnist_cls_train/3/19878.png,3
mnist_cls_train/3/13242.png,3
mnist_cls_train/3/46409.png,3
mnist_cls_train/3/14935.png,3
mnist_cls_train/3/19548.png,3
mnist_cls_train/3/43762.png,3
mnist_cls_train/3/25996.png,3
mnist_cls_train/3/58048.png,3
mnist_cls_train/3/9053.png,3
mnist_cls_train/3/57264.png,3
mnist_cls_train/3/40636.png,3
mnist_cls_train/3/11233.png,3
mnist_cls_train/3/36242.png,3
mnist_cls_train/3/46449.png,3
mnist_cls_train/3/42248.png,3
mnist_cls_train/3/36645.png,3
mnist_cls_train/3/55732.png,3
mnist_cls_train/3/32490.png,3
mnist_cls_train/3/59137.png,3
mnist_cls_train/3/35568.png,3
mnist_cls_train/3/17993.png,3
mnist_cls_train/3/51237.png,3
mnist_cls_train/3/7767.png,3
mnist_cls_train/3/21974.png,3
mnist_cls_train/3/40655.png,3
mnist_cls_train/3/45477.png,3
mnist_cls_train/3/4068.png,3
mnist_cls_train/3/31936.png,3
mnist_cls_train/3/19739.png,3
mnist_cls_train/3/5092.png,3
mnist_cls_train/3/37443.png,3
mnist_cls_train/3/42907.png,3
mnist_cls_train/3/29225.png,3
mnist_cls_train/3/54343.png,3
mnist_cls_train/3/3323.png,3
mnist_cls_train/3/59168.png,3
mnist_cls_train/3/41565.png,3
mnist_cls_train/3/24512.png,3
mnist_cls_train/3/34685.png,3
mnist_cls_train/3/17810.png,3
mnist_cls_train/3/14410.png,3
mnist_cls_train/3/16676.png,3
mnist_cls_train/3/14275.png,3
mnist_cls_train/3/53724.png,3
mnist_cls_train/3/57172.png,3
mnist_cls_train/3/19631.png,3
mnist_cls_train/3/14210.png,3
mnist_cls_train/3/18827.png,3
mnist_cls_train/3/43739.png,3
mnist_cls_train/3/6576.png,3
mnist_cls_train/3/3347.png,3
mnist_cls_train/3/54530.png,3
mnist_cls_train/3/20329.png,3
mnist_cls_train/3/22569.png,3
mnist_cls_train/3/57804.png,3
mnist_cls_train/3/28916.png,3
mnist_cls_train/3/17403.png,3
mnist_cls_train/3/3893.png,3
mnist_cls_train/3/43196.png,3
mnist_cls_train/3/43014.png,3
mnist_cls_train/3/15077.png,3
mnist_cls_train/3/51909.png,3
mnist_cls_train/3/44240.png,3
mnist_cls_train/3/41740.png,3
mnist_cls_train/3/19615.png,3
mnist_cls_train/3/731.png,3
mnist_cls_train/3/52464.png,3
mnist_cls_train/3/17731.png,3
mnist_cls_train/3/13909.png,3
mnist_cls_train/3/12882.png,3
mnist_cls_train/3/9443.png,3
mnist_cls_train/3/1603.png,3
mnist_cls_train/3/17355.png,3
mnist_cls_train/3/992.png,3
mnist_cls_train/3/44032.png,3
mnist_cls_train/3/23046.png,3
mnist_cls_train/3/59643.png,3
mnist_cls_train/3/57584.png,3
mnist_cls_train/3/36525.png,3
mnist_cls_train/3/34712.png,3
mnist_cls_train/3/14856.png,3
mnist_cls_train/3/5660.png,3
mnist_cls_train/3/49955.png,3
mnist_cls_train/3/53630.png,3
mnist_cls_train/3/15681.png,3
mnist_cls_train/3/50969.png,3
mnist_cls_train/3/40578.png,3
mnist_cls_train/3/48352.png,3
mnist_cls_train/3/13704.png,3
mnist_cls_train/3/14394.png,3
mnist_cls_train/3/41015.png,3
mnist_cls_train/3/12698.png,3
mnist_cls_train/3/35911.png,3
mnist_cls_train/3/10091.png,3
mnist_cls_train/3/55649.png,3
mnist_cls_train/3/17471.png,3
mnist_cls_train/3/6347.png,3
mnist_cls_train/3/51343.png,3
mnist_cls_train/3/40382.png,3
mnist_cls_train/3/47329.png,3
mnist_cls_train/3/1357.png,3
mnist_cls_train/3/44557.png,3
mnist_cls_train/3/16774.png,3
mnist_cls_train/3/215.png,3
mnist_cls_train/3/20220.png,3
mnist_cls_train/3/25331.png,3
mnist_cls_train/3/42526.png,3
mnist_cls_train/3/20842.png,3
mnist_cls_train/3/43327.png,3
mnist_cls_train/3/17104.png,3
mnist_cls_train/3/43171.png,3
mnist_cls_train/3/23731.png,3
mnist_cls_train/3/46406.png,3
mnist_cls_train/3/5127.png,3
mnist_cls_train/3/31452.png,3
mnist_cls_train/3/45419.png,3
mnist_cls_train/3/50950.png,3
mnist_cls_train/3/16125.png,3
mnist_cls_train/3/45658.png,3
mnist_cls_train/3/35833.png,3
mnist_cls_train/3/49670.png,3
mnist_cls_train/3/39312.png,3
mnist_cls_train/3/37524.png,3
mnist_cls_train/3/22000.png,3
mnist_cls_train/3/31680.png,3
mnist_cls_train/3/5987.png,3
mnist_cls_train/3/35015.png,3
mnist_cls_train/3/3150.png,3
mnist_cls_train/3/42954.png,3
mnist_cls_train/3/6299.png,3
mnist_cls_train/3/6858.png,3
mnist_cls_train/3/18615.png,3
mnist_cls_train/3/10330.png,3
mnist_cls_train/3/13250.png,3
mnist_cls_train/3/6539.png,3
mnist_cls_train/3/1007.png,3
mnist_cls_train/3/33029.png,3
mnist_cls_train/3/43658.png,3
mnist_cls_train/3/20553.png,3
mnist_cls_train/3/33432.png,3
mnist_cls_train/3/35658.png,3
mnist_cls_train/3/29458.png,3
mnist_cls_train/3/3220.png,3
mnist_cls_train/3/22113.png,3
mnist_cls_train/3/53252.png,3
mnist_cls_train/3/37197.png,3
mnist_cls_train/3/13629.png,3
mnist_cls_train/3/36021.png,3
mnist_cls_train/3/33022.png,3
mnist_cls_train/3/47496.png,3
mnist_cls_train/3/39359.png,3
mnist_cls_train/3/29800.png,3
mnist_cls_train/3/39445.png,3
mnist_cls_train/3/35557.png,3
mnist_cls_train/3/42212.png,3
mnist_cls_train/3/1644.png,3
mnist_cls_train/3/47217.png,3
mnist_cls_train/3/7976.png,3
mnist_cls_train/3/17010.png,3
mnist_cls_train/3/29882.png,3
mnist_cls_train/3/12617.png,3
mnist_cls_train/3/3713.png,3
mnist_cls_train/3/34629.png,3
mnist_cls_train/3/20426.png,3
mnist_cls_train/3/23076.png,3
mnist_cls_train/3/17257.png,3
mnist_cls_train/3/16111.png,3
mnist_cls_train/3/21866.png,3
mnist_cls_train/3/33828.png,3
mnist_cls_train/3/35949.png,3
mnist_cls_train/3/39768.png,3
mnist_cls_train/3/13181.png,3
mnist_cls_train/3/32044.png,3
mnist_cls_train/3/54073.png,3
mnist_cls_train/3/17588.png,3
mnist_cls_train/3/38983.png,3
mnist_cls_train/3/57278.png,3
mnist_cls_train/3/21625.png,3
mnist_cls_train/3/55054.png,3
mnist_cls_train/3/57492.png,3
mnist_cls_train/3/13288.png,3
mnist_cls_train/3/36076.png,3
mnist_cls_train/3/45597.png,3
mnist_cls_train/3/25955.png,3
mnist_cls_train/3/43659.png,3
mnist_cls_train/3/8077.png,3
mnist_cls_train/3/21026.png,3
mnist_cls_train/3/45275.png,3
mnist_cls_train/3/6844.png,3
mnist_cls_train/3/10953.png,3
mnist_cls_train/3/2207.png,3
mnist_cls_train/3/55926.png,3
mnist_cls_train/3/28431.png,3
mnist_cls_train/3/9355.png,3
mnist_cls_train/3/2720.png,3
mnist_cls_train/3/21156.png,3
mnist_cls_train/3/45796.png,3
mnist_cls_train/3/48163.png,3
mnist_cls_train/3/32106.png,3
mnist_cls_train/3/40375.png,3
mnist_cls_train/3/10161.png,3
mnist_cls_train/3/21261.png,3
mnist_cls_train/3/59375.png,3
mnist_cls_train/3/54008.png,3
mnist_cls_train/3/3201.png,3
mnist_cls_train/3/33239.png,3
mnist_cls_train/3/26081.png,3
mnist_cls_train/3/25296.png,3
mnist_cls_train/3/28391.png,3
mnist_cls_train/3/31347.png,3
mnist_cls_train/3/48431.png,3
mnist_cls_train/3/9685.png,3
mnist_cls_train/3/34547.png,3
mnist_cls_train/3/28026.png,3
mnist_cls_train/3/58237.png,3
mnist_cls_train/3/37503.png,3
mnist_cls_train/3/15139.png,3
mnist_cls_train/3/11259.png,3
mnist_cls_train/3/53903.png,3
mnist_cls_train/3/50892.png,3
mnist_cls_train/3/37478.png,3
mnist_cls_train/3/2760.png,3
mnist_cls_train/3/2286.png,3
mnist_cls_train/3/44303.png,3
mnist_cls_train/3/3491.png,3
mnist_cls_train/3/54735.png,3
mnist_cls_train/3/16411.png,3
mnist_cls_train/3/43029.png,3
mnist_cls_train/3/27784.png,3
mnist_cls_train/3/31579.png,3
mnist_cls_train/3/6420.png,3
mnist_cls_train/3/3124.png,3
mnist_cls_train/3/25922.png,3
mnist_cls_train/3/23888.png,3
mnist_cls_train/3/17521.png,3
mnist_cls_train/3/22404.png,3
mnist_cls_train/3/20872.png,3
mnist_cls_train/3/37540.png,3
mnist_cls_train/3/5379.png,3
mnist_cls_train/3/8164.png,3
mnist_cls_train/3/58268.png,3
mnist_cls_train/3/54767.png,3
mnist_cls_train/3/22999.png,3
mnist_cls_train/3/43043.png,3
mnist_cls_train/3/17553.png,3
mnist_cls_train/3/28759.png,3
mnist_cls_train/3/2241.png,3
mnist_cls_train/3/12995.png,3
mnist_cls_train/3/35803.png,3
mnist_cls_train/3/58249.png,3
mnist_cls_train/3/50000.png,3
mnist_cls_train/3/4295.png,3
mnist_cls_train/3/4883.png,3
mnist_cls_train/3/51401.png,3
mnist_cls_train/3/58411.png,3
mnist_cls_train/3/4736.png,3
mnist_cls_train/3/13109.png,3
mnist_cls_train/3/30131.png,3
mnist_cls_train/3/45046.png,3
mnist_cls_train/3/24524.png,3
mnist_cls_train/3/36103.png,3
mnist_cls_train/3/28343.png,3
mnist_cls_train/3/22721.png,3
mnist_cls_train/3/35132.png,3
mnist_cls_train/3/11232.png,3
mnist_cls_train/3/20213.png,3
mnist_cls_train/3/56164.png,3
mnist_cls_train/3/10760.png,3
mnist_cls_train/3/7862.png,3
mnist_cls_train/3/23130.png,3
mnist_cls_train/3/27786.png,3
mnist_cls_train/3/3938.png,3
mnist_cls_train/3/21831.png,3
mnist_cls_train/3/25116.png,3
mnist_cls_train/3/43562.png,3
mnist_cls_train/3/46621.png,3
mnist_cls_train/3/12451.png,3
mnist_cls_train/3/25590.png,3
mnist_cls_train/3/42303.png,3
mnist_cls_train/3/30362.png,3
mnist_cls_train/3/33587.png,3
mnist_cls_train/3/42909.png,3
mnist_cls_train/3/15292.png,3
mnist_cls_train/3/45990.png,3
mnist_cls_train/3/21415.png,3
mnist_cls_train/3/2230.png,3
mnist_cls_train/3/57765.png,3
mnist_cls_train/3/54849.png,3
mnist_cls_train/3/31703.png,3
mnist_cls_train/3/9779.png,3
mnist_cls_train/3/16945.png,3
mnist_cls_train/3/24099.png,3
mnist_cls_train/3/56398.png,3
mnist_cls_train/3/19075.png,3
mnist_cls_train/3/55103.png,3
mnist_cls_train/3/21864.png,3
mnist_cls_train/3/51686.png,3
mnist_cls_train/3/59818.png,3
mnist_cls_train/3/35376.png,3
mnist_cls_train/3/27670.png,3
mnist_cls_train/3/17062.png,3
mnist_cls_train/3/45758.png,3
mnist_cls_train/3/9146.png,3
mnist_cls_train/3/26013.png,3
mnist_cls_train/3/9004.png,3
mnist_cls_train/3/14803.png,3
mnist_cls_train/3/6594.png,3
mnist_cls_train/3/25107.png,3
mnist_cls_train/3/2740.png,3
mnist_cls_train/3/49560.png,3
mnist_cls_train/3/14297.png,3
mnist_cls_train/3/57762.png,3
mnist_cls_train/3/24448.png,3
mnist_cls_train/3/11489.png,3
mnist_cls_train/3/24672.png,3
mnist_cls_train/3/21182.png,3
mnist_cls_train/3/24603.png,3
mnist_cls_train/3/40722.png,3
mnist_cls_train/3/953.png,3
mnist_cls_train/3/12877.png,3
mnist_cls_train/3/15336.png,3
mnist_cls_train/3/9851.png,3
mnist_cls_train/3/42114.png,3
mnist_cls_train/3/50481.png,3
mnist_cls_train/3/6230.png,3
mnist_cls_train/3/34597.png,3
mnist_cls_train/3/53305.png,3
mnist_cls_train/3/46923.png,3
mnist_cls_train/3/45396.png,3
mnist_cls_train/3/37690.png,3
mnist_cls_train/3/39317.png,3
mnist_cls_train/3/39099.png,3
mnist_cls_train/3/45398.png,3
mnist_cls_train/3/22674.png,3
mnist_cls_train/3/45734.png,3
mnist_cls_train/3/52022.png,3
mnist_cls_train/3/37118.png,3
mnist_cls_train/3/47510.png,3
mnist_cls_train/3/55592.png,3
mnist_cls_train/3/57522.png,3
mnist_cls_train/3/10483.png,3
mnist_cls_train/3/43654.png,3
mnist_cls_train/3/24284.png,3
mnist_cls_train/3/30229.png,3
mnist_cls_train/3/11341.png,3
mnist_cls_train/3/39136.png,3
mnist_cls_train/3/29610.png,3
mnist_cls_train/3/24451.png,3
mnist_cls_train/3/20538.png,3
mnist_cls_train/3/55746.png,3
mnist_cls_train/3/58406.png,3
mnist_cls_train/3/13931.png,3
mnist_cls_train/3/58892.png,3
mnist_cls_train/3/13601.png,3
mnist_cls_train/3/39489.png,3
mnist_cls_train/3/23977.png,3
mnist_cls_train/3/5186.png,3
mnist_cls_train/3/11021.png,3
mnist_cls_train/3/8888.png,3
mnist_cls_train/3/11618.png,3
mnist_cls_train/3/1829.png,3
mnist_cls_train/3/16491.png,3
mnist_cls_train/3/44546.png,3
mnist_cls_train/3/16922.png,3
mnist_cls_train/3/40384.png,3
mnist_cls_train/3/29294.png,3
mnist_cls_train/3/12990.png,3
mnist_cls_train/3/18069.png,3
mnist_cls_train/3/41765.png,3
mnist_cls_train/3/39181.png,3
mnist_cls_train/3/50340.png,3
mnist_cls_train/3/21582.png,3
mnist_cls_train/3/47207.png,3
mnist_cls_train/3/27573.png,3
mnist_cls_train/3/11011.png,3
mnist_cls_train/3/29899.png,3
mnist_cls_train/3/24111.png,3
mnist_cls_train/3/40996.png,3
mnist_cls_train/3/1055.png,3
mnist_cls_train/3/8254.png,3
mnist_cls_train/3/37928.png,3
mnist_cls_train/3/48965.png,3
mnist_cls_train/3/4373.png,3
mnist_cls_train/3/9664.png,3
mnist_cls_train/3/56738.png,3
mnist_cls_train/3/36216.png,3
mnist_cls_train/3/452.png,3
mnist_cls_train/3/25586.png,3
mnist_cls_train/3/44462.png,3
mnist_cls_train/3/57173.png,3
mnist_cls_train/3/6561.png,3
mnist_cls_train/3/42441.png,3
mnist_cls_train/3/49254.png,3
mnist_cls_train/3/38507.png,3
mnist_cls_train/3/54977.png,3
mnist_cls_train/3/55062.png,3
mnist_cls_train/3/18249.png,3
mnist_cls_train/3/58173.png,3
mnist_cls_train/3/9412.png,3
mnist_cls_train/3/35122.png,3
mnist_cls_train/3/12967.png,3
mnist_cls_train/3/10826.png,3
mnist_cls_train/3/26880.png,3
mnist_cls_train/3/58774.png,3
mnist_cls_train/3/57879.png,3
mnist_cls_train/3/57679.png,3
mnist_cls_train/3/2524.png,3
mnist_cls_train/3/12828.png,3
mnist_cls_train/3/49406.png,3
mnist_cls_train/3/26878.png,3
mnist_cls_train/3/52096.png,3
mnist_cls_train/3/39469.png,3
mnist_cls_train/3/3462.png,3
mnist_cls_train/3/40866.png,3
mnist_cls_train/3/13099.png,3
mnist_cls_train/3/21381.png,3
mnist_cls_train/3/10493.png,3
mnist_cls_train/3/28371.png,3
mnist_cls_train/3/6856.png,3
mnist_cls_train/3/50369.png,3
mnist_cls_train/3/4490.png,3
mnist_cls_train/3/59828.png,3
mnist_cls_train/3/40763.png,3
mnist_cls_train/3/34333.png,3
mnist_cls_train/3/10887.png,3
mnist_cls_train/3/9226.png,3
mnist_cls_train/3/18977.png,3
mnist_cls_train/3/45586.png,3
mnist_cls_train/3/31960.png,3
mnist_cls_train/3/22206.png,3
mnist_cls_train/3/34684.png,3
mnist_cls_train/3/7412.png,3
mnist_cls_train/3/32157.png,3
mnist_cls_train/3/52240.png,3
mnist_cls_train/3/14577.png,3
mnist_cls_train/3/45601.png,3
mnist_cls_train/3/12677.png,3
mnist_cls_train/3/16861.png,3
mnist_cls_train/3/4281.png,3
mnist_cls_train/3/21622.png,3
mnist_cls_train/3/18974.png,3
mnist_cls_train/3/29153.png,3
mnist_cls_train/3/3591.png,3
mnist_cls_train/3/5567.png,3
mnist_cls_train/3/50688.png,3
mnist_cls_train/3/43080.png,3
mnist_cls_train/3/9913.png,3
mnist_cls_train/3/39904.png,3
mnist_cls_train/3/19338.png,3
mnist_cls_train/3/38083.png,3
mnist_cls_train/3/43456.png,3
mnist_cls_train/3/44684.png,3
mnist_cls_train/3/15443.png,3
mnist_cls_train/3/2568.png,3
mnist_cls_train/3/15210.png,3
mnist_cls_train/3/4823.png,3
mnist_cls_train/3/14825.png,3
mnist_cls_train/3/48324.png,3
mnist_cls_train/3/28485.png,3
mnist_cls_train/3/31587.png,3
mnist_cls_train/3/8830.png,3
mnist_cls_train/3/13673.png,3
mnist_cls_train/3/32194.png,3
mnist_cls_train/3/59512.png,3
mnist_cls_train/3/2489.png,3
mnist_cls_train/3/57351.png,3
mnist_cls_train/3/36990.png,3
mnist_cls_train/3/37280.png,3
mnist_cls_train/3/39184.png,3
mnist_cls_train/3/55383.png,3
mnist_cls_train/3/43287.png,3
mnist_cls_train/3/44440.png,3
mnist_cls_train/3/43869.png,3
mnist_cls_train/3/42669.png,3
mnist_cls_train/3/23812.png,3
mnist_cls_train/3/12879.png,3
mnist_cls_train/3/6612.png,3
mnist_cls_train/3/32284.png,3
mnist_cls_train/3/15793.png,3
mnist_cls_train/3/55378.png,3
mnist_cls_train/3/22728.png,3
mnist_cls_train/3/50206.png,3
mnist_cls_train/3/42636.png,3
mnist_cls_train/3/45321.png,3
mnist_cls_train/3/17988.png,3
mnist_cls_train/3/6658.png,3
mnist_cls_train/3/6601.png,3
mnist_cls_train/3/4543.png,3
mnist_cls_train/3/56974.png,3
mnist_cls_train/3/19549.png,3
mnist_cls_train/3/28995.png,3
mnist_cls_train/3/5642.png,3
mnist_cls_train/3/19230.png,3
mnist_cls_train/3/43644.png,3
mnist_cls_train/3/715.png,3
mnist_cls_train/3/24369.png,3
mnist_cls_train/3/10527.png,3
mnist_cls_train/3/33758.png,3
mnist_cls_train/3/50922.png,3
mnist_cls_train/3/4154.png,3
mnist_cls_train/3/25222.png,3
mnist_cls_train/3/44305.png,3
mnist_cls_train/3/51617.png,3
mnist_cls_train/3/16372.png,3
mnist_cls_train/3/41573.png,3
mnist_cls_train/3/13325.png,3
mnist_cls_train/3/44468.png,3
mnist_cls_train/3/45015.png,3
mnist_cls_train/3/33583.png,3
mnist_cls_train/3/2671.png,3
mnist_cls_train/3/51946.png,3
mnist_cls_train/3/11752.png,3
mnist_cls_train/3/33694.png,3
mnist_cls_train/3/41590.png,3
mnist_cls_train/3/9706.png,3
mnist_cls_train/3/10696.png,3
mnist_cls_train/3/39675.png,3
mnist_cls_train/3/56337.png,3
mnist_cls_train/3/48662.png,3
mnist_cls_train/3/18061.png,3
mnist_cls_train/3/45983.png,3
mnist_cls_train/3/5637.png,3
mnist_cls_train/3/46736.png,3
mnist_cls_train/3/56006.png,3
mnist_cls_train/3/59038.png,3
mnist_cls_train/3/43428.png,3
mnist_cls_train/3/40575.png,3
mnist_cls_train/3/3400.png,3
mnist_cls_train/3/46681.png,3
mnist_cls_train/3/54270.png,3
mnist_cls_train/3/26033.png,3
mnist_cls_train/3/57909.png,3
mnist_cls_train/3/53758.png,3
mnist_cls_train/3/54413.png,3
mnist_cls_train/3/4864.png,3
mnist_cls_train/3/38180.png,3
mnist_cls_train/3/22318.png,3
mnist_cls_train/3/57983.png,3
mnist_cls_train/3/1921.png,3
mnist_cls_train/3/19962.png,3
mnist_cls_train/3/55698.png,3
mnist_cls_train/3/40931.png,3
mnist_cls_train/3/4552.png,3
mnist_cls_train/3/17575.png,3
mnist_cls_train/3/28107.png,3
mnist_cls_train/3/28444.png,3
mnist_cls_train/3/16564.png,3
mnist_cls_train/3/7415.png,3
mnist_cls_train/3/22943.png,3
mnist_cls_train/3/17175.png,3
mnist_cls_train/3/49230.png,3
mnist_cls_train/3/48579.png,3
mnist_cls_train/3/31719.png,3
mnist_cls_train/3/34076.png,3
mnist_cls_train/3/34710.png,3
mnist_cls_train/3/21596.png,3
mnist_cls_train/3/37729.png,3
mnist_cls_train/3/50680.png,3
mnist_cls_train/3/38281.png,3
mnist_cls_train/3/32137.png,3
mnist_cls_train/3/17621.png,3
mnist_cls_train/3/53332.png,3
mnist_cls_train/3/37361.png,3
mnist_cls_train/3/29958.png,3
mnist_cls_train/3/24144.png,3
mnist_cls_train/3/1599.png,3
mnist_cls_train/3/19708.png,3
mnist_cls_train/3/53838.png,3
mnist_cls_train/3/34204.png,3
mnist_cls_train/3/26008.png,3
mnist_cls_train/3/58544.png,3
mnist_cls_train/3/54174.png,3
mnist_cls_train/3/11978.png,3
mnist_cls_train/3/7422.png,3
mnist_cls_train/3/8551.png,3
mnist_cls_train/3/18752.png,3
mnist_cls_train/3/42419.png,3
mnist_cls_train/3/49156.png,3
mnist_cls_train/3/24271.png,3
mnist_cls_train/3/16344.png,3
mnist_cls_train/3/6966.png,3
mnist_cls_train/3/51947.png,3
mnist_cls_train/3/17333.png,3
mnist_cls_train/3/46247.png,3
mnist_cls_train/3/52713.png,3
mnist_cls_train/3/7192.png,3
mnist_cls_train/3/14320.png,3
mnist_cls_train/3/57312.png,3
mnist_cls_train/3/36887.png,3
mnist_cls_train/3/51555.png,3
mnist_cls_train/3/16134.png,3
mnist_cls_train/3/18812.png,3
mnist_cls_train/3/55962.png,3
mnist_cls_train/3/27625.png,3
mnist_cls_train/3/1068.png,3
mnist_cls_train/3/5911.png,3
mnist_cls_train/3/20492.png,3
mnist_cls_train/3/15701.png,3
mnist_cls_train/3/15261.png,3
mnist_cls_train/3/4956.png,3
mnist_cls_train/3/54062.png,3
mnist_cls_train/3/10668.png,3
mnist_cls_train/3/30306.png,3
mnist_cls_train/3/15052.png,3
mnist_cls_train/3/31745.png,3
mnist_cls_train/3/49410.png,3
mnist_cls_train/3/55751.png,3
mnist_cls_train/3/49821.png,3
mnist_cls_train/3/50364.png,3
mnist_cls_train/3/42508.png,3
mnist_cls_train/3/54016.png,3
mnist_cls_train/3/5616.png,3
mnist_cls_train/3/2964.png,3
mnist_cls_train/3/53570.png,3
mnist_cls_train/3/50417.png,3
mnist_cls_train/3/37996.png,3
mnist_cls_train/3/48974.png,3
mnist_cls_train/3/26715.png,3
mnist_cls_train/3/3655.png,3
mnist_cls_train/3/24610.png,3
mnist_cls_train/3/21570.png,3
mnist_cls_train/3/56475.png,3
mnist_cls_train/3/15226.png,3
mnist_cls_train/3/19181.png,3
mnist_cls_train/3/32376.png,3
mnist_cls_train/3/36262.png,3
mnist_cls_train/3/29061.png,3
mnist_cls_train/3/23820.png,3
mnist_cls_train/3/4352.png,3
mnist_cls_train/3/47970.png,3
mnist_cls_train/3/36957.png,3
mnist_cls_train/3/9511.png,3
mnist_cls_train/3/12812.png,3
mnist_cls_train/3/36018.png,3
mnist_cls_train/3/8195.png,3
mnist_cls_train/3/38904.png,3
mnist_cls_train/3/21179.png,3
mnist_cls_train/3/26824.png,3
mnist_cls_train/3/30780.png,3
mnist_cls_train/3/7225.png,3
mnist_cls_train/3/21525.png,3
mnist_cls_train/3/43670.png,3
mnist_cls_train/3/45704.png,3
mnist_cls_train/3/50560.png,3
mnist_cls_train/3/49404.png,3
mnist_cls_train/3/47841.png,3
mnist_cls_train/3/37991.png,3
mnist_cls_train/3/55966.png,3
mnist_cls_train/3/33970.png,3
mnist_cls_train/3/58219.png,3
mnist_cls_train/3/46242.png,3
mnist_cls_train/3/35143.png,3
mnist_cls_train/3/12729.png,3
mnist_cls_train/3/47838.png,3
mnist_cls_train/3/19368.png,3
mnist_cls_train/3/2200.png,3
mnist_cls_train/3/15163.png,3
mnist_cls_train/3/47676.png,3
mnist_cls_train/3/20800.png,3
mnist_cls_train/3/55677.png,3
mnist_cls_train/3/32799.png,3
mnist_cls_train/3/45612.png,3
mnist_cls_train/3/12214.png,3
mnist_cls_train/3/50012.png,3
mnist_cls_train/3/20121.png,3
mnist_cls_train/3/1805.png,3
mnist_cls_train/3/14916.png,3
mnist_cls_train/3/35156.png,3
mnist_cls_train/3/56225.png,3
mnist_cls_train/3/46138.png,3
mnist_cls_train/3/52455.png,3
mnist_cls_train/3/38549.png,3
mnist_cls_train/3/3336.png,3
mnist_cls_train/3/12895.png,3
mnist_cls_train/3/26942.png,3
mnist_cls_train/3/4429.png,3
mnist_cls_train/3/28983.png,3
mnist_cls_train/3/56165.png,3
mnist_cls_train/3/15090.png,3
mnist_cls_train/3/26270.png,3
mnist_cls_train/3/45822.png,3
mnist_cls_train/3/6739.png,3
mnist_cls_train/3/53282.png,3
mnist_cls_train/3/11524.png,3
mnist_cls_train/3/52585.png,3
mnist_cls_train/3/45764.png,3
mnist_cls_train/3/33589.png,3
mnist_cls_train/3/29300.png,3
mnist_cls_train/3/56624.png,3
mnist_cls_train/3/32484.png,3
mnist_cls_train/3/41267.png,3
mnist_cls_train/3/34740.png,3
mnist_cls_train/3/17715.png,3
mnist_cls_train/3/17100.png,3
mnist_cls_train/3/35155.png,3
mnist_cls_train/3/39116.png,3
mnist_cls_train/3/7625.png,3
mnist_cls_train/3/5434.png,3
mnist_cls_train/3/32644.png,3
mnist_cls_train/3/59735.png,3
mnist_cls_train/3/35520.png,3
mnist_cls_train/3/47724.png,3
mnist_cls_train/3/23730.png,3
mnist_cls_train/3/13560.png,3
mnist_cls_train/3/7209.png,3
mnist_cls_train/3/33939.png,3
mnist_cls_train/3/20902.png,3
mnist_cls_train/3/15774.png,3
mnist_cls_train/3/26825.png,3
mnist_cls_train/3/12245.png,3
mnist_cls_train/3/10093.png,3
mnist_cls_train/3/26505.png,3
mnist_cls_train/3/27856.png,3
mnist_cls_train/3/57131.png,3
mnist_cls_train/3/21877.png,3
mnist_cls_train/3/47356.png,3
mnist_cls_train/3/55139.png,3
mnist_cls_train/3/42375.png,3
mnist_cls_train/3/46983.png,3
mnist_cls_train/3/28119.png,3
mnist_cls_train/3/50131.png,3
mnist_cls_train/3/9420.png,3
mnist_cls_train/3/1151.png,3
mnist_cls_train/3/59778.png,3
mnist_cls_train/3/29104.png,3
mnist_cls_train/3/56817.png,3
mnist_cls_train/3/6048.png,3
mnist_cls_train/3/33471.png,3
mnist_cls_train/3/38166.png,3
mnist_cls_train/3/27644.png,3
mnist_cls_train/3/58399.png,3
mnist_cls_train/3/23322.png,3
mnist_cls_train/3/47684.png,3
mnist_cls_train/3/42777.png,3
mnist_cls_train/3/14855.png,3
mnist_cls_train/3/26503.png,3
mnist_cls_train/3/56721.png,3
mnist_cls_train/3/26593.png,3
mnist_cls_train/3/38593.png,3
mnist_cls_train/3/43330.png,3
mnist_cls_train/3/52679.png,3
mnist_cls_train/3/18964.png,3
mnist_cls_train/3/41436.png,3
mnist_cls_train/3/49269.png,3
mnist_cls_train/3/47625.png,3
mnist_cls_train/3/10329.png,3
mnist_cls_train/3/37908.png,3
mnist_cls_train/3/51675.png,3
mnist_cls_train/3/29528.png,3
mnist_cls_train/3/36862.png,3
mnist_cls_train/3/43301.png,3
mnist_cls_train/3/41212.png,3
mnist_cls_train/3/31788.png,3
mnist_cls_train/3/13228.png,3
mnist_cls_train/3/33772.png,3
mnist_cls_train/3/48701.png,3
mnist_cls_train/3/56871.png,3
mnist_cls_train/3/52476.png,3
mnist_cls_train/3/29249.png,3
mnist_cls_train/3/8786.png,3
mnist_cls_train/3/41110.png,3
mnist_cls_train/3/58333.png,3
mnist_cls_train/3/53815.png,3
mnist_cls_train/3/9491.png,3
mnist_cls_train/3/15544.png,3
mnist_cls_train/3/13114.png,3
mnist_cls_train/3/38058.png,3
mnist_cls_train/3/57207.png,3
mnist_cls_train/3/41917.png,3
mnist_cls_train/3/30.png,3
mnist_cls_train/3/3699.png,3
mnist_cls_train/3/34526.png,3
mnist_cls_train/3/40401.png,3
mnist_cls_train/3/43064.png,3
mnist_cls_train/3/46803.png,3
mnist_cls_train/3/16873.png,3
mnist_cls_train/3/10830.png,3
mnist_cls_train/3/32588.png,3
mnist_cls_train/3/53488.png,3
mnist_cls_train/3/12355.png,3
mnist_cls_train/3/1581.png,3
mnist_cls_train/3/24356.png,3
mnist_cls_train/3/5358.png,3
mnist_cls_train/3/56448.png,3
mnist_cls_train/3/22149.png,3
mnist_cls_train/3/20926.png,3
mnist_cls_train/3/26014.png,3
mnist_cls_train/3/18770.png,3
mnist_cls_train/3/18485.png,3
mnist_cls_train/3/27861.png,3
mnist_cls_train/3/6170.png,3
mnist_cls_train/3/330.png,3
mnist_cls_train/3/19092.png,3
mnist_cls_train/3/18463.png,3
mnist_cls_train/3/52747.png,3
mnist_cls_train/3/33208.png,3
mnist_cls_train/3/26247.png,3
mnist_cls_train/3/36132.png,3
mnist_cls_train/3/48281.png,3
mnist_cls_train/3/54655.png,3
mnist_cls_train/3/45970.png,3
mnist_cls_train/3/39285.png,3
mnist_cls_train/3/42041.png,3
mnist_cls_train/3/46600.png,3
mnist_cls_train/3/50141.png,3
mnist_cls_train/3/33145.png,3
mnist_cls_train/3/35649.png,3
mnist_cls_train/3/27261.png,3
mnist_cls_train/3/32479.png,3
mnist_cls_train/3/86.png,3
mnist_cls_train/3/43280.png,3
mnist_cls_train/3/2098.png,3
mnist_cls_train/3/45687.png,3
mnist_cls_train/3/52191.png,3
mnist_cls_train/3/31451.png,3
mnist_cls_train/3/32234.png,3
mnist_cls_train/3/10765.png,3
mnist_cls_train/3/2886.png,3
mnist_cls_train/3/46807.png,3
mnist_cls_train/3/56535.png,3
mnist_cls_train/3/48868.png,3
mnist_cls_train/3/17105.png,3
mnist_cls_train/3/34987.png,3
mnist_cls_train/3/54191.png,3
mnist_cls_train/3/58379.png,3
mnist_cls_train/3/50946.png,3
mnist_cls_train/3/15667.png,3
mnist_cls_train/3/53075.png,3
mnist_cls_train/3/2774.png,3
mnist_cls_train/3/33989.png,3
mnist_cls_train/3/20355.png,3
mnist_cls_train/3/47992.png,3
mnist_cls_train/3/14361.png,3
mnist_cls_train/3/43637.png,3
mnist_cls_train/3/17131.png,3
mnist_cls_train/3/37167.png,3
mnist_cls_train/3/19883.png,3
mnist_cls_train/3/1260.png,3
mnist_cls_train/3/35631.png,3
mnist_cls_train/3/30949.png,3
mnist_cls_train/3/33566.png,3
mnist_cls_train/3/26148.png,3
mnist_cls_train/3/16220.png,3
mnist_cls_train/3/28499.png,3
mnist_cls_train/3/27133.png,3
mnist_cls_train/3/22946.png,3
mnist_cls_train/3/59334.png,3
mnist_cls_train/3/51561.png,3
mnist_cls_train/3/22695.png,3
mnist_cls_train/3/37284.png,3
mnist_cls_train/3/53960.png,3
mnist_cls_train/3/34644.png,3
mnist_cls_train/3/13332.png,3
mnist_cls_train/3/51837.png,3
mnist_cls_train/3/56875.png,3
mnist_cls_train/3/4328.png,3
mnist_cls_train/3/27084.png,3
mnist_cls_train/3/8264.png,3
mnist_cls_train/3/43783.png,3
mnist_cls_train/3/16530.png,3
mnist_cls_train/3/51321.png,3
mnist_cls_train/3/43393.png,3
mnist_cls_train/3/18099.png,3
mnist_cls_train/3/2076.png,3
mnist_cls_train/3/2603.png,3
mnist_cls_train/3/53716.png,3
mnist_cls_train/3/53158.png,3
mnist_cls_train/3/44959.png,3
mnist_cls_train/3/5852.png,3
mnist_cls_train/3/15889.png,3
mnist_cls_train/3/40639.png,3
mnist_cls_train/3/30062.png,3
mnist_cls_train/3/17227.png,3
mnist_cls_train/3/7214.png,3
mnist_cls_train/3/26057.png,3
mnist_cls_train/3/6516.png,3
mnist_cls_train/3/29521.png,3
mnist_cls_train/3/35640.png,3
mnist_cls_train/3/32931.png,3
mnist_cls_train/3/51038.png,3
mnist_cls_train/3/20649.png,3
mnist_cls_train/3/23221.png,3
mnist_cls_train/3/35522.png,3
mnist_cls_train/3/39595.png,3
mnist_cls_train/3/29823.png,3
mnist_cls_train/3/56136.png,3
mnist_cls_train/3/8120.png,3
mnist_cls_train/3/27115.png,3
mnist_cls_train/3/8099.png,3
mnist_cls_train/3/12750.png,3
mnist_cls_train/3/55106.png,3
mnist_cls_train/3/8771.png,3
mnist_cls_train/3/25867.png,3
mnist_cls_train/3/27671.png,3
mnist_cls_train/3/49297.png,3
mnist_cls_train/3/2203.png,3
mnist_cls_train/3/7383.png,3
mnist_cls_train/3/48746.png,3
mnist_cls_train/3/26306.png,3
mnist_cls_train/3/7987.png,3
mnist_cls_train/3/6825.png,3
mnist_cls_train/3/27172.png,3
mnist_cls_train/3/35692.png,3
mnist_cls_train/3/21466.png,3
mnist_cls_train/3/57864.png,3
mnist_cls_train/3/50775.png,3
mnist_cls_train/3/55470.png,3
mnist_cls_train/3/509.png,3
mnist_cls_train/3/41639.png,3
mnist_cls_train/3/16291.png,3
mnist_cls_train/3/6069.png,3
mnist_cls_train/3/37886.png,3
mnist_cls_train/3/22496.png,3
mnist_cls_train/3/25291.png,3
mnist_cls_train/3/44211.png,3
mnist_cls_train/3/51230.png,3
mnist_cls_train/3/24264.png,3
mnist_cls_train/3/31641.png,3
mnist_cls_train/3/34171.png,3
mnist_cls_train/3/49287.png,3
mnist_cls_train/3/16191.png,3
mnist_cls_train/3/55869.png,3
mnist_cls_train/3/41233.png,3
mnist_cls_train/3/45699.png,3
mnist_cls_train/3/49091.png,3
mnist_cls_train/3/55151.png,3
mnist_cls_train/3/41608.png,3
mnist_cls_train/3/30136.png,3
mnist_cls_train/3/11111.png,3
mnist_cls_train/3/28252.png,3
mnist_cls_train/3/44188.png,3
mnist_cls_train/3/31428.png,3
mnist_cls_train/3/24965.png,3
mnist_cls_train/3/59350.png,3
mnist_cls_train/3/14691.png,3
mnist_cls_train/3/35528.png,3
mnist_cls_train/3/31664.png,3
mnist_cls_train/3/2149.png,3
mnist_cls_train/3/17864.png,3
mnist_cls_train/3/57468.png,3
mnist_cls_train/3/32804.png,3
mnist_cls_train/3/38277.png,3
mnist_cls_train/3/1809.png,3
mnist_cls_train/3/31283.png,3
mnist_cls_train/3/52259.png,3
mnist_cls_train/3/53803.png,3
mnist_cls_train/3/50671.png,3
mnist_cls_train/3/23482.png,3
mnist_cls_train/3/37309.png,3
mnist_cls_train/3/42434.png,3
mnist_cls_train/3/25398.png,3
mnist_cls_train/3/2506.png,3
mnist_cls_train/3/55091.png,3
mnist_cls_train/3/13285.png,3
mnist_cls_train/3/25210.png,3
mnist_cls_train/3/56324.png,3
mnist_cls_train/3/20356.png,3
mnist_cls_train/3/557.png,3
mnist_cls_train/3/38130.png,3
mnist_cls_train/3/53609.png,3
mnist_cls_train/3/4742.png,3
mnist_cls_train/3/51462.png,3
mnist_cls_train/3/56565.png,3
mnist_cls_train/3/58410.png,3
mnist_cls_train/3/21714.png,3
mnist_cls_train/3/52281.png,3
mnist_cls_train/3/7660.png,3
mnist_cls_train/3/22234.png,3
mnist_cls_train/3/3466.png,3
mnist_cls_train/3/12924.png,3
mnist_cls_train/3/1778.png,3
mnist_cls_train/3/34622.png,3
mnist_cls_train/3/13660.png,3
mnist_cls_train/3/15227.png,3
mnist_cls_train/3/13531.png,3
mnist_cls_train/3/35801.png,3
mnist_cls_train/3/14761.png,3
mnist_cls_train/3/40926.png,3
mnist_cls_train/3/40161.png,3
mnist_cls_train/3/32563.png,3
mnist_cls_train/3/808.png,3
mnist_cls_train/3/9612.png,3
mnist_cls_train/3/30644.png,3
mnist_cls_train/3/3855.png,3
mnist_cls_train/3/58431.png,3
mnist_cls_train/3/18992.png,3
mnist_cls_train/3/33000.png,3
mnist_cls_train/3/32422.png,3
mnist_cls_train/3/38167.png,3
mnist_cls_train/3/17629.png,3
mnist_cls_train/3/8475.png,3
mnist_cls_train/3/55482.png,3
mnist_cls_train/3/47007.png,3
mnist_cls_train/3/59014.png,3
mnist_cls_train/3/54242.png,3
mnist_cls_train/3/56820.png,3
mnist_cls_train/3/45340.png,3
mnist_cls_train/3/8936.png,3
mnist_cls_train/3/26311.png,3
mnist_cls_train/3/30489.png,3
mnist_cls_train/3/44282.png,3
mnist_cls_train/3/878.png,3
mnist_cls_train/3/51871.png,3
mnist_cls_train/3/1144.png,3
mnist_cls_train/3/10453.png,3
mnist_cls_train/3/22770.png,3
mnist_cls_train/3/50312.png,3
mnist_cls_train/3/8635.png,3
mnist_cls_train/3/51811.png,3
mnist_cls_train/3/57734.png,3
mnist_cls_train/3/46971.png,3
mnist_cls_train/3/13935.png,3
mnist_cls_train/3/50809.png,3
mnist_cls_train/3/35870.png,3
mnist_cls_train/3/14810.png,3
mnist_cls_train/3/37205.png,3
mnist_cls_train/3/56321.png,3
mnist_cls_train/3/40901.png,3
mnist_cls_train/3/15482.png,3
mnist_cls_train/3/53419.png,3
mnist_cls_train/3/56741.png,3
mnist_cls_train/3/40100.png,3
mnist_cls_train/3/49294.png,3
mnist_cls_train/3/30002.png,3
mnist_cls_train/3/41960.png,3
mnist_cls_train/3/57306.png,3
mnist_cls_train/3/45732.png,3
mnist_cls_train/3/36287.png,3
mnist_cls_train/3/43200.png,3
mnist_cls_train/3/39124.png,3
mnist_cls_train/3/37572.png,3
mnist_cls_train/3/20016.png,3
mnist_cls_train/3/41834.png,3
mnist_cls_train/3/57868.png,3
mnist_cls_train/3/58966.png,3
mnist_cls_train/3/32933.png,3
mnist_cls_train/3/21468.png,3
mnist_cls_train/4/17837.png,4
mnist_cls_train/4/3091.png,4
mnist_cls_train/4/3037.png,4
mnist_cls_train/4/21817.png,4
mnist_cls_train/4/46456.png,4
mnist_cls_train/4/7442.png,4
mnist_cls_train/4/18898.png,4
mnist_cls_train/4/10209.png,4
mnist_cls_train/4/3457.png,4
mnist_cls_train/4/27476.png,4
mnist_cls_train/4/42710.png,4
mnist_cls_train/4/46622.png,4
mnist_cls_train/4/21461.png,4
mnist_cls_train/4/59047.png,4
mnist_cls_train/4/15866.png,4
mnist_cls_train/4/1180.png,4
mnist_cls_train/4/24295.png,4
mnist_cls_train/4/41775.png,4
mnist_cls_train/4/13553.png,4
mnist_cls_train/4/52417.png,4
mnist_cls_train/4/23033.png,4
mnist_cls_train/4/19404.png,4
mnist_cls_train/4/34424.png,4
mnist_cls_train/4/3837.png,4
mnist_cls_train/4/18724.png,4
mnist_cls_train/4/275.png,4
mnist_cls_train/4/11713.png,4
mnist_cls_train/4/24668.png,4
mnist_cls_train/4/58003.png,4
mnist_cls_train/4/33031.png,4
mnist_cls_train/4/24527.png,4
mnist_cls_train/4/11658.png,4
mnist_cls_train/4/5111.png,4
mnist_cls_train/4/9100.png,4
mnist_cls_train/4/23692.png,4
mnist_cls_train/4/8508.png,4
mnist_cls_train/4/53109.png,4
mnist_cls_train/4/41838.png,4
mnist_cls_train/4/40013.png,4
mnist_cls_train/4/51098.png,4
mnist_cls_train/4/6556.png,4
mnist_cls_train/4/32442.png,4
mnist_cls_train/4/56244.png,4
mnist_cls_train/4/20460.png,4
mnist_cls_train/4/19498.png,4
mnist_cls_train/4/59900.png,4
mnist_cls_train/4/35546.png,4
mnist_cls_train/4/29429.png,4
mnist_cls_train/4/22518.png,4
mnist_cls_train/4/42213.png,4
mnist_cls_train/4/10521.png,4
mnist_cls_train/4/42750.png,4
mnist_cls_train/4/28588.png,4
mnist_cls_train/4/44301.png,4
mnist_cls_train/4/10636.png,4
mnist_cls_train/4/37372.png,4
mnist_cls_train/4/38323.png,4
mnist_cls_train/4/51056.png,4
mnist_cls_train/4/7974.png,4
mnist_cls_train/4/47843.png,4
mnist_cls_train/4/38150.png,4
mnist_cls_train/4/16566.png,4
mnist_cls_train/4/43078.png,4
mnist_cls_train/4/15283.png,4
mnist_cls_train/4/10491.png,4
mnist_cls_train/4/27044.png,4
mnist_cls_train/4/21940.png,4
mnist_cls_train/4/19418.png,4
mnist_cls_train/4/9573.png,4
mnist_cls_train/4/3235.png,4
mnist_cls_train/4/9718.png,4
mnist_cls_train/4/18365.png,4
mnist_cls_train/4/38568.png,4
mnist_cls_train/4/8787.png,4
mnist_cls_train/4/3686.png,4
mnist_cls_train/4/16874.png,4
mnist_cls_train/4/43832.png,4
mnist_cls_train/4/58049.png,4
mnist_cls_train/4/18133.png,4
mnist_cls_train/4/48582.png,4
mnist_cls_train/4/48833.png,4
mnist_cls_train/4/43703.png,4
mnist_cls_train/4/30287.png,4
mnist_cls_train/4/17774.png,4
mnist_cls_train/4/16531.png,4
mnist_cls_train/4/54276.png,4
mnist_cls_train/4/34266.png,4
mnist_cls_train/4/35324.png,4
mnist_cls_train/4/33679.png,4
mnist_cls_train/4/29590.png,4
mnist_cls_train/4/49274.png,4
mnist_cls_train/4/37516.png,4
mnist_cls_train/4/53295.png,4
mnist_cls_train/4/26816.png,4
mnist_cls_train/4/23855.png,4
mnist_cls_train/4/38957.png,4
mnist_cls_train/4/53446.png,4
mnist_cls_train/4/12384.png,4
mnist_cls_train/4/59367.png,4
mnist_cls_train/4/55675.png,4
mnist_cls_train/4/44342.png,4
mnist_cls_train/4/42519.png,4
mnist_cls_train/4/38997.png,4
mnist_cls_train/4/5513.png,4
mnist_cls_train/4/40343.png,4
mnist_cls_train/4/30773.png,4
mnist_cls_train/4/5835.png,4
mnist_cls_train/4/16195.png,4
mnist_cls_train/4/10103.png,4
mnist_cls_train/4/57589.png,4
mnist_cls_train/4/24719.png,4
mnist_cls_train/4/39443.png,4
mnist_cls_train/4/26738.png,4
mnist_cls_train/4/12322.png,4
mnist_cls_train/4/7366.png,4
mnist_cls_train/4/40156.png,4
mnist_cls_train/4/28500.png,4
mnist_cls_train/4/46234.png,4
mnist_cls_train/4/1408.png,4
mnist_cls_train/4/31315.png,4
mnist_cls_train/4/17238.png,4
mnist_cls_train/4/57459.png,4
mnist_cls_train/4/20768.png,4
mnist_cls_train/4/53618.png,4
mnist_cls_train/4/56293.png,4
mnist_cls_train/4/42793.png,4
mnist_cls_train/4/49072.png,4
mnist_cls_train/4/48936.png,4
mnist_cls_train/4/42781.png,4
mnist_cls_train/4/6608.png,4
mnist_cls_train/4/413.png,4
mnist_cls_train/4/49015.png,4
mnist_cls_train/4/55736.png,4
mnist_cls_train/4/4779.png,4
mnist_cls_train/4/48496.png,4
mnist_cls_train/4/53559.png,4
mnist_cls_train/4/11463.png,4
mnist_cls_train/4/50957.png,4
mnist_cls_train/4/22064.png,4
mnist_cls_train/4/48282.png,4
mnist_cls_train/4/53633.png,4
mnist_cls_train/4/21822.png,4
mnist_cls_train/4/33411.png,4
mnist_cls_train/4/57582.png,4
mnist_cls_train/4/40602.png,4
mnist_cls_train/4/10196.png,4
mnist_cls_train/4/8796.png,4
mnist_cls_train/4/42653.png,4
mnist_cls_train/4/55877.png,4
mnist_cls_train/4/44332.png,4
mnist_cls_train/4/18636.png,4
mnist_cls_train/4/9761.png,4
mnist_cls_train/4/13968.png,4
mnist_cls_train/4/55318.png,4
mnist_cls_train/4/25534.png,4
mnist_cls_train/4/30886.png,4
mnist_cls_train/4/15703.png,4
mnist_cls_train/4/20415.png,4
mnist_cls_train/4/26109.png,4
mnist_cls_train/4/44960.png,4
mnist_cls_train/4/33761.png,4
mnist_cls_train/4/39891.png,4
mnist_cls_train/4/1508.png,4
mnist_cls_train/4/2963.png,4
mnist_cls_train/4/21480.png,4
mnist_cls_train/4/9984.png,4
mnist_cls_train/4/2902.png,4
mnist_cls_train/4/43038.png,4
mnist_cls_train/4/46357.png,4
mnist_cls_train/4/12763.png,4
mnist_cls_train/4/564.png,4
mnist_cls_train/4/3973.png,4
mnist_cls_train/4/47606.png,4
mnist_cls_train/4/7083.png,4
mnist_cls_train/4/16982.png,4
mnist_cls_train/4/16312.png,4
mnist_cls_train/4/8380.png,4
mnist_cls_train/4/2032.png,4
mnist_cls_train/4/25176.png,4
mnist_cls_train/4/32830.png,4
mnist_cls_train/4/32895.png,4
mnist_cls_train/4/47347.png,4
mnist_cls_train/4/6656.png,4
mnist_cls_train/4/8769.png,4
mnist_cls_train/4/34406.png,4
mnist_cls_train/4/369.png,4
mnist_cls_train/4/6448.png,4
mnist_cls_train/4/28109.png,4
mnist_cls_train/4/48785.png,4
mnist_cls_train/4/40495.png,4
mnist_cls_train/4/30016.png,4
mnist_cls_train/4/48198.png,4
mnist_cls_train/4/21849.png,4
mnist_cls_train/4/21746.png,4
mnist_cls_train/4/3475.png,4
mnist_cls_train/4/53451.png,4
mnist_cls_train/4/51423.png,4
mnist_cls_train/4/4626.png,4
mnist_cls_train/4/9139.png,4
mnist_cls_train/4/51823.png,4
mnist_cls_train/4/5278.png,4
mnist_cls_train/4/18385.png,4
mnist_cls_train/4/30243.png,4
mnist_cls_train/4/34593.png,4
mnist_cls_train/4/18570.png,4
mnist_cls_train/4/55340.png,4
mnist_cls_train/4/49373.png,4
mnist_cls_train/4/1099.png,4
mnist_cls_train/4/10778.png,4
mnist_cls_train/4/36632.png,4
mnist_cls_train/4/26790.png,4
mnist_cls_train/4/52437.png,4
mnist_cls_train/4/51288.png,4
mnist_cls_train/4/44105.png,4
mnist_cls_train/4/35884.png,4
mnist_cls_train/4/8874.png,4
mnist_cls_train/4/2360.png,4
mnist_cls_train/4/21037.png,4
mnist_cls_train/4/50189.png,4
mnist_cls_train/4/22096.png,4
mnist_cls_train/4/36726.png,4
mnist_cls_train/4/54347.png,4
mnist_cls_train/4/43757.png,4
mnist_cls_train/4/37958.png,4
mnist_cls_train/4/35875.png,4
mnist_cls_train/4/11113.png,4
mnist_cls_train/4/47627.png,4
mnist_cls_train/4/44464.png,4
mnist_cls_train/4/13901.png,4
mnist_cls_train/4/46038.png,4
mnist_cls_train/4/33561.png,4
mnist_cls_train/4/17746.png,4
mnist_cls_train/4/37826.png,4
mnist_cls_train/4/2.png,4
mnist_cls_train/4/937.png,4
mnist_cls_train/4/26264.png,4
mnist_cls_train/4/54156.png,4
mnist_cls_train/4/56190.png,4
mnist_cls_train/4/8875.png,4
mnist_cls_train/4/55323.png,4
mnist_cls_train/4/48957.png,4
mnist_cls_train/4/18484.png,4
mnist_cls_train/4/13052.png,4
mnist_cls_train/4/10560.png,4
mnist_cls_train/4/647.png,4
mnist_cls_train/4/28393.png,4
mnist_cls_train/4/51780.png,4
mnist_cls_train/4/59941.png,4
mnist_cls_train/4/40496.png,4
mnist_cls_train/4/31574.png,4
mnist_cls_train/4/8768.png,4
mnist_cls_train/4/39272.png,4
mnist_cls_train/4/4737.png,4
mnist_cls_train/4/2801.png,4
mnist_cls_train/4/49609.png,4
mnist_cls_train/4/44068.png,4
mnist_cls_train/4/39799.png,4
mnist_cls_train/4/22400.png,4
mnist_cls_train/4/55239.png,4
mnist_cls_train/4/21590.png,4
mnist_cls_train/4/13443.png,4
mnist_cls_train/4/1628.png,4
mnist_cls_train/4/54861.png,4
mnist_cls_train/4/45876.png,4
mnist_cls_train/4/22974.png,4
mnist_cls_train/4/50653.png,4
mnist_cls_train/4/40030.png,4
mnist_cls_train/4/14865.png,4
mnist_cls_train/4/10216.png,4
mnist_cls_train/4/31501.png,4
mnist_cls_train/4/57704.png,4
mnist_cls_train/4/2458.png,4
mnist_cls_train/4/14411.png,4
mnist_cls_train/4/25313.png,4
mnist_cls_train/4/6804.png,4
mnist_cls_train/4/11627.png,4
mnist_cls_train/4/46877.png,4
mnist_cls_train/4/49542.png,4
mnist_cls_train/4/58.png,4
mnist_cls_train/4/37603.png,4
mnist_cls_train/4/16605.png,4
mnist_cls_train/4/47334.png,4
mnist_cls_train/4/32172.png,4
mnist_cls_train/4/56059.png,4
mnist_cls_train/4/25334.png,4
mnist_cls_train/4/21611.png,4
mnist_cls_train/4/8235.png,4
mnist_cls_train/4/8415.png,4
mnist_cls_train/4/48876.png,4
mnist_cls_train/4/46711.png,4
mnist_cls_train/4/44459.png,4
mnist_cls_train/4/56320.png,4
mnist_cls_train/4/55416.png,4
mnist_cls_train/4/51921.png,4
mnist_cls_train/4/717.png,4
mnist_cls_train/4/4088.png,4
mnist_cls_train/4/51071.png,4
mnist_cls_train/4/35259.png,4
mnist_cls_train/4/4228.png,4
mnist_cls_train/4/25956.png,4
mnist_cls_train/4/43415.png,4
mnist_cls_train/4/729.png,4
mnist_cls_train/4/25255.png,4
mnist_cls_train/4/56705.png,4
mnist_cls_train/4/24365.png,4
mnist_cls_train/4/51926.png,4
mnist_cls_train/4/39525.png,4
mnist_cls_train/4/8174.png,4
mnist_cls_train/4/682.png,4
mnist_cls_train/4/1079.png,4
mnist_cls_train/4/41686.png,4
mnist_cls_train/4/38301.png,4
mnist_cls_train/4/23834.png,4
mnist_cls_train/4/1685.png,4
mnist_cls_train/4/9496.png,4
mnist_cls_train/4/15294.png,4
mnist_cls_train/4/32669.png,4
mnist_cls_train/4/17577.png,4
mnist_cls_train/4/43009.png,4
mnist_cls_train/4/2665.png,4
mnist_cls_train/4/39886.png,4
mnist_cls_train/4/55607.png,4
mnist_cls_train/4/48840.png,4
mnist_cls_train/4/23270.png,4
mnist_cls_train/4/41473.png,4
mnist_cls_train/4/38891.png,4
mnist_cls_train/4/21648.png,4
mnist_cls_train/4/51693.png,4
mnist_cls_train/4/28043.png,4
mnist_cls_train/4/51076.png,4
mnist_cls_train/4/57011.png,4
mnist_cls_train/4/7350.png,4
mnist_cls_train/4/53163.png,4
mnist_cls_train/4/58420.png,4
mnist_cls_train/4/28487.png,4
mnist_cls_train/4/51155.png,4
mnist_cls_train/4/26506.png,4
mnist_cls_train/4/55258.png,4
mnist_cls_train/4/18654.png,4
mnist_cls_train/4/38428.png,4
mnist_cls_train/4/56620.png,4
mnist_cls_train/4/29574.png,4
mnist_cls_train/4/26872.png,4
mnist_cls_train/4/24912.png,4
mnist_cls_train/4/31669.png,4
mnist_cls_train/4/2983.png,4
mnist_cls_train/4/58813.png,4
mnist_cls_train/4/21442.png,4
mnist_cls_train/4/35418.png,4
mnist_cls_train/4/15035.png,4
mnist_cls_train/4/56802.png,4
mnist_cls_train/4/40309.png,4
mnist_cls_train/4/56698.png,4
mnist_cls_train/4/6669.png,4
mnist_cls_train/4/6714.png,4
mnist_cls_train/4/4379.png,4
mnist_cls_train/4/10060.png,4
mnist_cls_train/4/23103.png,4
mnist_cls_train/4/17970.png,4
mnist_cls_train/4/20741.png,4
mnist_cls_train/4/20287.png,4
mnist_cls_train/4/26.png,4
mnist_cls_train/4/10433.png,4
mnist_cls_train/4/44581.png,4
mnist_cls_train/4/50889.png,4
mnist_cls_train/4/21916.png,4
mnist_cls_train/4/55981.png,4
mnist_cls_train/4/31235.png,4
mnist_cls_train/4/50471.png,4
mnist_cls_train/4/14720.png,4
mnist_cls_train/4/14064.png,4
mnist_cls_train/4/20794.png,4
mnist_cls_train/4/34572.png,4
mnist_cls_train/4/18056.png,4
mnist_cls_train/4/7464.png,4
mnist_cls_train/4/47058.png,4
mnist_cls_train/4/48959.png,4
mnist_cls_train/4/29252.png,4
mnist_cls_train/4/5331.png,4
mnist_cls_train/4/22839.png,4
mnist_cls_train/4/13870.png,4
mnist_cls_train/4/164.png,4
mnist_cls_train/4/41163.png,4
mnist_cls_train/4/11471.png,4
mnist_cls_train/4/27832.png,4
mnist_cls_train/4/24253.png,4
mnist_cls_train/4/31403.png,4
mnist_cls_train/4/3218.png,4
mnist_cls_train/4/40285.png,4
mnist_cls_train/4/3101.png,4
mnist_cls_train/4/55964.png,4
mnist_cls_train/4/50388.png,4
mnist_cls_train/4/6283.png,4
mnist_cls_train/4/1487.png,4
mnist_cls_train/4/20599.png,4
mnist_cls_train/4/24154.png,4
mnist_cls_train/4/33083.png,4
mnist_cls_train/4/34750.png,4
mnist_cls_train/4/9867.png,4
mnist_cls_train/4/36171.png,4
mnist_cls_train/4/40950.png,4
mnist_cls_train/4/27980.png,4
mnist_cls_train/4/31340.png,4
mnist_cls_train/4/23878.png,4
mnist_cls_train/4/40955.png,4
mnist_cls_train/4/24734.png,4
mnist_cls_train/4/31416.png,4
mnist_cls_train/4/57155.png,4
mnist_cls_train/4/1232.png,4
mnist_cls_train/4/37645.png,4
mnist_cls_train/4/38515.png,4
mnist_cls_train/4/34830.png,4
mnist_cls_train/4/20399.png,4
mnist_cls_train/4/4837.png,4
mnist_cls_train/4/27102.png,4
mnist_cls_train/4/43375.png,4
mnist_cls_train/4/51894.png,4
mnist_cls_train/4/4224.png,4
mnist_cls_train/4/38147.png,4
mnist_cls_train/4/53263.png,4
mnist_cls_train/4/38236.png,4
mnist_cls_train/4/40363.png,4
mnist_cls_train/4/35931.png,4
mnist_cls_train/4/23685.png,4
mnist_cls_train/4/16652.png,4
mnist_cls_train/4/51351.png,4
mnist_cls_train/4/47379.png,4
mnist_cls_train/4/21017.png,4
mnist_cls_train/4/52140.png,4
mnist_cls_train/4/19380.png,4
mnist_cls_train/4/55124.png,4
mnist_cls_train/4/23359.png,4
mnist_cls_train/4/50339.png,4
mnist_cls_train/4/3184.png,4
mnist_cls_train/4/57938.png,4
mnist_cls_train/4/11167.png,4
mnist_cls_train/4/8101.png,4
mnist_cls_train/4/51028.png,4
mnist_cls_train/4/58744.png,4
mnist_cls_train/4/17898.png,4
mnist_cls_train/4/1992.png,4
mnist_cls_train/4/5064.png,4
mnist_cls_train/4/38296.png,4
mnist_cls_train/4/51338.png,4
mnist_cls_train/4/42399.png,4
mnist_cls_train/4/18999.png,4
mnist_cls_train/4/987.png,4
mnist_cls_train/4/4959.png,4
mnist_cls_train/4/22697.png,4
mnist_cls_train/4/6532.png,4
mnist_cls_train/4/25635.png,4
mnist_cls_train/4/1630.png,4
mnist_cls_train/4/38668.png,4
mnist_cls_train/4/13634.png,4
mnist_cls_train/4/52246.png,4
mnist_cls_train/4/16464.png,4
mnist_cls_train/4/59608.png,4
mnist_cls_train/4/32583.png,4
mnist_cls_train/4/9116.png,4
mnist_cls_train/4/14432.png,4
mnist_cls_train/4/38757.png,4
mnist_cls_train/4/54359.png,4
mnist_cls_train/4/20.png,4
mnist_cls_train/4/5796.png,4
mnist_cls_train/4/54447.png,4
mnist_cls_train/4/5899.png,4
mnist_cls_train/4/54007.png,4
mnist_cls_train/4/4939.png,4
mnist_cls_train/4/42198.png,4
mnist_cls_train/4/21296.png,4
mnist_cls_train/4/36791.png,4
mnist_cls_train/4/48854.png,4
mnist_cls_train/4/13850.png,4
mnist_cls_train/4/3088.png,4
mnist_cls_train/4/20176.png,4
mnist_cls_train/4/47523.png,4
mnist_cls_train/4/20276.png,4
mnist_cls_train/4/43355.png,4
mnist_cls_train/4/59465.png,4
mnist_cls_train/4/56247.png,4
mnist_cls_train/4/57569.png,4
mnist_cls_train/4/9391.png,4
mnist_cls_train/4/25498.png,4
mnist_cls_train/4/4292.png,4
mnist_cls_train/4/25380.png,4
mnist_cls_train/4/49843.png,4
mnist_cls_train/4/46367.png,4
mnist_cls_train/4/45724.png,4
mnist_cls_train/4/47507.png,4
mnist_cls_train/4/36773.png,4
mnist_cls_train/4/29218.png,4
mnist_cls_train/4/42249.png,4
mnist_cls_train/4/28635.png,4
mnist_cls_train/4/35656.png,4
mnist_cls_train/4/2240.png,4
mnist_cls_train/4/16856.png,4
mnist_cls_train/4/53654.png,4
mnist_cls_train/4/25471.png,4
mnist_cls_train/4/39110.png,4
mnist_cls_train/4/12316.png,4
mnist_cls_train/4/46922.png,4
mnist_cls_train/4/26858.png,4
mnist_cls_train/4/4035.png,4
mnist_cls_train/4/7722.png,4
mnist_cls_train/4/1604.png,4
mnist_cls_train/4/45761.png,4
mnist_cls_train/4/47326.png,4
mnist_cls_train/4/945.png,4
mnist_cls_train/4/5764.png,4
mnist_cls_train/4/42236.png,4
mnist_cls_train/4/12955.png,4
mnist_cls_train/4/6817.png,4
mnist_cls_train/4/25382.png,4
mnist_cls_train/4/5982.png,4
mnist_cls_train/4/19810.png,4
mnist_cls_train/4/5085.png,4
mnist_cls_train/4/22722.png,4
mnist_cls_train/4/606.png,4
mnist_cls_train/4/47086.png,4
mnist_cls_train/4/43112.png,4
mnist_cls_train/4/49237.png,4
mnist_cls_train/4/29241.png,4
mnist_cls_train/4/39255.png,4
mnist_cls_train/4/27922.png,4
mnist_cls_train/4/42421.png,4
mnist_cls_train/4/58340.png,4
mnist_cls_train/4/58661.png,4
mnist_cls_train/4/59240.png,4
mnist_cls_train/4/30169.png,4
mnist_cls_train/4/25173.png,4
mnist_cls_train/4/23618.png,4
mnist_cls_train/4/28938.png,4
mnist_cls_train/4/23432.png,4
mnist_cls_train/4/52522.png,4
mnist_cls_train/4/3417.png,4
mnist_cls_train/4/25555.png,4
mnist_cls_train/4/41342.png,4
mnist_cls_train/4/20956.png,4
mnist_cls_train/4/39287.png,4
mnist_cls_train/4/13986.png,4
mnist_cls_train/4/57499.png,4
mnist_cls_train/4/20197.png,4
mnist_cls_train/4/15179.png,4
mnist_cls_train/4/9940.png,4
mnist_cls_train/4/49196.png,4
mnist_cls_train/4/51893.png,4
mnist_cls_train/4/2896.png,4
mnist_cls_train/4/34735.png,4
mnist_cls_train/4/25602.png,4
mnist_cls_train/4/51652.png,4
mnist_cls_train/4/42574.png,4
mnist_cls_train/4/14602.png,4
mnist_cls_train/4/17690.png,4
mnist_cls_train/4/14695.png,4
mnist_cls_train/4/15931.png,4
mnist_cls_train/4/50267.png,4
mnist_cls_train/4/32801.png,4
mnist_cls_train/4/44613.png,4
mnist_cls_train/4/26288.png,4
mnist_cls_train/4/44646.png,4
mnist_cls_train/4/24292.png,4
mnist_cls_train/4/6193.png,4
mnist_cls_train/4/55085.png,4
mnist_cls_train/4/56267.png,4
mnist_cls_train/4/53905.png,4
mnist_cls_train/4/15038.png,4
mnist_cls_train/4/40449.png,4
mnist_cls_train/4/31793.png,4
mnist_cls_train/4/3838.png,4
mnist_cls_train/4/4513.png,4
mnist_cls_train/4/8695.png,4
mnist_cls_train/4/38012.png,4
mnist_cls_train/4/1693.png,4
mnist_cls_train/4/58823.png,4
mnist_cls_train/4/47732.png,4
mnist_cls_train/4/38777.png,4
mnist_cls_train/4/26111.png,4
mnist_cls_train/4/27826.png,4
mnist_cls_train/4/41845.png,4
mnist_cls_train/4/38262.png,4
mnist_cls_train/4/36384.png,4
mnist_cls_train/4/53363.png,4
mnist_cls_train/4/40867.png,4
mnist_cls_train/4/4890.png,4
mnist_cls_train/4/4538.png,4
mnist_cls_train/4/13765.png,4
mnist_cls_train/4/10104.png,4
mnist_cls_train/4/19111.png,4
mnist_cls_train/4/41671.png,4
mnist_cls_train/4/45353.png,4
mnist_cls_train/4/19294.png,4
mnist_cls_train/4/16206.png,4
mnist_cls_train/4/11916.png,4
mnist_cls_train/4/20425.png,4
mnist_cls_train/4/14241.png,4
mnist_cls_train/4/24282.png,4
mnist_cls_train/4/23188.png,4
mnist_cls_train/4/17412.png,4
mnist_cls_train/4/661.png,4
mnist_cls_train/4/52193.png,4
mnist_cls_train/4/52515.png,4
mnist_cls_train/4/29742.png,4
mnist_cls_train/4/7517.png,4
mnist_cls_train/4/32191.png,4
mnist_cls_train/4/27088.png,4
mnist_cls_train/4/4703.png,4
mnist_cls_train/4/2922.png,4
mnist_cls_train/4/34133.png,4
mnist_cls_train/4/40806.png,4
mnist_cls_train/4/13942.png,4
mnist_cls_train/4/23014.png,4
mnist_cls_train/4/59580.png,4
mnist_cls_train/4/32015.png,4
mnist_cls_train/4/45749.png,4
mnist_cls_train/4/12997.png,4
mnist_cls_train/4/2452.png,4
mnist_cls_train/4/59657.png,4
mnist_cls_train/4/4460.png,4
mnist_cls_train/4/12966.png,4
mnist_cls_train/4/36364.png,4
mnist_cls_train/4/22766.png,4
mnist_cls_train/4/54358.png,4
mnist_cls_train/4/42507.png,4
mnist_cls_train/4/44496.png,4
mnist_cls_train/4/13419.png,4
mnist_cls_train/4/39298.png,4
mnist_cls_train/4/48436.png,4
mnist_cls_train/4/7299.png,4
mnist_cls_train/4/35725.png,4
mnist_cls_train/4/18121.png,4
mnist_cls_train/4/20468.png,4
mnist_cls_train/4/36938.png,4
mnist_cls_train/4/53476.png,4
mnist_cls_train/4/26704.png,4
mnist_cls_train/4/41722.png,4
mnist_cls_train/4/11547.png,4
mnist_cls_train/4/43530.png,4
mnist_cls_train/4/48972.png,4
mnist_cls_train/4/51337.png,4
mnist_cls_train/4/8567.png,4
mnist_cls_train/4/37302.png,4
mnist_cls_train/4/57530.png,4
mnist_cls_train/4/12033.png,4
mnist_cls_train/4/11690.png,4
mnist_cls_train/4/38710.png,4
mnist_cls_train/4/47276.png,4
mnist_cls_train/4/26249.png,4
mnist_cls_train/4/3903.png,4
mnist_cls_train/4/42357.png,4
mnist_cls_train/4/36664.png,4
mnist_cls_train/4/49920.png,4
mnist_cls_train/4/51962.png,4
mnist_cls_train/4/21096.png,4
mnist_cls_train/4/7843.png,4
mnist_cls_train/4/55423.png,4
mnist_cls_train/4/10350.png,4
mnist_cls_train/4/7817.png,4
mnist_cls_train/4/51853.png,4
mnist_cls_train/4/48470.png,4
mnist_cls_train/4/15405.png,4
mnist_cls_train/4/16578.png,4
mnist_cls_train/4/56183.png,4
mnist_cls_train/4/44523.png,4
mnist_cls_train/4/49417.png,4
mnist_cls_train/4/38821.png,4
mnist_cls_train/4/52580.png,4
mnist_cls_train/4/49211.png,4
mnist_cls_train/4/55197.png,4
mnist_cls_train/4/2859.png,4
mnist_cls_train/4/48919.png,4
mnist_cls_train/4/1554.png,4
mnist_cls_train/4/46104.png,4
mnist_cls_train/4/25410.png,4
mnist_cls_train/4/15682.png,4
mnist_cls_train/4/6778.png,4
mnist_cls_train/4/10679.png,4
mnist_cls_train/4/11783.png,4
mnist_cls_train/4/14972.png,4
mnist_cls_train/4/29256.png,4
mnist_cls_train/4/2264.png,4
mnist_cls_train/4/35075.png,4
mnist_cls_train/4/50801.png,4
mnist_cls_train/4/49823.png,4
mnist_cls_train/4/2819.png,4
mnist_cls_train/4/15783.png,4
mnist_cls_train/4/804.png,4
mnist_cls_train/4/48013.png,4
mnist_cls_train/4/38021.png,4
mnist_cls_train/4/56532.png,4
mnist_cls_train/4/31790.png,4
mnist_cls_train/4/45191.png,4
mnist_cls_train/4/57844.png,4
mnist_cls_train/4/19961.png,4
mnist_cls_train/4/19478.png,4
mnist_cls_train/4/59106.png,4
mnist_cls_train/4/43364.png,4
mnist_cls_train/4/39063.png,4
mnist_cls_train/4/31514.png,4
mnist_cls_train/4/41206.png,4
mnist_cls_train/4/41774.png,4
mnist_cls_train/4/50377.png,4
mnist_cls_train/4/35951.png,4
mnist_cls_train/4/9931.png,4
mnist_cls_train/4/9667.png,4
mnist_cls_train/4/3911.png,4
mnist_cls_train/4/26334.png,4
mnist_cls_train/4/48745.png,4
mnist_cls_train/4/27914.png,4
mnist_cls_train/4/2732.png,4
mnist_cls_train/4/44751.png,4
mnist_cls_train/4/616.png,4
mnist_cls_train/4/39396.png,4
mnist_cls_train/4/15563.png,4
mnist_cls_train/4/25378.png,4
mnist_cls_train/4/45318.png,4
mnist_cls_train/4/29340.png,4
mnist_cls_train/4/59772.png,4
mnist_cls_train/4/2874.png,4
mnist_cls_train/4/30167.png,4
mnist_cls_train/4/36759.png,4
mnist_cls_train/4/43231.png,4
mnist_cls_train/4/6314.png,4
mnist_cls_train/4/23055.png,4
mnist_cls_train/4/5549.png,4
mnist_cls_train/4/40493.png,4
mnist_cls_train/4/58364.png,4
mnist_cls_train/4/31777.png,4
mnist_cls_train/4/4707.png,4
mnist_cls_train/4/50416.png,4
mnist_cls_train/4/48710.png,4
mnist_cls_train/4/55605.png,4
mnist_cls_train/4/58514.png,4
mnist_cls_train/4/42809.png,4
mnist_cls_train/4/13104.png,4
mnist_cls_train/4/22197.png,4
mnist_cls_train/4/14469.png,4
mnist_cls_train/4/56280.png,4
mnist_cls_train/4/43291.png,4
mnist_cls_train/4/10724.png,4
mnist_cls_train/4/19840.png,4
mnist_cls_train/4/53384.png,4
mnist_cls_train/4/4564.png,4
mnist_cls_train/4/22595.png,4
mnist_cls_train/4/52893.png,4
mnist_cls_train/4/50282.png,4
mnist_cls_train/4/45709.png,4
mnist_cls_train/4/16625.png,4
mnist_cls_train/4/51814.png,4
mnist_cls_train/4/45827.png,4
mnist_cls_train/4/25575.png,4
mnist_cls_train/4/35673.png,4
mnist_cls_train/4/50152.png,4
mnist_cls_train/4/18246.png,4
mnist_cls_train/4/16448.png,4
mnist_cls_train/4/48288.png,4
mnist_cls_train/4/29818.png,4
mnist_cls_train/4/10467.png,4
mnist_cls_train/4/48660.png,4
mnist_cls_train/4/32178.png,4
mnist_cls_train/4/28363.png,4
mnist_cls_train/4/14274.png,4
mnist_cls_train/4/5155.png,4
mnist_cls_train/4/53607.png,4
mnist_cls_train/4/24977.png,4
mnist_cls_train/4/30927.png,4
mnist_cls_train/4/54563.png,4
mnist_cls_train/4/28049.png,4
mnist_cls_train/4/55927.png,4
mnist_cls_train/4/17844.png,4
mnist_cls_train/4/49629.png,4
mnist_cls_train/4/10832.png,4
mnist_cls_train/4/55773.png,4
mnist_cls_train/4/59780.png,4
mnist_cls_train/4/38047.png,4
mnist_cls_train/4/9442.png,4
mnist_cls_train/4/20169.png,4
mnist_cls_train/4/58984.png,4
mnist_cls_train/4/48466.png,4
mnist_cls_train/4/54588.png,4
mnist_cls_train/4/4382.png,4
mnist_cls_train/4/20118.png,4
mnist_cls_train/4/36597.png,4
mnist_cls_train/4/7296.png,4
mnist_cls_train/4/1171.png,4
mnist_cls_train/4/9149.png,4
mnist_cls_train/4/7677.png,4
mnist_cls_train/4/13263.png,4
mnist_cls_train/4/34249.png,4
mnist_cls_train/4/14788.png,4
mnist_cls_train/4/58833.png,4
mnist_cls_train/4/15059.png,4
mnist_cls_train/4/36909.png,4
mnist_cls_train/4/3732.png,4
mnist_cls_train/4/47299.png,4
mnist_cls_train/4/25662.png,4
mnist_cls_train/4/30765.png,4
mnist_cls_train/4/51396.png,4
mnist_cls_train/4/24795.png,4
mnist_cls_train/4/28243.png,4
mnist_cls_train/4/59159.png,4
mnist_cls_train/4/16875.png,4
mnist_cls_train/4/25848.png,4
mnist_cls_train/4/54785.png,4
mnist_cls_train/4/17076.png,4
mnist_cls_train/4/17769.png,4
mnist_cls_train/4/15420.png,4
mnist_cls_train/4/45912.png,4
mnist_cls_train/4/56977.png,4
mnist_cls_train/4/28139.png,4
mnist_cls_train/4/38203.png,4
mnist_cls_train/4/45472.png,4
mnist_cls_train/4/17801.png,4
mnist_cls_train/4/51712.png,4
mnist_cls_train/4/12121.png,4
mnist_cls_train/4/17791.png,4
mnist_cls_train/4/7487.png,4
mnist_cls_train/4/57677.png,4
mnist_cls_train/4/18954.png,4
mnist_cls_train/4/47410.png,4
mnist_cls_train/4/50433.png,4
mnist_cls_train/4/1705.png,4
mnist_cls_train/4/51579.png,4
mnist_cls_train/4/40576.png,4
mnist_cls_train/4/41354.png,4
mnist_cls_train/4/9410.png,4
mnist_cls_train/4/31580.png,4
mnist_cls_train/4/25484.png,4
mnist_cls_train/4/42812.png,4
mnist_cls_train/4/12169.png,4
mnist_cls_train/4/33493.png,4
mnist_cls_train/4/51694.png,4
mnist_cls_train/4/25048.png,4
mnist_cls_train/4/3484.png,4
mnist_cls_train/4/30039.png,4
mnist_cls_train/4/30835.png,4
mnist_cls_train/4/26217.png,4
mnist_cls_train/4/35141.png,4
mnist_cls_train/4/53226.png,4
mnist_cls_train/4/36647.png,4
mnist_cls_train/4/19697.png,4
mnist_cls_train/4/47589.png,4
mnist_cls_train/4/26763.png,4
mnist_cls_train/4/20368.png,4
mnist_cls_train/4/18637.png,4
mnist_cls_train/4/1537.png,4
mnist_cls_train/4/25772.png,4
mnist_cls_train/4/17406.png,4
mnist_cls_train/4/52873.png,4
mnist_cls_train/4/57861.png,4
mnist_cls_train/4/42779.png,4
mnist_cls_train/4/23152.png,4
mnist_cls_train/4/41921.png,4
mnist_cls_train/4/47805.png,4
mnist_cls_train/4/272.png,4
mnist_cls_train/4/23135.png,4
mnist_cls_train/4/14335.png,4
mnist_cls_train/4/58919.png,4
mnist_cls_train/4/1448.png,4
mnist_cls_train/4/15719.png,4
mnist_cls_train/4/20338.png,4
mnist_cls_train/4/4877.png,4
mnist_cls_train/4/35913.png,4
mnist_cls_train/4/35716.png,4
mnist_cls_train/4/46172.png,4
mnist_cls_train/4/26890.png,4
mnist_cls_train/4/34015.png,4
mnist_cls_train/4/21307.png,4
mnist_cls_train/4/14496.png,4
mnist_cls_train/4/36548.png,4
mnist_cls_train/4/58208.png,4
mnist_cls_train/4/1411.png,4
mnist_cls_train/4/46220.png,4
mnist_cls_train/4/36577.png,4
mnist_cls_train/4/29820.png,4
mnist_cls_train/4/13548.png,4
mnist_cls_train/4/20696.png,4
mnist_cls_train/4/40903.png,4
mnist_cls_train/4/19483.png,4
mnist_cls_train/4/41574.png,4
mnist_cls_train/4/41923.png,4
mnist_cls_train/4/20396.png,4
mnist_cls_train/4/23306.png,4
mnist_cls_train/4/967.png,4
mnist_cls_train/4/33064.png,4
mnist_cls_train/4/4593.png,4
mnist_cls_train/4/26207.png,4
mnist_cls_train/4/58023.png,4
mnist_cls_train/4/40062.png,4
mnist_cls_train/4/55538.png,4
mnist_cls_train/4/34744.png,4
mnist_cls_train/4/48990.png,4
mnist_cls_train/4/52748.png,4
mnist_cls_train/4/14501.png,4
mnist_cls_train/4/23837.png,4
mnist_cls_train/4/21022.png,4
mnist_cls_train/4/6483.png,4
mnist_cls_train/4/57354.png,4
mnist_cls_train/4/39101.png,4
mnist_cls_train/4/45330.png,4
mnist_cls_train/4/50109.png,4
mnist_cls_train/4/21770.png,4
mnist_cls_train/4/37785.png,4
mnist_cls_train/4/32939.png,4
mnist_cls_train/4/34784.png,4
mnist_cls_train/4/39304.png,4
mnist_cls_train/4/53546.png,4
mnist_cls_train/4/18617.png,4
mnist_cls_train/4/8906.png,4
mnist_cls_train/4/25292.png,4
mnist_cls_train/4/163.png,4
mnist_cls_train/4/44689.png,4
mnist_cls_train/4/17020.png,4
mnist_cls_train/4/21134.png,4
mnist_cls_train/4/44956.png,4
mnist_cls_train/4/2548.png,4
mnist_cls_train/4/56227.png,4
mnist_cls_train/4/48087.png,4
mnist_cls_train/4/44521.png,4
mnist_cls_train/4/47571.png,4
mnist_cls_train/4/27346.png,4
mnist_cls_train/4/16180.png,4
mnist_cls_train/4/18604.png,4
mnist_cls_train/4/54279.png,4
mnist_cls_train/4/9701.png,4
mnist_cls_train/4/50981.png,4
mnist_cls_train/4/56496.png,4
mnist_cls_train/4/17268.png,4
mnist_cls_train/4/31692.png,4
mnist_cls_train/4/50203.png,4
mnist_cls_train/4/30590.png,4
mnist_cls_train/4/31106.png,4
mnist_cls_train/4/41993.png,4
mnist_cls_train/4/4099.png,4
mnist_cls_train/4/49683.png,4
mnist_cls_train/4/6160.png,4
mnist_cls_train/4/35152.png,4
mnist_cls_train/4/15668.png,4
mnist_cls_train/4/24976.png,4
mnist_cls_train/4/43137.png,4
mnist_cls_train/4/3984.png,4
mnist_cls_train/4/27036.png,4
mnist_cls_train/4/32101.png,4
mnist_cls_train/4/34682.png,4
mnist_cls_train/4/29747.png,4
mnist_cls_train/4/21107.png,4
mnist_cls_train/4/32558.png,4
mnist_cls_train/4/48487.png,4
mnist_cls_train/4/19123.png,4
mnist_cls_train/4/24855.png,4
mnist_cls_train/4/13125.png,4
mnist_cls_train/4/18831.png,4
mnist_cls_train/4/9541.png,4
mnist_cls_train/4/38717.png,4
mnist_cls_train/4/30602.png,4
mnist_cls_train/4/39634.png,4
mnist_cls_train/4/44765.png,4
mnist_cls_train/4/29123.png,4
mnist_cls_train/4/35966.png,4
mnist_cls_train/4/52945.png,4
mnist_cls_train/4/37339.png,4
mnist_cls_train/4/8317.png,4
mnist_cls_train/4/4896.png,4
mnist_cls_train/4/36212.png,4
mnist_cls_train/4/54427.png,4
mnist_cls_train/4/5361.png,4
mnist_cls_train/4/19952.png,4
mnist_cls_train/4/28217.png,4
mnist_cls_train/4/48508.png,4
mnist_cls_train/4/43881.png,4
mnist_cls_train/4/21992.png,4
mnist_cls_train/4/1692.png,4
mnist_cls_train/4/47368.png,4
mnist_cls_train/4/44694.png,4
mnist_cls_train/4/7779.png,4
mnist_cls_train/4/28866.png,4
mnist_cls_train/4/32308.png,4
mnist_cls_train/4/16593.png,4
mnist_cls_train/4/9795.png,4
mnist_cls_train/4/14397.png,4
mnist_cls_train/4/53362.png,4
mnist_cls_train/4/38392.png,4
mnist_cls_train/4/20262.png,4
mnist_cls_train/4/29761.png,4
mnist_cls_train/4/21886.png,4
mnist_cls_train/4/25960.png,4
mnist_cls_train/4/54419.png,4
mnist_cls_train/4/44761.png,4
mnist_cls_train/4/58895.png,4
mnist_cls_train/4/49480.png,4
mnist_cls_train/4/32466.png,4
mnist_cls_train/4/57368.png,4
mnist_cls_train/4/55136.png,4
mnist_cls_train/4/3738.png,4
mnist_cls_train/4/22372.png,4
mnist_cls_train/4/17474.png,4
mnist_cls_train/4/24076.png,4
mnist_cls_train/4/51199.png,4
mnist_cls_train/4/33523.png,4
mnist_cls_train/4/4758.png,4
mnist_cls_train/4/28008.png,4
mnist_cls_train/4/2277.png,4
mnist_cls_train/4/24287.png,4
mnist_cls_train/4/36151.png,4
mnist_cls_train/4/57724.png,4
mnist_cls_train/4/32993.png,4
mnist_cls_train/4/7145.png,4
mnist_cls_train/4/1446.png,4
mnist_cls_train/4/48754.png,4
mnist_cls_train/4/38716.png,4
mnist_cls_train/4/13069.png,4
mnist_cls_train/4/42973.png,4
mnist_cls_train/4/45981.png,4
mnist_cls_train/4/50466.png,4
mnist_cls_train/4/17313.png,4
mnist_cls_train/4/31407.png,4
mnist_cls_train/4/2589.png,4
mnist_cls_train/4/32647.png,4
mnist_cls_train/4/5581.png,4
mnist_cls_train/4/59335.png,4
mnist_cls_train/4/27857.png,4
mnist_cls_train/4/12790.png,4
mnist_cls_train/4/24745.png,4
mnist_cls_train/4/26693.png,4
mnist_cls_train/4/57538.png,4
mnist_cls_train/4/25884.png,4
mnist_cls_train/4/39128.png,4
mnist_cls_train/4/53710.png,4
mnist_cls_train/4/37251.png,4
mnist_cls_train/4/8950.png,4
mnist_cls_train/4/31051.png,4
mnist_cls_train/4/18988.png,4
mnist_cls_train/4/46976.png,4
mnist_cls_train/4/11764.png,4
mnist_cls_train/4/13458.png,4
mnist_cls_train/4/42411.png,4
mnist_cls_train/4/15218.png,4
mnist_cls_train/4/34275.png,4
mnist_cls_train/4/4829.png,4
mnist_cls_train/4/7191.png,4
mnist_cls_train/4/32578.png,4
mnist_cls_train/4/47285.png,4
mnist_cls_train/4/28706.png,4
mnist_cls_train/4/54294.png,4
mnist_cls_train/4/56379.png,4
mnist_cls_train/4/58684.png,4
mnist_cls_train/4/45404.png,4
mnist_cls_train/4/30234.png,4
mnist_cls_train/4/52729.png,4
mnist_cls_train/4/51312.png,4
mnist_cls_train/4/29814.png,4
mnist_cls_train/4/5944.png,4
mnist_cls_train/4/58555.png,4
mnist_cls_train/4/6901.png,4
mnist_cls_train/4/14885.png,4
mnist_cls_train/4/44013.png,4
mnist_cls_train/4/4787.png,4
mnist_cls_train/4/7573.png,4
mnist_cls_train/4/18306.png,4
mnist_cls_train/4/53528.png,4
mnist_cls_train/4/7280.png,4
mnist_cls_train/4/36208.png,4
mnist_cls_train/4/45391.png,4
mnist_cls_train/4/53411.png,4
mnist_cls_train/4/11886.png,4
mnist_cls_train/4/36836.png,4
mnist_cls_train/4/25668.png,4
mnist_cls_train/4/12224.png,4
mnist_cls_train/4/35258.png,4
mnist_cls_train/4/32487.png,4
mnist_cls_train/4/47532.png,4
mnist_cls_train/4/4361.png,4
mnist_cls_train/4/30367.png,4
mnist_cls_train/4/58749.png,4
mnist_cls_train/4/51263.png,4
mnist_cls_train/4/46057.png,4
mnist_cls_train/4/36228.png,4
mnist_cls_train/4/56723.png,4
mnist_cls_train/4/19427.png,4
mnist_cls_train/4/17203.png,4
mnist_cls_train/4/6833.png,4
mnist_cls_train/4/54769.png,4
mnist_cls_train/4/1545.png,4
mnist_cls_train/4/42676.png,4
mnist_cls_train/4/24169.png,4
mnist_cls_train/4/6652.png,4
mnist_cls_train/4/34948.png,4
mnist_cls_train/4/2052.png,4
mnist_cls_train/4/38654.png,4
mnist_cls_train/4/36940.png,4
mnist_cls_train/4/28327.png,4
mnist_cls_train/4/48880.png,4
mnist_cls_train/4/23587.png,4
mnist_cls_train/4/48903.png,4
mnist_cls_train/4/53149.png,4
mnist_cls_train/4/49501.png,4
mnist_cls_train/4/37562.png,4
mnist_cls_train/4/55098.png,4
mnist_cls_train/4/17736.png,4
mnist_cls_train/4/47477.png,4
mnist_cls_train/4/6536.png,4
mnist_cls_train/4/57102.png,4
mnist_cls_train/4/43737.png,4
mnist_cls_train/4/14715.png,4
mnist_cls_train/4/56893.png,4
mnist_cls_train/4/55087.png,4
mnist_cls_train/4/1911.png,4
mnist_cls_train/4/33900.png,4
mnist_cls_train/4/22537.png,4
mnist_cls_train/4/40236.png,4
mnist_cls_train/4/22394.png,4
mnist_cls_train/4/59743.png,4
mnist_cls_train/4/314.png,4
mnist_cls_train/4/21655.png,4
mnist_cls_train/4/15551.png,4
mnist_cls_train/4/43433.png,4
mnist_cls_train/4/18136.png,4
mnist_cls_train/4/47921.png,4
mnist_cls_train/4/15735.png,4
mnist_cls_train/4/59862.png,4
mnist_cls_train/4/9547.png,4
mnist_cls_train/4/53713.png,4
mnist_cls_train/4/14086.png,4
mnist_cls_train/4/57002.png,4
mnist_cls_train/4/6449.png,4
mnist_cls_train/4/40081.png,4
mnist_cls_train/4/31601.png,4
mnist_cls_train/4/1976.png,4
mnist_cls_train/4/2390.png,4
mnist_cls_train/4/11459.png,4
mnist_cls_train/4/59881.png,4
mnist_cls_train/4/50725.png,4
mnist_cls_train/4/20059.png,4
mnist_cls_train/4/4757.png,4
mnist_cls_train/4/37800.png,4
mnist_cls_train/4/3862.png,4
mnist_cls_train/4/29942.png,4
mnist_cls_train/4/42787.png,4
mnist_cls_train/4/11303.png,4
mnist_cls_train/4/55424.png,4
mnist_cls_train/4/20230.png,4
mnist_cls_train/4/848.png,4
mnist_cls_train/4/34294.png,4
mnist_cls_train/4/22677.png,4
mnist_cls_train/4/46097.png,4
mnist_cls_train/4/9385.png,4
mnist_cls_train/4/28253.png,4
mnist_cls_train/4/59915.png,4
mnist_cls_train/4/8458.png,4
mnist_cls_train/4/2046.png,4
mnist_cls_train/4/46451.png,4
mnist_cls_train/4/17604.png,4
mnist_cls_train/4/48195.png,4
mnist_cls_train/4/52499.png,4
mnist_cls_train/4/58545.png,4
mnist_cls_train/4/18767.png,4
mnist_cls_train/4/37916.png,4
mnist_cls_train/4/5406.png,4
mnist_cls_train/4/25050.png,4
mnist_cls_train/4/115.png,4
mnist_cls_train/4/54374.png,4
mnist_cls_train/4/34146.png,4
mnist_cls_train/4/29645.png,4
mnist_cls_train/4/49146.png,4
mnist_cls_train/4/30215.png,4
mnist_cls_train/4/29879.png,4
mnist_cls_train/4/24869.png,4
mnist_cls_train/4/34210.png,4
mnist_cls_train/4/9245.png,4
mnist_cls_train/4/38052.png,4
mnist_cls_train/4/9189.png,4
mnist_cls_train/4/8281.png,4
mnist_cls_train/4/39341.png,4
mnist_cls_train/4/9632.png,4
mnist_cls_train/4/47002.png,4
mnist_cls_train/4/58300.png,4
mnist_cls_train/4/50937.png,4
mnist_cls_train/4/14290.png,4
mnist_cls_train/4/18088.png,4
mnist_cls_train/4/59501.png,4
mnist_cls_train/4/40919.png,4
mnist_cls_train/4/11124.png,4
mnist_cls_train/4/40234.png,4
mnist_cls_train/4/22403.png,4
mnist_cls_train/4/11073.png,4
mnist_cls_train/4/21743.png,4
mnist_cls_train/4/57482.png,4
mnist_cls_train/4/36837.png,4
mnist_cls_train/4/21653.png,4
mnist_cls_train/4/47028.png,4
mnist_cls_train/4/58797.png,4
mnist_cls_train/4/56334.png,4
mnist_cls_train/4/9887.png,4
mnist_cls_train/4/58416.png,4
mnist_cls_train/4/51445.png,4
mnist_cls_train/4/53883.png,4
mnist_cls_train/4/56743.png,4
mnist_cls_train/4/2323.png,4
mnist_cls_train/4/3739.png,4
mnist_cls_train/4/45565.png,4
mnist_cls_train/4/2829.png,4
mnist_cls_train/5/15918.png,5
mnist_cls_train/5/51874.png,5
mnist_cls_train/5/36544.png,5
mnist_cls_train/5/22734.png,5
mnist_cls_train/5/26574.png,5
mnist_cls_train/5/55489.png,5
mnist_cls_train/5/32168.png,5
mnist_cls_train/5/55902.png,5
mnist_cls_train/5/48046.png,5
mnist_cls_train/5/30499.png,5
mnist_cls_train/5/38726.png,5
mnist_cls_train/5/24716.png,5
mnist_cls_train/5/5598.png,5
mnist_cls_train/5/23920.png,5
mnist_cls_train/5/31473.png,5
mnist_cls_train/5/52439.png,5
mnist_cls_train/5/44970.png,5
mnist_cls_train/5/35727.png,5
mnist_cls_train/5/51425.png,5
mnist_cls_train/5/59507.png,5
mnist_cls_train/5/10742.png,5
mnist_cls_train/5/28116.png,5
mnist_cls_train/5/39120.png,5
mnist_cls_train/5/59400.png,5
mnist_cls_train/5/13796.png,5
mnist_cls_train/5/56852.png,5
mnist_cls_train/5/59430.png,5
mnist_cls_train/5/30528.png,5
mnist_cls_train/5/57489.png,5
mnist_cls_train/5/23544.png,5
mnist_cls_train/5/26290.png,5
mnist_cls_train/5/26411.png,5
mnist_cls_train/5/6027.png,5
mnist_cls_train/5/14214.png,5
mnist_cls_train/5/29870.png,5
mnist_cls_train/5/10451.png,5
mnist_cls_train/5/41587.png,5
mnist_cls_train/5/48094.png,5
mnist_cls_train/5/24335.png,5
mnist_cls_train/5/2461.png,5
mnist_cls_train/5/947.png,5
mnist_cls_train/5/6836.png,5
mnist_cls_train/5/16647.png,5
mnist_cls_train/5/55572.png,5
mnist_cls_train/5/45070.png,5
mnist_cls_train/5/56804.png,5
mnist_cls_train/5/29525.png,5
mnist_cls_train/5/47130.png,5
mnist_cls_train/5/41321.png,5
mnist_cls_train/5/56113.png,5
mnist_cls_train/5/6655.png,5
mnist_cls_train/5/55871.png,5
mnist_cls_train/5/53229.png,5
mnist_cls_train/5/45432.png,5
mnist_cls_train/5/3595.png,5
mnist_cls_train/5/40963.png,5
mnist_cls_train/5/58391.png,5
mnist_cls_train/5/1635.png,5
mnist_cls_train/5/34843.png,5
mnist_cls_train/5/20769.png,5
mnist_cls_train/5/59216.png,5
mnist_cls_train/5/26228.png,5
mnist_cls_train/5/20569.png,5
mnist_cls_train/5/48260.png,5
mnist_cls_train/5/16356.png,5
mnist_cls_train/5/10661.png,5
mnist_cls_train/5/52474.png,5
mnist_cls_train/5/36639.png,5
mnist_cls_train/5/23734.png,5
mnist_cls_train/5/3563.png,5
mnist_cls_train/5/15771.png,5
mnist_cls_train/5/26407.png,5
mnist_cls_train/5/49490.png,5
mnist_cls_train/5/53971.png,5
mnist_cls_train/5/22235.png,5
mnist_cls_train/5/26978.png,5
mnist_cls_train/5/38378.png,5
mnist_cls_train/5/16129.png,5
mnist_cls_train/5/48440.png,5
mnist_cls_train/5/21799.png,5
mnist_cls_train/5/58713.png,5
mnist_cls_train/5/6501.png,5
mnist_cls_train/5/26413.png,5
mnist_cls_train/5/25936.png,5
mnist_cls_train/5/59005.png,5
mnist_cls_train/5/21632.png,5
mnist_cls_train/5/42641.png,5
mnist_cls_train/5/40736.png,5
mnist_cls_train/5/33046.png,5
mnist_cls_train/5/39808.png,5
mnist_cls_train/5/27100.png,5
mnist_cls_train/5/23640.png,5
mnist_cls_train/5/39335.png,5
mnist_cls_train/5/8713.png,5
mnist_cls_train/5/16993.png,5
mnist_cls_train/5/31028.png,5
mnist_cls_train/5/40518.png,5
mnist_cls_train/5/44329.png,5
mnist_cls_train/5/29058.png,5
mnist_cls_train/5/27255.png,5
mnist_cls_train/5/38959.png,5
mnist_cls_train/5/40711.png,5
mnist_cls_train/5/46774.png,5
mnist_cls_train/5/28231.png,5
mnist_cls_train/5/12082.png,5
mnist_cls_train/5/31863.png,5
mnist_cls_train/5/2478.png,5
mnist_cls_train/5/48049.png,5
mnist_cls_train/5/29571.png,5
mnist_cls_train/5/12893.png,5
mnist_cls_train/5/48217.png,5
mnist_cls_train/5/57271.png,5
mnist_cls_train/5/59810.png,5
mnist_cls_train/5/35114.png,5
mnist_cls_train/5/5188.png,5
mnist_cls_train/5/57311.png,5
mnist_cls_train/5/27253.png,5
mnist_cls_train/5/13264.png,5
mnist_cls_train/5/44924.png,5
mnist_cls_train/5/39409.png,5
mnist_cls_train/5/30333.png,5
mnist_cls_train/5/7216.png,5
mnist_cls_train/5/39645.png,5
mnist_cls_train/5/16733.png,5
mnist_cls_train/5/55455.png,5
mnist_cls_train/5/26030.png,5
mnist_cls_train/5/58739.png,5
mnist_cls_train/5/39103.png,5
mnist_cls_train/5/54862.png,5
mnist_cls_train/5/37448.png,5
mnist_cls_train/5/2861.png,5
mnist_cls_train/5/50071.png,5
mnist_cls_train/5/32059.png,5
mnist_cls_train/5/58025.png,5
mnist_cls_train/5/9568.png,5
mnist_cls_train/5/46544.png,5
mnist_cls_train/5/11590.png,5
mnist_cls_train/5/22015.png,5
mnist_cls_train/5/23906.png,5
mnist_cls_train/5/50926.png,5
mnist_cls_train/5/59330.png,5
mnist_cls_train/5/16357.png,5
mnist_cls_train/5/51433.png,5
mnist_cls_train/5/27400.png,5
mnist_cls_train/5/138.png,5
mnist_cls_train/5/27053.png,5
mnist_cls_train/5/11265.png,5
mnist_cls_train/5/59662.png,5
mnist_cls_train/5/42312.png,5
mnist_cls_train/5/20837.png,5
mnist_cls_train/5/18366.png,5
mnist_cls_train/5/44987.png,5
mnist_cls_train/5/38486.png,5
mnist_cls_train/5/4184.png,5
mnist_cls_train/5/30042.png,5
mnist_cls_train/5/38250.png,5
mnist_cls_train/5/19319.png,5
mnist_cls_train/5/24217.png,5
mnist_cls_train/5/18254.png,5
mnist_cls_train/5/55376.png,5
mnist_cls_train/5/6978.png,5
mnist_cls_train/5/46948.png,5
mnist_cls_train/5/33562.png,5
mnist_cls_train/5/1032.png,5
mnist_cls_train/5/24473.png,5
mnist_cls_train/5/40133.png,5
mnist_cls_train/5/9261.png,5
mnist_cls_train/5/26590.png,5
mnist_cls_train/5/48307.png,5
mnist_cls_train/5/1406.png,5
mnist_cls_train/5/9647.png,5
mnist_cls_train/5/18897.png,5
mnist_cls_train/5/45826.png,5
mnist_cls_train/5/43648.png,5
mnist_cls_train/5/2258.png,5
mnist_cls_train/5/57330.png,5
mnist_cls_train/5/2186.png,5
mnist_cls_train/5/36888.png,5
mnist_cls_train/5/50202.png,5
mnist_cls_train/5/11141.png,5
mnist_cls_train/5/38481.png,5
mnist_cls_train/5/24402.png,5
mnist_cls_train/5/20306.png,5
mnist_cls_train/5/24890.png,5
mnist_cls_train/5/29473.png,5
mnist_cls_train/5/7321.png,5
mnist_cls_train/5/10465.png,5
mnist_cls_train/5/1265.png,5
mnist_cls_train/5/41539.png,5
mnist_cls_train/5/44845.png,5
mnist_cls_train/5/14512.png,5
mnist_cls_train/5/22156.png,5
mnist_cls_train/5/18342.png,5
mnist_cls_train/5/57593.png,5
mnist_cls_train/5/27576.png,5
mnist_cls_train/5/31520.png,5
mnist_cls_train/5/3638.png,5
mnist_cls_train/5/1210.png,5
mnist_cls_train/5/26995.png,5
mnist_cls_train/5/30572.png,5
mnist_cls_train/5/13708.png,5
mnist_cls_train/5/17436.png,5
mnist_cls_train/5/41566.png,5
mnist_cls_train/5/33053.png,5
mnist_cls_train/5/31230.png,5
mnist_cls_train/5/1702.png,5
mnist_cls_train/5/22679.png,5
mnist_cls_train/5/6997.png,5
mnist_cls_train/5/47251.png,5
mnist_cls_train/5/10764.png,5
mnist_cls_train/5/13716.png,5
mnist_cls_train/5/20933.png,5
mnist_cls_train/5/39573.png,5
mnist_cls_train/5/36736.png,5
mnist_cls_train/5/12386.png,5
mnist_cls_train/5/43206.png,5
mnist_cls_train/5/16426.png,5
mnist_cls_train/5/47949.png,5
mnist_cls_train/5/8419.png,5
mnist_cls_train/5/24921.png,5
mnist_cls_train/5/51740.png,5
mnist_cls_train/5/956.png,5
mnist_cls_train/5/15549.png,5
mnist_cls_train/5/27526.png,5
mnist_cls_train/5/25967.png,5
mnist_cls_train/5/30217.png,5
mnist_cls_train/5/13948.png,5
mnist_cls_train/5/8263.png,5
mnist_cls_train/5/26493.png,5
mnist_cls_train/5/679.png,5
mnist_cls_train/5/27557.png,5
mnist_cls_train/5/12574.png,5
mnist_cls_train/5/2857.png,5
mnist_cls_train/5/45534.png,5
mnist_cls_train/5/58270.png,5
mnist_cls_train/5/31979.png,5
mnist_cls_train/5/46489.png,5
mnist_cls_train/5/27417.png,5
mnist_cls_train/5/23264.png,5
mnist_cls_train/5/21439.png,5
mnist_cls_train/5/17598.png,5
mnist_cls_train/5/18822.png,5
mnist_cls_train/5/12756.png,5
mnist_cls_train/5/15301.png,5
mnist_cls_train/5/49794.png,5
mnist_cls_train/5/43136.png,5
mnist_cls_train/5/57926.png,5
mnist_cls_train/5/31455.png,5
mnist_cls_train/5/52043.png,5
mnist_cls_train/5/37817.png,5
mnist_cls_train/5/48838.png,5
mnist_cls_train/5/44820.png,5
mnist_cls_train/5/53529.png,5
mnist_cls_train/5/51392.png,5
mnist_cls_train/5/36774.png,5
mnist_cls_train/5/8731.png,5
mnist_cls_train/5/18699.png,5
mnist_cls_train/5/24403.png,5
mnist_cls_train/5/41808.png,5
mnist_cls_train/5/42509.png,5
mnist_cls_train/5/49785.png,5
mnist_cls_train/5/38944.png,5
mnist_cls_train/5/31953.png,5
mnist_cls_train/5/56529.png,5
mnist_cls_train/5/9995.png,5
mnist_cls_train/5/23996.png,5
mnist_cls_train/5/4600.png,5
mnist_cls_train/5/43805.png,5
mnist_cls_train/5/45883.png,5
mnist_cls_train/5/16629.png,5
mnist_cls_train/5/23332.png,5
mnist_cls_train/5/36407.png,5
mnist_cls_train/5/3275.png,5
mnist_cls_train/5/38313.png,5
mnist_cls_train/5/8649.png,5
mnist_cls_train/5/41786.png,5
mnist_cls_train/5/30448.png,5
mnist_cls_train/5/22302.png,5
mnist_cls_train/5/14799.png,5
mnist_cls_train/5/9589.png,5
mnist_cls_train/5/58688.png,5
mnist_cls_train/5/59180.png,5
mnist_cls_train/5/22680.png,5
mnist_cls_train/5/55450.png,5
mnist_cls_train/5/11397.png,5
mnist_cls_train/5/27065.png,5
mnist_cls_train/5/5866.png,5
mnist_cls_train/5/42569.png,5
mnist_cls_train/5/53201.png,5
mnist_cls_train/5/21833.png,5
mnist_cls_train/5/24778.png,5
mnist_cls_train/5/16347.png,5
mnist_cls_train/5/36722.png,5
mnist_cls_train/5/48132.png,5
mnist_cls_train/5/16682.png,5
mnist_cls_train/5/30216.png,5
mnist_cls_train/5/24374.png,5
mnist_cls_train/5/4529.png,5
mnist_cls_train/5/39424.png,5
mnist_cls_train/5/45091.png,5
mnist_cls_train/5/29569.png,5
mnist_cls_train/5/28161.png,5
mnist_cls_train/5/16908.png,5
mnist_cls_train/5/46862.png,5
mnist_cls_train/5/13505.png,5
mnist_cls_train/5/45567.png,5
mnist_cls_train/5/34584.png,5
mnist_cls_train/5/43189.png,5
mnist_cls_train/5/53015.png,5
mnist_cls_train/5/57128.png,5
mnist_cls_train/5/48408.png,5
mnist_cls_train/5/10385.png,5
mnist_cls_train/5/41980.png,5
mnist_cls_train/5/43882.png,5
mnist_cls_train/5/45423.png,5
mnist_cls_train/5/20784.png,5
mnist_cls_train/5/7592.png,5
mnist_cls_train/5/20791.png,5
mnist_cls_train/5/2946.png,5
mnist_cls_train/5/42984.png,5
mnist_cls_train/5/2028.png,5
mnist_cls_train/5/59022.png,5
mnist_cls_train/5/57106.png,5
mnist_cls_train/5/48865.png,5
mnist_cls_train/5/39722.png,5
mnist_cls_train/5/46108.png,5
mnist_cls_train/5/40761.png,5
mnist_cls_train/5/37842.png,5
mnist_cls_train/5/22845.png,5
mnist_cls_train/5/31099.png,5
mnist_cls_train/5/2775.png,5
mnist_cls_train/5/5742.png,5
mnist_cls_train/5/49672.png,5
mnist_cls_train/5/2566.png,5
mnist_cls_train/5/49991.png,5
mnist_cls_train/5/31266.png,5
mnist_cls_train/5/49393.png,5
mnist_cls_train/5/17366.png,5
mnist_cls_train/5/32290.png,5
mnist_cls_train/5/27594.png,5
mnist_cls_train/5/13699.png,5
mnist_cls_train/5/14534.png,5
mnist_cls_train/5/8646.png,5
mnist_cls_train/5/51050.png,5
mnist_cls_train/5/57793.png,5
mnist_cls_train/5/54880.png,5
mnist_cls_train/5/51349.png,5
mnist_cls_train/5/49460.png,5
mnist_cls_train/5/6412.png,5
mnist_cls_train/5/16406.png,5
mnist_cls_train/5/23806.png,5
mnist_cls_train/5/31222.png,5
mnist_cls_train/5/26368.png,5
mnist_cls_train/5/58802.png,5
mnist_cls_train/5/36697.png,5
mnist_cls_train/5/37507.png,5
mnist_cls_train/5/39945.png,5
mnist_cls_train/5/7238.png,5
mnist_cls_train/5/32720.png,5
mnist_cls_train/5/26432.png,5
mnist_cls_train/5/47707.png,5
mnist_cls_train/5/9462.png,5
mnist_cls_train/5/22729.png,5
mnist_cls_train/5/25075.png,5
mnist_cls_train/5/9073.png,5
mnist_cls_train/5/45211.png,5
mnist_cls_train/5/24792.png,5
mnist_cls_train/5/12157.png,5
mnist_cls_train/5/46554.png,5
mnist_cls_train/5/37557.png,5
mnist_cls_train/5/1288.png,5
mnist_cls_train/5/19301.png,5
mnist_cls_train/5/43412.png,5
mnist_cls_train/5/46522.png,5
mnist_cls_train/5/6735.png,5
mnist_cls_train/5/22053.png,5
mnist_cls_train/5/47366.png,5
mnist_cls_train/5/42101.png,5
mnist_cls_train/5/31819.png,5
mnist_cls_train/5/59329.png,5
mnist_cls_train/5/50954.png,5
mnist_cls_train/5/59790.png,5
mnist_cls_train/5/28434.png,5
mnist_cls_train/5/17722.png,5
mnist_cls_train/5/32258.png,5
mnist_cls_train/5/27263.png,5
mnist_cls_train/5/1813.png,5
mnist_cls_train/5/34270.png,5
mnist_cls_train/5/32533.png,5
mnist_cls_train/5/18934.png,5
mnist_cls_train/5/56732.png,5
mnist_cls_train/5/4847.png,5
mnist_cls_train/5/59193.png,5
mnist_cls_train/5/59800.png,5
mnist_cls_train/5/19870.png,5
mnist_cls_train/5/44664.png,5
mnist_cls_train/5/9464.png,5
mnist_cls_train/5/31335.png,5
mnist_cls_train/5/13988.png,5
mnist_cls_train/5/41387.png,5
mnist_cls_train/5/26803.png,5
mnist_cls_train/5/27375.png,5
mnist_cls_train/5/1467.png,5
mnist_cls_train/5/49402.png,5
mnist_cls_train/5/19106.png,5
mnist_cls_train/5/32616.png,5
mnist_cls_train/5/35766.png,5
mnist_cls_train/5/22686.png,5
mnist_cls_train/5/11523.png,5
mnist_cls_train/5/20668.png,5
mnist_cls_train/5/20210.png,5
mnist_cls_train/5/25440.png,5
mnist_cls_train/5/43638.png,5
mnist_cls_train/5/49705.png,5
mnist_cls_train/5/28617.png,5
mnist_cls_train/5/24574.png,5
mnist_cls_train/5/8757.png,5
mnist_cls_train/5/41798.png,5
mnist_cls_train/5/30626.png,5
mnist_cls_train/5/16310.png,5
mnist_cls_train/5/47021.png,5
mnist_cls_train/5/55775.png,5
mnist_cls_train/5/23011.png,5
mnist_cls_train/5/51339.png,5
mnist_cls_train/5/15041.png,5
mnist_cls_train/5/9368.png,5
mnist_cls_train/5/52610.png,5
mnist_cls_train/5/36599.png,5
mnist_cls_train/5/2868.png,5
mnist_cls_train/5/37472.png,5
mnist_cls_train/5/45226.png,5
mnist_cls_train/5/3137.png,5
mnist_cls_train/5/41926.png,5
mnist_cls_train/5/20092.png,5
mnist_cls_train/5/5678.png,5
mnist_cls_train/5/51130.png,5
mnist_cls_train/5/54581.png,5
mnist_cls_train/5/40748.png,5
mnist_cls_train/5/27296.png,5
mnist_cls_train/5/52195.png,5
mnist_cls_train/5/58756.png,5
mnist_cls_train/5/38252.png,5
mnist_cls_train/5/16374.png,5
mnist_cls_train/5/39923.png,5
mnist_cls_train/5/27607.png,5
mnist_cls_train/5/59368.png,5
mnist_cls_train/5/54381.png,5
mnist_cls_train/5/38818.png,5
mnist_cls_train/5/26615.png,5
mnist_cls_train/5/45991.png,5
mnist_cls_train/5/44488.png,5
mnist_cls_train/5/31999.png,5
mnist_cls_train/5/3170.png,5
mnist_cls_train/5/18769.png,5
mnist_cls_train/5/37275.png,5
mnist_cls_train/5/9381.png,5
mnist_cls_train/5/48489.png,5
mnist_cls_train/5/38678.png,5
mnist_cls_train/5/12638.png,5
mnist_cls_train/5/48249.png,5
mnist_cls_train/5/17400.png,5
mnist_cls_train/5/31838.png,5
mnist_cls_train/5/56368.png,5
mnist_cls_train/5/8676.png,5
mnist_cls_train/5/26873.png,5
mnist_cls_train/5/32492.png,5
mnist_cls_train/5/34370.png,5
mnist_cls_train/5/47858.png,5
mnist_cls_train/5/53086.png,5
mnist_cls_train/5/41390.png,5
mnist_cls_train/5/49132.png,5
mnist_cls_train/5/7967.png,5
mnist_cls_train/5/18594.png,5
mnist_cls_train/5/27801.png,5
mnist_cls_train/5/2282.png,5
mnist_cls_train/5/9947.png,5
mnist_cls_train/5/39996.png,5
mnist_cls_train/5/18673.png,5
mnist_cls_train/5/22463.png,5
mnist_cls_train/5/54750.png,5
mnist_cls_train/5/36981.png,5
mnist_cls_train/5/879.png,5
mnist_cls_train/5/2639.png,5
mnist_cls_train/5/21519.png,5
mnist_cls_train/5/47278.png,5
mnist_cls_train/5/53829.png,5
mnist_cls_train/5/49652.png,5
mnist_cls_train/5/44293.png,5
mnist_cls_train/5/24820.png,5
mnist_cls_train/5/19306.png,5
mnist_cls_train/5/403.png,5
mnist_cls_train/5/25111.png,5
mnist_cls_train/5/42337.png,5
mnist_cls_train/5/10811.png,5
mnist_cls_train/5/47622.png,5
mnist_cls_train/5/9093.png,5
mnist_cls_train/5/27403.png,5
mnist_cls_train/5/15144.png,5
mnist_cls_train/5/42244.png,5
mnist_cls_train/5/39460.png,5
mnist_cls_train/5/5606.png,5
mnist_cls_train/5/41435.png,5
mnist_cls_train/5/7546.png,5
mnist_cls_train/5/42447.png,5
mnist_cls_train/5/10877.png,5
mnist_cls_train/5/53479.png,5
mnist_cls_train/5/7481.png,5
mnist_cls_train/5/46990.png,5
mnist_cls_train/5/4309.png,5
mnist_cls_train/5/59823.png,5
mnist_cls_train/5/47104.png,5
mnist_cls_train/5/40733.png,5
mnist_cls_train/5/46366.png,5
mnist_cls_train/5/36366.png,5
mnist_cls_train/5/16832.png,5
mnist_cls_train/5/4941.png,5
mnist_cls_train/5/40688.png,5
mnist_cls_train/5/26098.png,5
mnist_cls_train/5/23597.png,5
mnist_cls_train/5/47995.png,5
mnist_cls_train/5/36989.png,5
mnist_cls_train/5/25315.png,5
mnist_cls_train/5/54361.png,5
mnist_cls_train/5/40255.png,5
mnist_cls_train/5/30399.png,5
mnist_cls_train/5/53244.png,5
mnist_cls_train/5/58359.png,5
mnist_cls_train/5/14599.png,5
mnist_cls_train/5/52706.png,5
mnist_cls_train/5/53626.png,5
mnist_cls_train/5/38194.png,5
mnist_cls_train/5/23377.png,5
mnist_cls_train/5/55058.png,5
mnist_cls_train/5/23736.png,5
mnist_cls_train/5/26387.png,5
mnist_cls_train/5/1285.png,5
mnist_cls_train/5/8668.png,5
mnist_cls_train/5/12487.png,5
mnist_cls_train/5/18639.png,5
mnist_cls_train/5/40088.png,5
mnist_cls_train/5/21079.png,5
mnist_cls_train/5/39065.png,5
mnist_cls_train/5/3204.png,5
mnist_cls_train/5/4723.png,5
mnist_cls_train/5/31875.png,5
mnist_cls_train/5/24666.png,5
mnist_cls_train/5/17544.png,5
mnist_cls_train/5/22920.png,5
mnist_cls_train/5/46073.png,5
mnist_cls_train/5/5599.png,5
mnist_cls_train/5/41657.png,5
mnist_cls_train/5/54828.png,5
mnist_cls_train/5/43936.png,5
mnist_cls_train/5/4801.png,5
mnist_cls_train/5/13021.png,5
mnist_cls_train/5/14368.png,5
mnist_cls_train/5/19659.png,5
mnist_cls_train/5/14933.png,5
mnist_cls_train/5/8421.png,5
mnist_cls_train/5/37089.png,5
mnist_cls_train/5/28608.png,5
mnist_cls_train/5/50332.png,5
mnist_cls_train/5/15830.png,5
mnist_cls_train/5/45491.png,5
mnist_cls_train/5/37409.png,5
mnist_cls_train/5/28345.png,5
mnist_cls_train/5/49890.png,5
mnist_cls_train/5/41951.png,5
mnist_cls_train/5/2091.png,5
mnist_cls_train/5/23783.png,5
mnist_cls_train/5/48069.png,5
mnist_cls_train/5/18416.png,5
mnist_cls_train/5/19001.png,5
mnist_cls_train/5/29539.png,5
mnist_cls_train/5/58824.png,5
mnist_cls_train/5/57902.png,5
mnist_cls_train/5/33928.png,5
mnist_cls_train/5/36999.png,5
mnist_cls_train/5/1509.png,5
mnist_cls_train/5/45101.png,5
mnist_cls_train/5/23105.png,5
mnist_cls_train/5/42372.png,5
mnist_cls_train/5/25466.png,5
mnist_cls_train/5/5158.png,5
mnist_cls_train/5/19366.png,5
mnist_cls_train/5/15558.png,5
mnist_cls_train/5/30233.png,5
mnist_cls_train/5/1810.png,5
mnist_cls_train/5/2330.png,5
mnist_cls_train/5/59947.png,5
mnist_cls_train/5/46331.png,5
mnist_cls_train/5/24887.png,5
mnist_cls_train/5/3378.png,5
mnist_cls_train/5/58039.png,5
mnist_cls_train/5/52776.png,5
mnist_cls_train/5/50904.png,5
mnist_cls_train/5/46914.png,5
mnist_cls_train/5/25598.png,5
mnist_cls_train/5/26131.png,5
mnist_cls_train/5/15273.png,5
mnist_cls_train/5/52419.png,5
mnist_cls_train/5/9205.png,5
mnist_cls_train/5/29155.png,5
mnist_cls_train/5/8178.png,5
mnist_cls_train/5/10703.png,5
mnist_cls_train/5/14143.png,5
mnist_cls_train/5/52231.png,5
mnist_cls_train/5/32702.png,5
mnist_cls_train/5/43838.png,5
mnist_cls_train/5/19959.png,5
mnist_cls_train/5/32506.png,5
mnist_cls_train/5/55498.png,5
mnist_cls_train/5/43221.png,5
mnist_cls_train/5/22973.png,5
mnist_cls_train/5/11656.png,5
mnist_cls_train/5/4617.png,5
mnist_cls_train/5/56277.png,5
mnist_cls_train/5/28924.png,5
mnist_cls_train/5/49141.png,5
mnist_cls_train/5/4302.png,5
mnist_cls_train/5/33077.png,5
mnist_cls_train/5/29029.png,5
mnist_cls_train/5/55672.png,5
mnist_cls_train/5/38798.png,5
mnist_cls_train/5/523.png,5
mnist_cls_train/5/8819.png,5
mnist_cls_train/5/10432.png,5
mnist_cls_train/5/54528.png,5
mnist_cls_train/5/50460.png,5
mnist_cls_train/5/5424.png,5
mnist_cls_train/5/54151.png,5
mnist_cls_train/5/51727.png,5
mnist_cls_train/5/1965.png,5
mnist_cls_train/5/37117.png,5
mnist_cls_train/5/37823.png,5
mnist_cls_train/5/39197.png,5
mnist_cls_train/5/19849.png,5
mnist_cls_train/5/56571.png,5
mnist_cls_train/5/51473.png,5
mnist_cls_train/5/14009.png,5
mnist_cls_train/5/11118.png,5
mnist_cls_train/5/50800.png,5
mnist_cls_train/5/6004.png,5
mnist_cls_train/5/49527.png,5
mnist_cls_train/5/3118.png,5
mnist_cls_train/5/12548.png,5
mnist_cls_train/5/15071.png,5
mnist_cls_train/5/11179.png,5
mnist_cls_train/5/47832.png,5
mnist_cls_train/5/57947.png,5
mnist_cls_train/5/21371.png,5
mnist_cls_train/5/55349.png,5
mnist_cls_train/5/1993.png,5
mnist_cls_train/5/1245.png,5
mnist_cls_train/5/9064.png,5
mnist_cls_train/5/5620.png,5
mnist_cls_train/5/10903.png,5
mnist_cls_train/5/29924.png,5
mnist_cls_train/5/53568.png,5
mnist_cls_train/5/32415.png,5
mnist_cls_train/5/42390.png,5
mnist_cls_train/5/30081.png,5
mnist_cls_train/5/45886.png,5
mnist_cls_train/5/20628.png,5
mnist_cls_train/5/32501.png,5
mnist_cls_train/5/51494.png,5
mnist_cls_train/5/30393.png,5
mnist_cls_train/5/26286.png,5
mnist_cls_train/5/23312.png,5
mnist_cls_train/5/49025.png,5
mnist_cls_train/5/35903.png,5
mnist_cls_train/5/41049.png,5
mnist_cls_train/5/11470.png,5
mnist_cls_train/5/33349.png,5
mnist_cls_train/5/53443.png,5
mnist_cls_train/5/56720.png,5
mnist_cls_train/5/19078.png,5
mnist_cls_train/5/14970.png,5
mnist_cls_train/5/37148.png,5
mnist_cls_train/5/43837.png,5
mnist_cls_train/5/28148.png,5
mnist_cls_train/5/21819.png,5
mnist_cls_train/5/10939.png,5
mnist_cls_train/5/4076.png,5
mnist_cls_train/5/20109.png,5
mnist_cls_train/5/45305.png,5
mnist_cls_train/5/8434.png,5
mnist_cls_train/5/25966.png,5
mnist_cls_train/5/55794.png,5
mnist_cls_train/5/51605.png,5
mnist_cls_train/5/27179.png,5
mnist_cls_train/5/24106.png,5
mnist_cls_train/5/52019.png,5
mnist_cls_train/5/19130.png,5
mnist_cls_train/5/55287.png,5
mnist_cls_train/5/19497.png,5
mnist_cls_train/5/36330.png,5
mnist_cls_train/5/1638.png,5
mnist_cls_train/5/59358.png,5
mnist_cls_train/5/54044.png,5
mnist_cls_train/5/7024.png,5
mnist_cls_train/5/56938.png,5
mnist_cls_train/5/15880.png,5
mnist_cls_train/5/58439.png,5
mnist_cls_train/5/24864.png,5
mnist_cls_train/5/41402.png,5
mnist_cls_train/5/58834.png,5
mnist_cls_train/5/4573.png,5
mnist_cls_train/5/56658.png,5
mnist_cls_train/5/19699.png,5
mnist_cls_train/5/3467.png,5
mnist_cls_train/5/15819.png,5
mnist_cls_train/5/48985.png,5
mnist_cls_train/5/11410.png,5
mnist_cls_train/5/44501.png,5
mnist_cls_train/5/41389.png,5
mnist_cls_train/5/20017.png,5
mnist_cls_train/5/6217.png,5
mnist_cls_train/5/54510.png,5
mnist_cls_train/5/25295.png,5
mnist_cls_train/5/39230.png,5
mnist_cls_train/5/5550.png,5
mnist_cls_train/5/34760.png,5
mnist_cls_train/5/50675.png,5
mnist_cls_train/5/35041.png,5
mnist_cls_train/5/34720.png,5
mnist_cls_train/5/51107.png,5
mnist_cls_train/5/9587.png,5
mnist_cls_train/5/16358.png,5
mnist_cls_train/5/9340.png,5
mnist_cls_train/5/48567.png,5
mnist_cls_train/5/20359.png,5
mnist_cls_train/5/45012.png,5
mnist_cls_train/5/38792.png,5
mnist_cls_train/5/2279.png,5
mnist_cls_train/5/44736.png,5
mnist_cls_train/5/36193.png,5
mnist_cls_train/5/44165.png,5
mnist_cls_train/5/19186.png,5
mnist_cls_train/5/2368.png,5
mnist_cls_train/5/45024.png,5
mnist_cls_train/5/34836.png,5
mnist_cls_train/5/27310.png,5
mnist_cls_train/5/36453.png,5
mnist_cls_train/5/26636.png,5
mnist_cls_train/5/16926.png,5
mnist_cls_train/5/33749.png,5
mnist_cls_train/5/8190.png,5
mnist_cls_train/5/49352.png,5
mnist_cls_train/5/23725.png,5
mnist_cls_train/5/18172.png,5
mnist_cls_train/5/19862.png,5
mnist_cls_train/5/7820.png,5
mnist_cls_train/5/13946.png,5
mnist_cls_train/5/40172.png,5
mnist_cls_train/5/43442.png,5
mnist_cls_train/5/11569.png,5
mnist_cls_train/5/41693.png,5
mnist_cls_train/5/36214.png,5
mnist_cls_train/5/4590.png,5
mnist_cls_train/5/52190.png,5
mnist_cls_train/5/9397.png,5
mnist_cls_train/5/53152.png,5
mnist_cls_train/5/35207.png,5
mnist_cls_train/5/51854.png,5
mnist_cls_train/5/14946.png,5
mnist_cls_train/5/25560.png,5
mnist_cls_train/5/50111.png,5
mnist_cls_train/5/12697.png,5
mnist_cls_train/5/7989.png,5
mnist_cls_train/5/23211.png,5
mnist_cls_train/5/24608.png,5
mnist_cls_train/5/23861.png,5
mnist_cls_train/5/44006.png,5
mnist_cls_train/5/15140.png,5
mnist_cls_train/5/45547.png,5
mnist_cls_train/5/52086.png,5
mnist_cls_train/5/9690.png,5
mnist_cls_train/5/59563.png,5
mnist_cls_train/5/10280.png,5
mnist_cls_train/5/47661.png,5
mnist_cls_train/5/47305.png,5
mnist_cls_train/5/58290.png,5
mnist_cls_train/5/39085.png,5
mnist_cls_train/5/43244.png,5
mnist_cls_train/5/22089.png,5
mnist_cls_train/5/219.png,5
mnist_cls_train/5/48921.png,5
mnist_cls_train/5/53907.png,5
mnist_cls_train/5/45604.png,5
mnist_cls_train/5/5934.png,5
mnist_cls_train/5/25935.png,5
mnist_cls_train/5/32217.png,5
mnist_cls_train/5/56663.png,5
mnist_cls_train/5/39773.png,5
mnist_cls_train/5/53069.png,5
mnist_cls_train/5/42889.png,5
mnist_cls_train/5/34626.png,5
mnist_cls_train/5/52650.png,5
mnist_cls_train/5/31702.png,5
mnist_cls_train/5/59822.png,5
mnist_cls_train/5/41016.png,5
mnist_cls_train/5/48680.png,5
mnist_cls_train/5/47938.png,5
mnist_cls_train/5/33420.png,5
mnist_cls_train/5/50341.png,5
mnist_cls_train/5/53638.png,5
mnist_cls_train/5/39516.png,5
mnist_cls_train/5/54577.png,5
mnist_cls_train/5/37558.png,5
mnist_cls_train/5/10062.png,5
mnist_cls_train/5/25762.png,5
mnist_cls_train/5/50848.png,5
mnist_cls_train/5/37590.png,5
mnist_cls_train/5/43402.png,5
mnist_cls_train/5/37364.png,5
mnist_cls_train/5/54566.png,5
mnist_cls_train/5/46989.png,5
mnist_cls_train/5/6018.png,5
mnist_cls_train/5/54491.png,5
mnist_cls_train/5/21806.png,5
mnist_cls_train/5/20528.png,5
mnist_cls_train/5/845.png,5
mnist_cls_train/5/50017.png,5
mnist_cls_train/5/41523.png,5
mnist_cls_train/5/8027.png,5
mnist_cls_train/5/15781.png,5
mnist_cls_train/5/48983.png,5
mnist_cls_train/5/54500.png,5
mnist_cls_train/5/35535.png,5
mnist_cls_train/5/54092.png,5
mnist_cls_train/5/1206.png,5
mnist_cls_train/5/13058.png,5
mnist_cls_train/5/29404.png,5
mnist_cls_train/5/38932.png,5
mnist_cls_train/5/49825.png,5
mnist_cls_train/5/40478.png,5
mnist_cls_train/5/55909.png,5
mnist_cls_train/5/16011.png,5
mnist_cls_train/5/49040.png,5
mnist_cls_train/5/49687.png,5
mnist_cls_train/5/47471.png,5
mnist_cls_train/5/12405.png,5
mnist_cls_train/5/46635.png,5
mnist_cls_train/5/44647.png,5
mnist_cls_train/5/37584.png,5
mnist_cls_train/5/10035.png,5
mnist_cls_train/5/19867.png,5
mnist_cls_train/5/9207.png,5
mnist_cls_train/5/44307.png,5
mnist_cls_train/5/31694.png,5
mnist_cls_train/5/21883.png,5
mnist_cls_train/5/9124.png,5
mnist_cls_train/5/35867.png,5
mnist_cls_train/5/27952.png,5
mnist_cls_train/5/53812.png,5
mnist_cls_train/5/4622.png,5
mnist_cls_train/5/33903.png,5
mnist_cls_train/5/5254.png,5
mnist_cls_train/5/21204.png,5
mnist_cls_train/5/36236.png,5
mnist_cls_train/5/19717.png,5
mnist_cls_train/5/36437.png,5
mnist_cls_train/5/18276.png,5
mnist_cls_train/5/52778.png,5
mnist_cls_train/5/53200.png,5
mnist_cls_train/5/15378.png,5
mnist_cls_train/5/11345.png,5
mnist_cls_train/5/50060.png,5
mnist_cls_train/5/50766.png,5
mnist_cls_train/5/44564.png,5
mnist_cls_train/5/31078.png,5
mnist_cls_train/5/59502.png,5
mnist_cls_train/5/18778.png,5
mnist_cls_train/5/27127.png,5
mnist_cls_train/5/35247.png,5
mnist_cls_train/5/52170.png,5
mnist_cls_train/5/36028.png,5
mnist_cls_train/5/6418.png,5
mnist_cls_train/5/22382.png,5
mnist_cls_train/5/19868.png,5
mnist_cls_train/5/48825.png,5
mnist_cls_train/5/24951.png,5
mnist_cls_train/5/57942.png,5
mnist_cls_train/5/43585.png,5
mnist_cls_train/5/48687.png,5
mnist_cls_train/5/51990.png,5
mnist_cls_train/5/20586.png,5
mnist_cls_train/5/58357.png,5
mnist_cls_train/5/6848.png,5
mnist_cls_train/5/42626.png,5
mnist_cls_train/5/4885.png,5
mnist_cls_train/5/26239.png,5
mnist_cls_train/5/3129.png,5
mnist_cls_train/5/52065.png,5
mnist_cls_train/5/6829.png,5
mnist_cls_train/5/48214.png,5
mnist_cls_train/5/10598.png,5
mnist_cls_train/5/22907.png,5
mnist_cls_train/5/48814.png,5
mnist_cls_train/5/14707.png,5
mnist_cls_train/5/2038.png,5
mnist_cls_train/5/7137.png,5
mnist_cls_train/5/20793.png,5
mnist_cls_train/5/5363.png,5
mnist_cls_train/5/45263.png,5
mnist_cls_train/5/46667.png,5
mnist_cls_train/5/19506.png,5
mnist_cls_train/5/7639.png,5
mnist_cls_train/5/6636.png,5
mnist_cls_train/5/33494.png,5
mnist_cls_train/5/29842.png,5
mnist_cls_train/5/3681.png,5
mnist_cls_train/5/5771.png,5
mnist_cls_train/5/17651.png,5
mnist_cls_train/5/47856.png,5
mnist_cls_train/5/14233.png,5
mnist_cls_train/5/34187.png,5
mnist_cls_train/5/7154.png,5
mnist_cls_train/5/8414.png,5
mnist_cls_train/5/32214.png,5
mnist_cls_train/5/4786.png,5
mnist_cls_train/5/53826.png,5
mnist_cls_train/5/30030.png,5
mnist_cls_train/5/9352.png,5
mnist_cls_train/5/59906.png,5
mnist_cls_train/5/58428.png,5
mnist_cls_train/5/18938.png,5
mnist_cls_train/5/480.png,5
mnist_cls_train/5/4057.png,5
mnist_cls_train/5/7270.png,5
mnist_cls_train/5/16405.png,5
mnist_cls_train/5/9945.png,5
mnist_cls_train/5/8856.png,5
mnist_cls_train/5/52962.png,5
mnist_cls_train/5/53973.png,5
mnist_cls_train/5/49476.png,5
mnist_cls_train/5/58505.png,5
mnist_cls_train/5/12770.png,5
mnist_cls_train/5/48586.png,5
mnist_cls_train/5/38592.png,5
mnist_cls_train/5/2554.png,5
mnist_cls_train/5/31763.png,5
mnist_cls_train/5/46203.png,5
mnist_cls_train/5/13602.png,5
mnist_cls_train/5/13457.png,5
mnist_cls_train/5/49632.png,5
mnist_cls_train/5/27377.png,5
mnist_cls_train/5/26570.png,5
mnist_cls_train/5/35702.png,5
mnist_cls_train/5/48733.png,5
mnist_cls_train/5/55164.png,5
mnist_cls_train/5/44152.png,5
mnist_cls_train/5/3635.png,5
mnist_cls_train/5/33573.png,5
mnist_cls_train/5/51692.png,5
mnist_cls_train/5/54604.png,5
mnist_cls_train/5/45072.png,5
mnist_cls_train/5/27291.png,5
mnist_cls_train/5/2885.png,5
mnist_cls_train/5/3768.png,5
mnist_cls_train/5/7114.png,5
mnist_cls_train/5/19436.png,5
mnist_cls_train/5/27814.png,5
mnist_cls_train/5/23808.png,5
mnist_cls_train/5/41215.png,5
mnist_cls_train/5/31008.png,5
mnist_cls_train/5/57025.png,5
mnist_cls_train/5/57136.png,5
mnist_cls_train/5/15464.png,5
mnist_cls_train/5/11850.png,5
mnist_cls_train/5/1556.png,5
mnist_cls_train/5/23336.png,5
mnist_cls_train/5/30402.png,5
mnist_cls_train/5/57510.png,5
mnist_cls_train/5/44810.png,5
mnist_cls_train/5/52739.png,5
mnist_cls_train/5/32674.png,5
mnist_cls_train/5/6389.png,5
mnist_cls_train/5/48971.png,5
mnist_cls_train/5/1298.png,5
mnist_cls_train/5/53296.png,5
mnist_cls_train/5/6749.png,5
mnist_cls_train/5/17886.png,5
mnist_cls_train/5/26204.png,5
mnist_cls_train/5/12588.png,5
mnist_cls_train/5/29572.png,5
mnist_cls_train/5/43377.png,5
mnist_cls_train/5/22268.png,5
mnist_cls_train/5/13234.png,5
mnist_cls_train/5/56306.png,5
mnist_cls_train/5/45344.png,5
mnist_cls_train/5/51989.png,5
mnist_cls_train/5/3637.png,5
mnist_cls_train/5/56309.png,5
mnist_cls_train/5/266.png,5
mnist_cls_train/5/26024.png,5
mnist_cls_train/5/19472.png,5
mnist_cls_train/5/23927.png,5
mnist_cls_train/5/21609.png,5
mnist_cls_train/5/1481.png,5
mnist_cls_train/5/40125.png,5
mnist_cls_train/5/55233.png,5
mnist_cls_train/5/48812.png,5
mnist_cls_train/5/51855.png,5
mnist_cls_train/5/4665.png,5
mnist_cls_train/5/41241.png,5
mnist_cls_train/5/53641.png,5
mnist_cls_train/5/53329.png,5
mnist_cls_train/5/24854.png,5
mnist_cls_train/5/51963.png,5
mnist_cls_train/5/3859.png,5
mnist_cls_train/5/28048.png,5
mnist_cls_train/5/23235.png,5
mnist_cls_train/5/52257.png,5
mnist_cls_train/5/11484.png,5
mnist_cls_train/5/2537.png,5
mnist_cls_train/5/8642.png,5
mnist_cls_train/5/3839.png,5
mnist_cls_train/5/54015.png,5
mnist_cls_train/5/43587.png,5
mnist_cls_train/5/58119.png,5
mnist_cls_train/5/22033.png,5
mnist_cls_train/5/45011.png,5
mnist_cls_train/5/47494.png,5
mnist_cls_train/5/17132.png,5
mnist_cls_train/5/22042.png,5
mnist_cls_train/5/9646.png,5
mnist_cls_train/5/19741.png,5
mnist_cls_train/5/17387.png,5
mnist_cls_train/5/32248.png,5
mnist_cls_train/5/38656.png,5
mnist_cls_train/5/10386.png,5
mnist_cls_train/5/45490.png,5
mnist_cls_train/5/28874.png,5
mnist_cls_train/5/30046.png,5
mnist_cls_train/5/27699.png,5
mnist_cls_train/5/28478.png,5
mnist_cls_train/5/24718.png,5
mnist_cls_train/5/36918.png,5
mnist_cls_train/5/8712.png,5
mnist_cls_train/5/43066.png,5
mnist_cls_train/5/32322.png,5
mnist_cls_train/5/12381.png,5
mnist_cls_train/5/7699.png,5
mnist_cls_train/5/36819.png,5
mnist_cls_train/5/29771.png,5
mnist_cls_train/5/42317.png,5
mnist_cls_train/5/58976.png,5
mnist_cls_train/5/59846.png,5
mnist_cls_train/5/26842.png,5
mnist_cls_train/5/29462.png,5
mnist_cls_train/5/28504.png,5
mnist_cls_train/5/20033.png,5
mnist_cls_train/5/40535.png,5
mnist_cls_train/5/34829.png,5
mnist_cls_train/5/33288.png,5
mnist_cls_train/5/36452.png,5
mnist_cls_train/5/8624.png,5
mnist_cls_train/5/42267.png,5
mnist_cls_train/5/52310.png,5
mnist_cls_train/5/19019.png,5
mnist_cls_train/5/32603.png,5
mnist_cls_train/5/57944.png,5
mnist_cls_train/5/2945.png,5
mnist_cls_train/5/16692.png,5
mnist_cls_train/5/37249.png,5
mnist_cls_train/5/34996.png,5
mnist_cls_train/5/57088.png,5
mnist_cls_train/5/31007.png,5
mnist_cls_train/5/52896.png,5
mnist_cls_train/5/33324.png,5
mnist_cls_train/5/14507.png,5
mnist_cls_train/5/51844.png,5
mnist_cls_train/5/55838.png,5
mnist_cls_train/5/21976.png,5
mnist_cls_train/5/49032.png,5
mnist_cls_train/5/45018.png,5
mnist_cls_train/5/32040.png,5
mnist_cls_train/5/26972.png,5
mnist_cls_train/5/18313.png,5
mnist_cls_train/5/9824.png,5
mnist_cls_train/5/53507.png,5
mnist_cls_train/5/47296.png,5
mnist_cls_train/5/48348.png,5
mnist_cls_train/5/49140.png,5
mnist_cls_train/5/34858.png,5
mnist_cls_train/5/27845.png,5
mnist_cls_train/5/48449.png,5
mnist_cls_train/5/13460.png,5
mnist_cls_train/5/3669.png,5
mnist_cls_train/5/3988.png,5
mnist_cls_train/5/43716.png,5
mnist_cls_train/5/57821.png,5
mnist_cls_train/5/21626.png,5
mnist_cls_train/5/52131.png,5
mnist_cls_train/5/11198.png,5
mnist_cls_train/5/13580.png,5
mnist_cls_train/5/48939.png,5
mnist_cls_train/5/52970.png,5
mnist_cls_train/5/47115.png,5
mnist_cls_train/5/10589.png,5
mnist_cls_train/5/30622.png,5
mnist_cls_train/5/6077.png,5
mnist_cls_train/5/10653.png,5
mnist_cls_train/5/26150.png,5
mnist_cls_train/5/9419.png,5
mnist_cls_train/5/8173.png,5
mnist_cls_train/5/757.png,5
mnist_cls_train/5/6524.png,5
mnist_cls_train/5/35274.png,5
mnist_cls_train/5/49291.png,5
mnist_cls_train/5/51822.png,5
mnist_cls_train/5/30125.png,5
mnist_cls_train/5/48769.png,5
mnist_cls_train/5/36750.png,5
mnist_cls_train/5/3682.png,5
mnist_cls_train/5/26034.png,5
mnist_cls_train/5/31344.png,5
mnist_cls_train/5/42964.png,5
mnist_cls_train/5/59726.png,5
mnist_cls_train/5/25913.png,5
mnist_cls_train/5/6660.png,5
mnist_cls_train/5/49935.png,5
mnist_cls_train/5/34137.png,5
mnist_cls_train/5/44964.png,5
mnist_cls_train/5/38134.png,5
mnist_cls_train/5/34411.png,5
mnist_cls_train/5/47301.png,5
mnist_cls_train/5/28103.png,5
mnist_cls_train/5/34800.png,5
mnist_cls_train/5/26066.png,5
mnist_cls_train/5/49190.png,5
mnist_cls_train/5/32671.png,5
mnist_cls_train/5/58790.png,5
mnist_cls_train/5/45933.png,5
mnist_cls_train/5/13229.png,5
mnist_cls_train/5/45919.png,5
mnist_cls_train/5/55980.png,5
mnist_cls_train/5/30615.png,5
mnist_cls_train/5/24361.png,5
mnist_cls_train/5/7351.png,5
mnist_cls_train/5/26283.png,5
mnist_cls_train/5/3527.png,5
mnist_cls_train/5/26020.png,5
mnist_cls_train/5/38940.png,5
mnist_cls_train/5/55643.png,5
mnist_cls_train/5/2755.png,5
mnist_cls_train/5/28340.png,5
mnist_cls_train/5/5839.png,5
mnist_cls_train/5/20590.png,5
mnist_cls_train/5/29293.png,5
mnist_cls_train/5/44406.png,5
mnist_cls_train/5/44148.png,5
mnist_cls_train/5/56860.png,5
mnist_cls_train/5/53922.png,5
mnist_cls_train/5/58622.png,5
mnist_cls_train/5/47314.png,5
mnist_cls_train/5/22030.png,5
mnist_cls_train/5/53063.png,5
mnist_cls_train/5/47609.png,5
mnist_cls_train/5/2948.png,5
mnist_cls_train/5/33733.png,5
mnist_cls_train/5/7927.png,5
mnist_cls_train/5/19476.png,5
mnist_cls_train/5/6359.png,5
mnist_cls_train/5/1524.png,5
mnist_cls_train/5/42747.png,5
mnist_cls_train/5/50887.png,5
mnist_cls_train/5/836.png,5
mnist_cls_train/5/24173.png,5
mnist_cls_train/5/25283.png,5
mnist_cls_train/5/39901.png,5
mnist_cls_train/5/32755.png,5
mnist_cls_train/5/5925.png,5
mnist_cls_train/5/24004.png,5
mnist_cls_train/5/45987.png,5
mnist_cls_train/5/12695.png,5
mnist_cls_train/5/43699.png,5
mnist_cls_train/5/37865.png,5
mnist_cls_train/5/16671.png,5
mnist_cls_train/5/4760.png,5
mnist_cls_train/5/13060.png,5
mnist_cls_train/5/28491.png,5
mnist_cls_train/5/32840.png,5
mnist_cls_train/5/30403.png,5
mnist_cls_train/5/54260.png,5
mnist_cls_train/5/52527.png,5
mnist_cls_train/5/52737.png,5
mnist_cls_train/5/45897.png,5
mnist_cls_train/5/36839.png,5
mnist_cls_train/5/23874.png,5
mnist_cls_train/5/28395.png,5
mnist_cls_train/5/58663.png,5
mnist_cls_train/5/45452.png,5
mnist_cls_train/5/24630.png,5
mnist_cls_train/5/59278.png,5
mnist_cls_train/5/46365.png,5
mnist_cls_train/5/7232.png,5
mnist_cls_train/5/9096.png,5
mnist_cls_train/6/7741.png,6
mnist_cls_train/6/27991.png,6
mnist_cls_train/6/57347.png,6
mnist_cls_train/6/14232.png,6
mnist_cls_train/6/55274.png,6
mnist_cls_train/6/18422.png,6
mnist_cls_train/6/35844.png,6
mnist_cls_train/6/33305.png,6
mnist_cls_train/6/57565.png,6
mnist_cls_train/6/55012.png,6
mnist_cls_train/6/15334.png,6
mnist_cls_train/6/4828.png,6
mnist_cls_train/6/49255.png,6
mnist_cls_train/6/32242.png,6
mnist_cls_train/6/40331.png,6
mnist_cls_train/6/1567.png,6
mnist_cls_train/6/1297.png,6
mnist_cls_train/6/43620.png,6
mnist_cls_train/6/14500.png,6
mnist_cls_train/6/51711.png,6
mnist_cls_train/6/23450.png,6
mnist_cls_train/6/39320.png,6
mnist_cls_train/6/6903.png,6
mnist_cls_train/6/52253.png,6
mnist_cls_train/6/11769.png,6
mnist_cls_train/6/39815.png,6
mnist_cls_train/6/50888.png,6
mnist_cls_train/6/24785.png,6
mnist_cls_train/6/23186.png,6
mnist_cls_train/6/8311.png,6
mnist_cls_train/6/7700.png,6
mnist_cls_train/6/52387.png,6
mnist_cls_train/6/15744.png,6
mnist_cls_train/6/50034.png,6
mnist_cls_train/6/50108.png,6
mnist_cls_train/6/59181.png,6
mnist_cls_train/6/4635.png,6
mnist_cls_train/6/9239.png,6
mnist_cls_train/6/8420.png,6
mnist_cls_train/6/18655.png,6
mnist_cls_train/6/48632.png,6
mnist_cls_train/6/3820.png,6
mnist_cls_train/6/6907.png,6
mnist_cls_train/6/53909.png,6
mnist_cls_train/6/7559.png,6
mnist_cls_train/6/6971.png,6
mnist_cls_train/6/49060.png,6
mnist_cls_train/6/36903.png,6
mnist_cls_train/6/53095.png,6
mnist_cls_train/6/54316.png,6
mnist_cls_train/6/45668.png,6
mnist_cls_train/6/5517.png,6
mnist_cls_train/6/30597.png,6
mnist_cls_train/6/28142.png,6
mnist_cls_train/6/42075.png,6
mnist_cls_train/6/34186.png,6
mnist_cls_train/6/46323.png,6
mnist_cls_train/6/58430.png,6
mnist_cls_train/6/31371.png,6
mnist_cls_train/6/30630.png,6
mnist_cls_train/6/48565.png,6
mnist_cls_train/6/29644.png,6
mnist_cls_train/6/23790.png,6
mnist_cls_train/6/3869.png,6
mnist_cls_train/6/38643.png,6
mnist_cls_train/6/1182.png,6
mnist_cls_train/6/45141.png,6
mnist_cls_train/6/15196.png,6
mnist_cls_train/6/38176.png,6
mnist_cls_train/6/40394.png,6
mnist_cls_train/6/48883.png,6
mnist_cls_train/6/33588.png,6
mnist_cls_train/6/286.png,6
mnist_cls_train/6/4702.png,6
mnist_cls_train/6/28733.png,6
mnist_cls_train/6/21860.png,6
mnist_cls_train/6/36574.png,6
mnist_cls_train/6/40871.png,6
mnist_cls_train/6/16963.png,6
mnist_cls_train/6/25963.png,6
mnist_cls_train/6/3858.png,6
mnist_cls_train/6/13493.png,6
mnist_cls_train/6/14940.png,6
mnist_cls_train/6/48609.png,6
mnist_cls_train/6/16786.png,6
mnist_cls_train/6/3127.png,6
mnist_cls_train/6/37028.png,6
mnist_cls_train/6/2710.png,6
mnist_cls_train/6/14315.png,6
mnist_cls_train/6/2545.png,6
mnist_cls_train/6/51745.png,6
mnist_cls_train/6/7549.png,6
mnist_cls_train/6/47663.png,6
mnist_cls_train/6/55616.png,6
mnist_cls_train/6/26759.png,6
mnist_cls_train/6/46389.png,6
mnist_cls_train/6/46804.png,6
mnist_cls_train/6/53697.png,6
mnist_cls_train/6/45887.png,6
mnist_cls_train/6/36966.png,6
mnist_cls_train/6/13349.png,6
mnist_cls_train/6/23839.png,6
mnist_cls_train/6/38511.png,6
mnist_cls_train/6/24220.png,6
mnist_cls_train/6/53581.png,6
mnist_cls_train/6/5070.png,6
mnist_cls_train/6/7086.png,6
mnist_cls_train/6/10304.png,6
mnist_cls_train/6/23394.png,6
mnist_cls_train/6/50004.png,6
mnist_cls_train/6/37542.png,6
mnist_cls_train/6/58329.png,6
mnist_cls_train/6/23500.png,6
mnist_cls_train/6/53416.png,6
mnist_cls_train/6/40351.png,6
mnist_cls_train/6/26900.png,6
mnist_cls_train/6/50039.png,6
mnist_cls_train/6/51729.png,6
mnist_cls_train/6/39004.png,6
mnist_cls_train/6/57770.png,6
mnist_cls_train/6/19155.png,6
mnist_cls_train/6/44070.png,6
mnist_cls_train/6/45664.png,6
mnist_cls_train/6/39200.png,6
mnist_cls_train/6/56411.png,6
mnist_cls_train/6/57846.png,6
mnist_cls_train/6/52806.png,6
mnist_cls_train/6/38327.png,6
mnist_cls_train/6/46186.png,6
mnist_cls_train/6/15780.png,6
mnist_cls_train/6/50242.png,6
mnist_cls_train/6/29411.png,6
mnist_cls_train/6/39165.png,6
mnist_cls_train/6/3646.png,6
mnist_cls_train/6/5826.png,6
mnist_cls_train/6/51664.png,6
mnist_cls_train/6/17426.png,6
mnist_cls_train/6/7724.png,6
mnist_cls_train/6/30818.png,6
mnist_cls_train/6/53555.png,6
mnist_cls_train/6/20343.png,6
mnist_cls_train/6/17416.png,6
mnist_cls_train/6/30083.png,6
mnist_cls_train/6/24764.png,6
mnist_cls_train/6/48054.png,6
mnist_cls_train/6/59801.png,6
mnist_cls_train/6/55111.png,6
mnist_cls_train/6/31397.png,6
mnist_cls_train/6/26382.png,6
mnist_cls_train/6/54630.png,6
mnist_cls_train/6/6635.png,6
mnist_cls_train/6/33073.png,6
mnist_cls_train/6/10731.png,6
mnist_cls_train/6/47761.png,6
mnist_cls_train/6/33629.png,6
mnist_cls_train/6/52837.png,6
mnist_cls_train/6/12518.png,6
mnist_cls_train/6/19710.png,6
mnist_cls_train/6/2837.png,6
mnist_cls_train/6/15036.png,6
mnist_cls_train/6/59877.png,6
mnist_cls_train/6/28594.png,6
mnist_cls_train/6/20745.png,6
mnist_cls_train/6/9016.png,6
mnist_cls_train/6/3530.png,6
mnist_cls_train/6/40526.png,6
mnist_cls_train/6/27496.png,6
mnist_cls_train/6/28249.png,6
mnist_cls_train/6/51096.png,6
mnist_cls_train/6/15483.png,6
mnist_cls_train/6/34466.png,6
mnist_cls_train/6/27962.png,6
mnist_cls_train/6/14565.png,6
mnist_cls_train/6/31104.png,6
mnist_cls_train/6/49970.png,6
mnist_cls_train/6/24162.png,6
mnist_cls_train/6/37336.png,6
mnist_cls_train/6/40775.png,6
mnist_cls_train/6/30178.png,6
mnist_cls_train/6/46471.png,6
mnist_cls_train/6/58043.png,6
mnist_cls_train/6/28302.png,6
mnist_cls_train/6/44533.png,6
mnist_cls_train/6/54425.png,6
mnist_cls_train/6/42025.png,6
mnist_cls_train/6/42856.png,6
mnist_cls_train/6/31037.png,6
mnist_cls_train/6/58050.png,6
mnist_cls_train/6/25108.png,6
mnist_cls_train/6/27505.png,6
mnist_cls_train/6/55143.png,6
mnist_cls_train/6/49019.png,6
mnist_cls_train/6/23261.png,6
mnist_cls_train/6/54200.png,6
mnist_cls_train/6/5364.png,6
mnist_cls_train/6/55841.png,6
mnist_cls_train/6/19488.png,6
mnist_cls_train/6/55984.png,6
mnist_cls_train/6/58007.png,6
mnist_cls_train/6/48620.png,6
mnist_cls_train/6/15591.png,6
mnist_cls_train/6/21036.png,6
mnist_cls_train/6/35140.png,6
mnist_cls_train/6/39383.png,6
mnist_cls_train/6/33484.png,6
mnist_cls_train/6/36673.png,6
mnist_cls_train/6/54205.png,6
mnist_cls_train/6/7562.png,6
mnist_cls_train/6/14813.png,6
mnist_cls_train/6/38780.png,6
mnist_cls_train/6/59548.png,6
mnist_cls_train/6/36195.png,6
mnist_cls_train/6/28222.png,6
mnist_cls_train/6/20104.png,6
mnist_cls_train/6/38421.png,6
mnist_cls_train/6/6732.png,6
mnist_cls_train/6/20637.png,6
mnist_cls_train/6/5419.png,6
mnist_cls_train/6/28127.png,6
mnist_cls_train/6/12469.png,6
mnist_cls_train/6/45750.png,6
mnist_cls_train/6/36798.png,6
mnist_cls_train/6/35888.png,6
mnist_cls_train/6/58669.png,6
mnist_cls_train/6/52560.png,6
mnist_cls_train/6/22940.png,6
mnist_cls_train/6/21407.png,6
mnist_cls_train/6/19722.png,6
mnist_cls_train/6/40849.png,6
mnist_cls_train/6/41726.png,6
mnist_cls_train/6/1520.png,6
mnist_cls_train/6/4943.png,6
mnist_cls_train/6/8860.png,6
mnist_cls_train/6/16425.png,6
mnist_cls_train/6/34812.png,6
mnist_cls_train/6/16769.png,6
mnist_cls_train/6/51319.png,6
mnist_cls_train/6/26530.png,6
mnist_cls_train/6/17229.png,6
mnist_cls_train/6/57122.png,6
mnist_cls_train/6/28997.png,6
mnist_cls_train/6/16653.png,6
mnist_cls_train/6/28975.png,6
mnist_cls_train/6/21605.png,6
mnist_cls_train/6/10979.png,6
mnist_cls_train/6/28867.png,6
mnist_cls_train/6/27175.png,6
mnist_cls_train/6/58626.png,6
mnist_cls_train/6/29028.png,6
mnist_cls_train/6/6387.png,6
mnist_cls_train/6/55731.png,6
mnist_cls_train/6/24554.png,6
mnist_cls_train/6/30139.png,6
mnist_cls_train/6/53991.png,6
mnist_cls_train/6/54717.png,6
mnist_cls_train/6/43752.png,6
mnist_cls_train/6/45635.png,6
mnist_cls_train/6/32701.png,6
mnist_cls_train/6/22665.png,6
mnist_cls_train/6/4426.png,6
mnist_cls_train/6/2249.png,6
mnist_cls_train/6/29769.png,6
mnist_cls_train/6/2062.png,6
mnist_cls_train/6/51355.png,6
mnist_cls_train/6/32999.png,6
mnist_cls_train/6/10879.png,6
mnist_cls_train/6/26160.png,6
mnist_cls_train/6/52688.png,6
mnist_cls_train/6/2479.png,6
mnist_cls_train/6/37345.png,6
mnist_cls_train/6/22240.png,6
mnist_cls_train/6/43063.png,6
mnist_cls_train/6/16957.png,6
mnist_cls_train/6/6673.png,6
mnist_cls_train/6/3036.png,6
mnist_cls_train/6/14172.png,6
mnist_cls_train/6/22834.png,6
mnist_cls_train/6/29987.png,6
mnist_cls_train/6/53007.png,6
mnist_cls_train/6/52338.png,6
mnist_cls_train/6/16297.png,6
mnist_cls_train/6/18791.png,6
mnist_cls_train/6/44217.png,6
mnist_cls_train/6/51507.png,6
mnist_cls_train/6/20647.png,6
mnist_cls_train/6/50588.png,6
mnist_cls_train/6/10174.png,6
mnist_cls_train/6/1951.png,6
mnist_cls_train/6/26452.png,6
mnist_cls_train/6/40771.png,6
mnist_cls_train/6/37401.png,6
mnist_cls_train/6/13261.png,6
mnist_cls_train/6/14051.png,6
mnist_cls_train/6/53005.png,6
mnist_cls_train/6/20775.png,6
mnist_cls_train/6/11691.png,6
mnist_cls_train/6/33542.png,6
mnist_cls_train/6/32325.png,6
mnist_cls_train/6/36068.png,6
mnist_cls_train/6/32305.png,6
mnist_cls_train/6/31867.png,6
mnist_cls_train/6/49597.png,6
mnist_cls_train/6/56182.png,6
mnist_cls_train/6/9468.png,6
mnist_cls_train/6/38192.png,6
mnist_cls_train/6/28883.png,6
mnist_cls_train/6/47593.png,6
mnist_cls_train/6/26511.png,6
mnist_cls_train/6/578.png,6
mnist_cls_train/6/30025.png,6
mnist_cls_train/6/34896.png,6
mnist_cls_train/6/1898.png,6
mnist_cls_train/6/12410.png,6
mnist_cls_train/6/38460.png,6
mnist_cls_train/6/57157.png,6
mnist_cls_train/6/41246.png,6
mnist_cls_train/6/2588.png,6
mnist_cls_train/6/57218.png,6
mnist_cls_train/6/1159.png,6
mnist_cls_train/6/31909.png,6
mnist_cls_train/6/10512.png,6
mnist_cls_train/6/38875.png,6
mnist_cls_train/6/56172.png,6
mnist_cls_train/6/46558.png,6
mnist_cls_train/6/12905.png,6
mnist_cls_train/6/19848.png,6
mnist_cls_train/6/34117.png,6
mnist_cls_train/6/54823.png,6
mnist_cls_train/6/18517.png,6
mnist_cls_train/6/33794.png,6
mnist_cls_train/6/38187.png,6
mnist_cls_train/6/5159.png,6
mnist_cls_train/6/8478.png,6
mnist_cls_train/6/36274.png,6
mnist_cls_train/6/17876.png,6
mnist_cls_train/6/53081.png,6
mnist_cls_train/6/55213.png,6
mnist_cls_train/6/10698.png,6
mnist_cls_train/6/33919.png,6
mnist_cls_train/6/52000.png,6
mnist_cls_train/6/28807.png,6
mnist_cls_train/6/3789.png,6
mnist_cls_train/6/29389.png,6
mnist_cls_train/6/785.png,6
mnist_cls_train/6/25901.png,6
mnist_cls_train/6/29392.png,6
mnist_cls_train/6/25204.png,6
mnist_cls_train/6/36079.png,6
mnist_cls_train/6/58435.png,6
mnist_cls_train/6/10463.png,6
mnist_cls_train/6/29275.png,6
mnist_cls_train/6/34522.png,6
mnist_cls_train/6/6551.png,6
mnist_cls_train/6/49022.png,6
mnist_cls_train/6/9928.png,6
mnist_cls_train/6/37218.png,6
mnist_cls_train/6/50165.png,6
mnist_cls_train/6/17542.png,6
mnist_cls_train/6/12640.png,6
mnist_cls_train/6/7109.png,6
mnist_cls_train/6/10481.png,6
mnist_cls_train/6/2387.png,6
mnist_cls_train/6/852.png,6
mnist_cls_train/6/16879.png,6
mnist_cls_train/6/42785.png,6
mnist_cls_train/6/42843.png,6
mnist_cls_train/6/35205.png,6
mnist_cls_train/6/55362.png,6
mnist_cls_train/6/49816.png,6
mnist_cls_train/6/39626.png,6
mnist_cls_train/6/58549.png,6
mnist_cls_train/6/29035.png,6
mnist_cls_train/6/40757.png,6
mnist_cls_train/6/26796.png,6
mnist_cls_train/6/5810.png,6
mnist_cls_train/6/58766.png,6
mnist_cls_train/6/44444.png,6
mnist_cls_train/6/10600.png,6
mnist_cls_train/6/36446.png,6
mnist_cls_train/6/37707.png,6
mnist_cls_train/6/58732.png,6
mnist_cls_train/6/36792.png,6
mnist_cls_train/6/16746.png,6
mnist_cls_train/6/23195.png,6
mnist_cls_train/6/28438.png,6
mnist_cls_train/6/25405.png,6
mnist_cls_train/6/20757.png,6
mnist_cls_train/6/30819.png,6
mnist_cls_train/6/49305.png,6
mnist_cls_train/6/977.png,6
mnist_cls_train/6/10540.png,6
mnist_cls_train/6/50159.png,6
mnist_cls_train/6/18459.png,6
mnist_cls_train/6/3136.png,6
mnist_cls_train/6/2913.png,6
mnist_cls_train/6/49915.png,6
mnist_cls_train/6/2573.png,6
mnist_cls_train/6/59302.png,6
mnist_cls_train/6/18063.png,6
mnist_cls_train/6/56211.png,6
mnist_cls_train/6/2126.png,6
mnist_cls_train/6/58598.png,6
mnist_cls_train/6/10356.png,6
mnist_cls_train/6/30680.png,6
mnist_cls_train/6/21565.png,6
mnist_cls_train/6/40527.png,6
mnist_cls_train/6/3288.png,6
mnist_cls_train/6/56345.png,6
mnist_cls_train/6/8929.png,6
mnist_cls_train/6/52206.png,6
mnist_cls_train/6/31626.png,6
mnist_cls_train/6/15960.png,6
mnist_cls_train/6/5782.png,6
mnist_cls_train/6/59324.png,6
mnist_cls_train/6/37350.png,6
mnist_cls_train/6/12340.png,6
mnist_cls_train/6/54618.png,6
mnist_cls_train/6/10836.png,6
mnist_cls_train/6/35426.png,6
mnist_cls_train/6/45113.png,6
mnist_cls_train/6/29687.png,6
mnist_cls_train/6/56385.png,6
mnist_cls_train/6/30715.png,6
mnist_cls_train/6/17408.png,6
mnist_cls_train/6/24023.png,6
mnist_cls_train/6/41890.png,6
mnist_cls_train/6/32118.png,6
mnist_cls_train/6/25368.png,6
mnist_cls_train/6/55168.png,6
mnist_cls_train/6/33916.png,6
mnist_cls_train/6/21290.png,6
mnist_cls_train/6/48219.png,6
mnist_cls_train/6/46684.png,6
mnist_cls_train/6/18838.png,6
mnist_cls_train/6/12101.png,6
mnist_cls_train/6/34360.png,6
mnist_cls_train/6/12462.png,6
mnist_cls_train/6/9010.png,6
mnist_cls_train/6/9816.png,6
mnist_cls_train/6/19964.png,6
mnist_cls_train/6/10503.png,6
mnist_cls_train/6/47584.png,6
mnist_cls_train/6/26253.png,6
mnist_cls_train/6/39036.png,6
mnist_cls_train/6/45265.png,6
mnist_cls_train/6/33724.png,6
mnist_cls_train/6/39260.png,6
mnist_cls_train/6/34198.png,6
mnist_cls_train/6/21348.png,6
mnist_cls_train/6/39212.png,6
mnist_cls_train/6/17075.png,6
mnist_cls_train/6/31924.png,6
mnist_cls_train/6/50104.png,6
mnist_cls_train/6/18957.png,6
mnist_cls_train/6/5721.png,6
mnist_cls_train/6/2196.png,6
mnist_cls_train/6/57158.png,6
mnist_cls_train/6/55475.png,6
mnist_cls_train/6/6631.png,6
mnist_cls_train/6/48141.png,6
mnist_cls_train/6/24257.png,6
mnist_cls_train/6/30784.png,6
mnist_cls_train/6/26470.png,6
mnist_cls_train/6/43035.png,6
mnist_cls_train/6/8770.png,6
mnist_cls_train/6/31907.png,6
mnist_cls_train/6/5889.png,6
mnist_cls_train/6/38861.png,6
mnist_cls_train/6/48006.png,6
mnist_cls_train/6/816.png,6
mnist_cls_train/6/649.png,6
mnist_cls_train/6/27382.png,6
mnist_cls_train/6/14764.png,6
mnist_cls_train/6/13046.png,6
mnist_cls_train/6/51031.png,6
mnist_cls_train/6/7434.png,6
mnist_cls_train/6/57023.png,6
mnist_cls_train/6/17626.png,6
mnist_cls_train/6/13357.png,6
mnist_cls_train/6/8523.png,6
mnist_cls_train/6/48918.png,6
mnist_cls_train/6/58404.png,6
mnist_cls_train/6/54237.png,6
mnist_cls_train/6/41410.png,6
mnist_cls_train/6/58695.png,6
mnist_cls_train/6/49346.png,6
mnist_cls_train/6/13427.png,6
mnist_cls_train/6/41170.png,6
mnist_cls_train/6/55382.png,6
mnist_cls_train/6/8621.png,6
mnist_cls_train/6/36363.png,6
mnist_cls_train/6/27491.png,6
mnist_cls_train/6/38854.png,6
mnist_cls_train/6/52620.png,6
mnist_cls_train/6/44057.png,6
mnist_cls_train/6/52768.png,6
mnist_cls_train/6/59251.png,6
mnist_cls_train/6/31268.png,6
mnist_cls_train/6/13759.png,6
mnist_cls_train/6/5654.png,6
mnist_cls_train/6/50761.png,6
mnist_cls_train/6/22383.png,6
mnist_cls_train/6/53277.png,6
mnist_cls_train/6/59161.png,6
mnist_cls_train/6/52880.png,6
mnist_cls_train/6/26372.png,6
mnist_cls_train/6/33886.png,6
mnist_cls_train/6/52551.png,6
mnist_cls_train/6/15159.png,6
mnist_cls_train/6/59141.png,6
mnist_cls_train/6/56619.png,6
mnist_cls_train/6/23687.png,6
mnist_cls_train/6/32230.png,6
mnist_cls_train/6/42007.png,6
mnist_cls_train/6/19530.png,6
mnist_cls_train/6/56251.png,6
mnist_cls_train/6/30345.png,6
mnist_cls_train/6/7008.png,6
mnist_cls_train/6/39893.png,6
mnist_cls_train/6/41060.png,6
mnist_cls_train/6/43807.png,6
mnist_cls_train/6/16245.png,6
mnist_cls_train/6/32241.png,6
mnist_cls_train/6/54032.png,6
mnist_cls_train/6/58798.png,6
mnist_cls_train/6/21763.png,6
mnist_cls_train/6/44843.png,6
mnist_cls_train/6/26723.png,6
mnist_cls_train/6/33812.png,6
mnist_cls_train/6/41361.png,6
mnist_cls_train/6/25435.png,6
mnist_cls_train/6/25614.png,6
mnist_cls_train/6/29835.png,6
mnist_cls_train/6/22035.png,6
mnist_cls_train/6/47877.png,6
mnist_cls_train/6/55019.png,6
mnist_cls_train/6/1113.png,6
mnist_cls_train/6/20949.png,6
mnist_cls_train/6/31152.png,6
mnist_cls_train/6/23667.png,6
mnist_cls_train/6/54153.png,6
mnist_cls_train/6/17093.png,6
mnist_cls_train/6/7937.png,6
mnist_cls_train/6/27799.png,6
mnist_cls_train/6/24802.png,6
mnist_cls_train/6/38782.png,6
mnist_cls_train/6/56177.png,6
mnist_cls_train/6/18154.png,6
mnist_cls_train/6/47260.png,6
mnist_cls_train/6/53900.png,6
mnist_cls_train/6/52578.png,6
mnist_cls_train/6/944.png,6
mnist_cls_train/6/53949.png,6
mnist_cls_train/6/25646.png,6
mnist_cls_train/6/46218.png,6
mnist_cls_train/6/36425.png,6
mnist_cls_train/6/20806.png,6
mnist_cls_train/6/41735.png,6
mnist_cls_train/6/12547.png,6
mnist_cls_train/6/37577.png,6
mnist_cls_train/6/16604.png,6
mnist_cls_train/6/8376.png,6
mnist_cls_train/6/54206.png,6
mnist_cls_train/6/49910.png,6
mnist_cls_train/6/9123.png,6
mnist_cls_train/6/4155.png,6
mnist_cls_train/6/39987.png,6
mnist_cls_train/6/12270.png,6
mnist_cls_train/6/16131.png,6
mnist_cls_train/6/17150.png,6
mnist_cls_train/6/42370.png,6
mnist_cls_train/6/43605.png,6
mnist_cls_train/6/57891.png,6
mnist_cls_train/6/955.png,6
mnist_cls_train/6/59257.png,6
mnist_cls_train/6/39045.png,6
mnist_cls_train/6/8561.png,6
mnist_cls_train/6/53929.png,6
mnist_cls_train/6/23600.png,6
mnist_cls_train/6/6482.png,6
mnist_cls_train/6/2849.png,6
mnist_cls_train/6/32549.png,6
mnist_cls_train/6/57823.png,6
mnist_cls_train/6/44690.png,6
mnist_cls_train/6/40907.png,6
mnist_cls_train/6/45080.png,6
mnist_cls_train/6/35206.png,6
mnist_cls_train/6/39883.png,6
mnist_cls_train/6/40342.png,6
mnist_cls_train/6/28177.png,6
mnist_cls_train/6/1202.png,6
mnist_cls_train/6/59345.png,6
mnist_cls_train/6/41547.png,6
mnist_cls_train/6/54799.png,6
mnist_cls_train/6/50294.png,6
mnist_cls_train/6/10792.png,6
mnist_cls_train/6/46536.png,6
mnist_cls_train/6/14031.png,6
mnist_cls_train/6/14167.png,6
mnist_cls_train/6/17829.png,6
mnist_cls_train/6/40093.png,6
mnist_cls_train/6/20916.png,6
mnist_cls_train/6/26375.png,6
mnist_cls_train/6/22969.png,6
mnist_cls_train/6/1741.png,6
mnist_cls_train/6/23358.png,6
mnist_cls_train/6/22609.png,6
mnist_cls_train/6/5145.png,6
mnist_cls_train/6/1750.png,6
mnist_cls_train/6/38028.png,6
mnist_cls_train/6/51089.png,6
mnist_cls_train/6/27101.png,6
mnist_cls_train/6/5931.png,6
mnist_cls_train/6/38721.png,6
mnist_cls_train/6/9126.png,6
mnist_cls_train/6/3814.png,6
mnist_cls_train/6/29216.png,6
mnist_cls_train/6/8590.png,6
mnist_cls_train/6/26071.png,6
mnist_cls_train/6/9281.png,6
mnist_cls_train/6/12596.png,6
mnist_cls_train/6/32692.png,6
mnist_cls_train/6/51690.png,6
mnist_cls_train/6/54503.png,6
mnist_cls_train/6/27285.png,6
mnist_cls_train/6/41188.png,6
mnist_cls_train/6/19984.png,6
mnist_cls_train/6/9828.png,6
mnist_cls_train/6/9094.png,6
mnist_cls_train/6/22449.png,6
mnist_cls_train/6/13671.png,6
mnist_cls_train/6/17524.png,6
mnist_cls_train/6/7195.png,6
mnist_cls_train/6/54227.png,6
mnist_cls_train/6/36980.png,6
mnist_cls_train/6/2923.png,6
mnist_cls_train/6/30232.png,6
mnist_cls_train/6/15714.png,6
mnist_cls_train/6/53057.png,6
mnist_cls_train/6/41262.png,6
mnist_cls_train/6/14731.png,6
mnist_cls_train/6/56937.png,6
mnist_cls_train/6/19563.png,6
mnist_cls_train/6/40661.png,6
mnist_cls_train/6/16575.png,6
mnist_cls_train/6/25037.png,6
mnist_cls_train/6/52263.png,6
mnist_cls_train/6/56673.png,6
mnist_cls_train/6/6572.png,6
mnist_cls_train/6/52859.png,6
mnist_cls_train/6/28756.png,6
mnist_cls_train/6/12258.png,6
mnist_cls_train/6/37121.png,6
mnist_cls_train/6/47437.png,6
mnist_cls_train/6/50818.png,6
mnist_cls_train/6/50073.png,6
mnist_cls_train/6/22716.png,6
mnist_cls_train/6/40501.png,6
mnist_cls_train/6/39251.png,6
mnist_cls_train/6/14418.png,6
mnist_cls_train/6/6392.png,6
mnist_cls_train/6/43682.png,6
mnist_cls_train/6/31110.png,6
mnist_cls_train/6/46013.png,6
mnist_cls_train/6/9120.png,6
mnist_cls_train/6/25713.png,6
mnist_cls_train/6/13593.png,6
mnist_cls_train/6/34905.png,6
mnist_cls_train/6/38022.png,6
mnist_cls_train/6/45138.png,6
mnist_cls_train/6/26516.png,6
mnist_cls_train/6/25489.png,6
mnist_cls_train/6/31521.png,6
mnist_cls_train/6/39086.png,6
mnist_cls_train/6/31212.png,6
mnist_cls_train/6/36841.png,6
mnist_cls_train/6/13085.png,6
mnist_cls_train/6/50059.png,6
mnist_cls_train/6/5553.png,6
mnist_cls_train/6/54802.png,6
mnist_cls_train/6/17273.png,6
mnist_cls_train/6/5311.png,6
mnist_cls_train/6/22323.png,6
mnist_cls_train/6/6178.png,6
mnist_cls_train/6/12552.png,6
mnist_cls_train/6/8546.png,6
mnist_cls_train/6/9500.png,6
mnist_cls_train/6/18238.png,6
mnist_cls_train/6/43995.png,6
mnist_cls_train/6/40538.png,6
mnist_cls_train/6/20288.png,6
mnist_cls_train/6/31175.png,6
mnist_cls_train/6/5684.png,6
mnist_cls_train/6/2138.png,6
mnist_cls_train/6/24214.png,6
mnist_cls_train/6/8628.png,6
mnist_cls_train/6/1266.png,6
mnist_cls_train/6/13860.png,6
mnist_cls_train/6/45300.png,6
mnist_cls_train/6/51246.png,6
mnist_cls_train/6/59540.png,6
mnist_cls_train/6/11140.png,6
mnist_cls_train/6/33272.png,6
mnist_cls_train/6/46455.png,6
mnist_cls_train/6/41129.png,6
mnist_cls_train/6/25599.png,6
mnist_cls_train/6/36439.png,6
mnist_cls_train/6/28890.png,6
mnist_cls_train/6/388.png,6
mnist_cls_train/6/1906.png,6
mnist_cls_train/6/22157.png,6
mnist_cls_train/6/2662.png,6
mnist_cls_train/6/4531.png,6
mnist_cls_train/6/9802.png,6
mnist_cls_train/6/43348.png,6
mnist_cls_train/6/33010.png,6
mnist_cls_train/6/14666.png,6
mnist_cls_train/6/56878.png,6
mnist_cls_train/6/21712.png,6
mnist_cls_train/6/10672.png,6
mnist_cls_train/6/46682.png,6
mnist_cls_train/6/42996.png,6
mnist_cls_train/6/19293.png,6
mnist_cls_train/6/4818.png,6
mnist_cls_train/6/39870.png,6
mnist_cls_train/6/15687.png,6
mnist_cls_train/6/13939.png,6
mnist_cls_train/6/57591.png,6
mnist_cls_train/6/20555.png,6
mnist_cls_train/6/11828.png,6
mnist_cls_train/6/47808.png,6
mnist_cls_train/6/22806.png,6
mnist_cls_train/6/10591.png,6
mnist_cls_train/6/810.png,6
mnist_cls_train/6/28216.png,6
mnist_cls_train/6/51219.png,6
mnist_cls_train/6/14989.png,6
mnist_cls_train/6/1204.png,6
mnist_cls_train/6/32576.png,6
mnist_cls_train/6/4520.png,6
mnist_cls_train/6/21862.png,6
mnist_cls_train/6/4268.png,6
mnist_cls_train/6/17933.png,6
mnist_cls_train/6/34783.png,6
mnist_cls_train/6/14973.png,6
mnist_cls_train/6/24832.png,6
mnist_cls_train/6/25345.png,6
mnist_cls_train/6/9187.png,6
mnist_cls_train/6/20057.png,6
mnist_cls_train/6/1562.png,6
mnist_cls_train/6/27685.png,6
mnist_cls_train/6/42745.png,6
mnist_cls_train/6/31368.png,6
mnist_cls_train/6/12853.png,6
mnist_cls_train/6/54948.png,6
mnist_cls_train/6/44258.png,6
mnist_cls_train/6/57314.png,6
mnist_cls_train/6/14374.png,6
mnist_cls_train/6/39087.png,6
mnist_cls_train/6/29620.png,6
mnist_cls_train/6/45805.png,6
mnist_cls_train/6/17985.png,6
mnist_cls_train/6/14618.png,6
mnist_cls_train/6/24016.png,6
mnist_cls_train/6/59284.png,6
mnist_cls_train/6/58303.png,6
mnist_cls_train/6/36101.png,6
mnist_cls_train/6/5587.png,6
mnist_cls_train/6/18432.png,6
mnist_cls_train/6/9921.png,6
mnist_cls_train/6/57353.png,6
mnist_cls_train/6/4365.png,6
mnist_cls_train/6/50780.png,6
mnist_cls_train/6/29169.png,6
mnist_cls_train/6/5274.png,6
mnist_cls_train/6/58488.png,6
mnist_cls_train/6/19384.png,6
mnist_cls_train/6/2930.png,6
mnist_cls_train/6/48083.png,6
mnist_cls_train/6/21226.png,6
mnist_cls_train/6/30788.png,6
mnist_cls_train/6/33063.png,6
mnist_cls_train/6/4871.png,6
mnist_cls_train/6/25424.png,6
mnist_cls_train/6/19896.png,6
mnist_cls_train/6/8481.png,6
mnist_cls_train/6/56105.png,6
mnist_cls_train/6/27161.png,6
mnist_cls_train/6/55798.png,6
mnist_cls_train/6/1184.png,6
mnist_cls_train/6/47006.png,6
mnist_cls_train/6/49178.png,6
mnist_cls_train/6/21755.png,6
mnist_cls_train/6/36343.png,6
mnist_cls_train/6/57935.png,6
mnist_cls_train/6/47564.png,6
mnist_cls_train/6/22869.png,6
mnist_cls_train/6/57015.png,6
mnist_cls_train/6/13709.png,6
mnist_cls_train/6/43839.png,6
mnist_cls_train/6/16335.png,6
mnist_cls_train/6/35825.png,6
mnist_cls_train/6/34748.png,6
mnist_cls_train/6/38334.png,6
mnist_cls_train/6/26039.png,6
mnist_cls_train/6/12613.png,6
mnist_cls_train/6/41172.png,6
mnist_cls_train/6/21331.png,6
mnist_cls_train/6/18058.png,6
mnist_cls_train/6/37549.png,6
mnist_cls_train/6/45986.png,6
mnist_cls_train/6/10925.png,6
mnist_cls_train/6/23694.png,6
mnist_cls_train/6/59442.png,6
mnist_cls_train/6/58958.png,6
mnist_cls_train/6/12876.png,6
mnist_cls_train/6/49524.png,6
mnist_cls_train/6/57012.png,6
mnist_cls_train/6/12002.png,6
mnist_cls_train/6/22618.png,6
mnist_cls_train/6/45856.png,6
mnist_cls_train/6/41442.png,6
mnist_cls_train/6/52194.png,6
mnist_cls_train/6/58904.png,6
mnist_cls_train/6/42475.png,6
mnist_cls_train/6/5495.png,6
mnist_cls_train/6/58382.png,6
mnist_cls_train/6/3207.png,6
mnist_cls_train/6/12170.png,6
mnist_cls_train/6/6157.png,6
mnist_cls_train/6/4817.png,6
mnist_cls_train/6/41546.png,6
mnist_cls_train/6/37476.png,6
mnist_cls_train/6/53793.png,6
mnist_cls_train/6/44354.png,6
mnist_cls_train/6/41814.png,6
mnist_cls_train/6/23284.png,6
mnist_cls_train/6/27021.png,6
mnist_cls_train/6/5910.png,6
mnist_cls_train/6/1100.png,6
mnist_cls_train/6/19723.png,6
mnist_cls_train/6/17796.png,6
mnist_cls_train/6/841.png,6
mnist_cls_train/6/36049.png,6
mnist_cls_train/6/8638.png,6
mnist_cls_train/6/17867.png,6
mnist_cls_train/6/39766.png,6
mnist_cls_train/6/39466.png,6
mnist_cls_train/6/44790.png,6
mnist_cls_train/6/49847.png,6
mnist_cls_train/6/18465.png,6
mnist_cls_train/6/31588.png,6
mnist_cls_train/6/40980.png,6
mnist_cls_train/6/11832.png,6
mnist_cls_train/6/4533.png,6
mnist_cls_train/6/57010.png,6
mnist_cls_train/6/26299.png,6
mnist_cls_train/6/46788.png,6
mnist_cls_train/6/49084.png,6
mnist_cls_train/6/48630.png,6
mnist_cls_train/6/21538.png,6
mnist_cls_train/6/30128.png,6
mnist_cls_train/6/36616.png,6
mnist_cls_train/6/31040.png,6
mnist_cls_train/6/15706.png,6
mnist_cls_train/6/19272.png,6
mnist_cls_train/6/8336.png,6
mnist_cls_train/6/8417.png,6
mnist_cls_train/6/52282.png,6
mnist_cls_train/6/50276.png,6
mnist_cls_train/6/39336.png,6
mnist_cls_train/6/58770.png,6
mnist_cls_train/6/42700.png,6
mnist_cls_train/6/34601.png,6
mnist_cls_train/6/54847.png,6
mnist_cls_train/6/47358.png,6
mnist_cls_train/6/892.png,6
mnist_cls_train/6/37502.png,6
mnist_cls_train/6/51872.png,6
mnist_cls_train/6/40961.png,6
mnist_cls_train/6/31859.png,6
mnist_cls_train/6/17843.png,6
mnist_cls_train/6/56916.png,6
mnist_cls_train/6/45609.png,6
mnist_cls_train/6/1189.png,6
mnist_cls_train/6/40515.png,6
mnist_cls_train/6/2093.png,6
mnist_cls_train/6/15641.png,6
mnist_cls_train/6/33055.png,6
mnist_cls_train/6/11466.png,6
mnist_cls_train/6/6338.png,6
mnist_cls_train/6/35616.png,6
mnist_cls_train/6/7577.png,6
mnist_cls_train/6/59065.png,6
mnist_cls_train/6/14256.png,6
mnist_cls_train/6/54049.png,6
mnist_cls_train/6/28758.png,6
mnist_cls_train/6/43908.png,6
mnist_cls_train/6/54490.png,6
mnist_cls_train/6/25102.png,6
mnist_cls_train/6/16792.png,6
mnist_cls_train/6/41111.png,6
mnist_cls_train/6/54420.png,6
mnist_cls_train/6/25608.png,6
mnist_cls_train/6/13760.png,6
mnist_cls_train/6/8777.png,6
mnist_cls_train/6/49436.png,6
mnist_cls_train/6/15565.png,6
mnist_cls_train/6/41508.png,6
mnist_cls_train/6/48114.png,6
mnist_cls_train/6/10473.png,6
mnist_cls_train/6/7744.png,6
mnist_cls_train/6/50355.png,6
mnist_cls_train/6/8908.png,6
mnist_cls_train/6/46524.png,6
mnist_cls_train/6/35027.png,6
mnist_cls_train/6/37371.png,6
mnist_cls_train/6/32265.png,6
mnist_cls_train/6/3043.png,6
mnist_cls_train/6/45863.png,6
mnist_cls_train/6/40862.png,6
mnist_cls_train/6/57791.png,6
mnist_cls_train/6/16077.png,6
mnist_cls_train/6/13020.png,6
mnist_cls_train/6/48744.png,6
mnist_cls_train/6/50890.png,6
mnist_cls_train/6/55551.png,6
mnist_cls_train/6/41642.png,6
mnist_cls_train/6/19481.png,6
mnist_cls_train/6/46272.png,6
mnist_cls_train/6/7901.png,6
mnist_cls_train/6/2096.png,6
mnist_cls_train/6/40304.png,6
mnist_cls_train/6/54086.png,6
mnist_cls_train/6/22698.png,6
mnist_cls_train/6/28776.png,6
mnist_cls_train/6/4923.png,6
mnist_cls_train/6/20433.png,6
mnist_cls_train/6/9818.png,6
mnist_cls_train/6/8312.png,6
mnist_cls_train/6/48430.png,6
mnist_cls_train/6/46491.png,6
mnist_cls_train/6/30507.png,6
mnist_cls_train/6/36113.png,6
mnist_cls_train/6/54733.png,6
mnist_cls_train/6/14347.png,6
mnist_cls_train/6/20603.png,6
mnist_cls_train/6/43161.png,6
mnist_cls_train/6/12636.png,6
mnist_cls_train/6/12715.png,6
mnist_cls_train/6/48188.png,6
mnist_cls_train/6/36570.png,6
mnist_cls_train/6/21122.png,6
mnist_cls_train/6/17670.png,6
mnist_cls_train/6/6874.png,6
mnist_cls_train/6/47864.png,6
mnist_cls_train/6/42869.png,6
mnist_cls_train/6/14399.png,6
mnist_cls_train/6/39105.png,6
mnist_cls_train/6/4631.png,6
mnist_cls_train/6/44331.png,6
mnist_cls_train/6/2480.png,6
mnist_cls_train/6/25337.png,6
mnist_cls_train/6/28572.png,6
mnist_cls_train/6/35564.png,6
mnist_cls_train/6/43225.png,6
mnist_cls_train/6/50098.png,6
mnist_cls_train/6/49900.png,6
mnist_cls_train/6/6246.png,6
mnist_cls_train/6/45157.png,6
mnist_cls_train/6/34543.png,6
mnist_cls_train/6/23363.png,6
mnist_cls_train/6/28947.png,6
mnist_cls_train/6/28163.png,6
mnist_cls_train/6/35868.png,6
mnist_cls_train/6/54771.png,6
mnist_cls_train/6/24779.png,6
mnist_cls_train/6/45506.png,6
mnist_cls_train/6/33474.png,6
mnist_cls_train/6/3577.png,6
mnist_cls_train/6/36308.png,6
mnist_cls_train/6/18982.png,6
mnist_cls_train/6/15985.png,6
mnist_cls_train/6/13318.png,6
mnist_cls_train/6/23898.png,6
mnist_cls_train/6/24592.png,6
mnist_cls_train/6/3947.png,6
mnist_cls_train/6/41688.png,6
mnist_cls_train/6/26754.png,6
mnist_cls_train/6/21298.png,6
mnist_cls_train/6/30168.png,6
mnist_cls_train/6/27775.png,6
mnist_cls_train/6/26410.png,6
mnist_cls_train/6/20523.png,6
mnist_cls_train/6/52534.png,6
mnist_cls_train/6/29944.png,6
mnist_cls_train/6/49418.png,6
mnist_cls_train/6/27655.png,6
mnist_cls_train/6/36637.png,6
mnist_cls_train/6/44077.png,6
mnist_cls_train/6/33692.png,6
mnist_cls_train/6/5996.png,6
mnist_cls_train/6/27642.png,6
mnist_cls_train/6/25393.png,6
mnist_cls_train/6/27992.png,6
mnist_cls_train/6/6837.png,6
mnist_cls_train/6/54150.png,6
mnist_cls_train/6/20136.png,6
mnist_cls_train/6/6578.png,6
mnist_cls_train/6/30873.png,6
mnist_cls_train/6/34529.png,6
mnist_cls_train/6/41380.png,6
mnist_cls_train/6/27887.png,6
mnist_cls_train/6/53406.png,6
mnist_cls_train/6/18023.png,6
mnist_cls_train/6/58815.png,6
mnist_cls_train/6/6876.png,6
mnist_cls_train/6/41963.png,6
mnist_cls_train/6/22763.png,6
mnist_cls_train/6/52742.png,6
mnist_cls_train/6/27943.png,6
mnist_cls_train/6/3335.png,6
mnist_cls_train/6/35753.png,6
mnist_cls_train/6/13941.png,6
mnist_cls_train/6/35158.png,6
mnist_cls_train/6/33782.png,6
mnist_cls_train/6/22258.png,6
mnist_cls_train/6/13210.png,6
mnist_cls_train/6/30839.png,6
mnist_cls_train/6/33015.png,6
mnist_cls_train/6/40798.png,6
mnist_cls_train/6/18052.png,6
mnist_cls_train/6/15951.png,6
mnist_cls_train/6/2954.png,6
mnist_cls_train/6/55154.png,6
mnist_cls_train/6/6930.png,6
mnist_cls_train/6/31475.png,6
mnist_cls_train/6/10697.png,6
mnist_cls_train/6/7389.png,6
mnist_cls_train/6/34671.png,6
mnist_cls_train/6/7111.png,6
mnist_cls_train/6/32.png,6
mnist_cls_train/6/33454.png,6
mnist_cls_train/6/11065.png,6
mnist_cls_train/6/14526.png,6
mnist_cls_train/6/2656.png,6
mnist_cls_train/6/49066.png,6
mnist_cls_train/6/55166.png,6
mnist_cls_train/6/17059.png,6
mnist_cls_train/6/38393.png,6
mnist_cls_train/6/29048.png,6
mnist_cls_train/6/56796.png,6
mnist_cls_train/6/58392.png,6
mnist_cls_train/6/5956.png,6
mnist_cls_train/6/55660.png,6
mnist_cls_train/6/49426.png,6
mnist_cls_train/6/16436.png,6
mnist_cls_train/6/14308.png,6
mnist_cls_train/6/48153.png,6
mnist_cls_train/6/6453.png,6
mnist_cls_train/6/16187.png,6
mnist_cls_train/6/15806.png,6
mnist_cls_train/6/13999.png,6
mnist_cls_train/6/23321.png,6
mnist_cls_train/6/1707.png,6
mnist_cls_train/6/16070.png,6
mnist_cls_train/6/41086.png,6
mnist_cls_train/6/23785.png,6
mnist_cls_train/6/16695.png,6
mnist_cls_train/6/24201.png,6
mnist_cls_train/6/49483.png,6
mnist_cls_train/6/28850.png,6
mnist_cls_train/6/36305.png,6
mnist_cls_train/6/46967.png,6
mnist_cls_train/6/15957.png,6
mnist_cls_train/6/3221.png,6
mnist_cls_train/6/39908.png,6
mnist_cls_train/6/35682.png,6
mnist_cls_train/6/51476.png,6
mnist_cls_train/6/30490.png,6
mnist_cls_train/6/2498.png,6
mnist_cls_train/6/21368.png,6
mnist_cls_train/6/30142.png,6
mnist_cls_train/6/36254.png,6
mnist_cls_train/6/18608.png,6
mnist_cls_train/6/3229.png,6
mnist_cls_train/6/28162.png,6
mnist_cls_train/6/57346.png,6
mnist_cls_train/6/28066.png,6
mnist_cls_train/6/32569.png,6
mnist_cls_train/6/43049.png,6
mnist_cls_train/6/37973.png,6
mnist_cls_train/6/45514.png,6
mnist_cls_train/6/27794.png,6
mnist_cls_train/6/21838.png,6
mnist_cls_train/6/52412.png,6
mnist_cls_train/6/40541.png,6
mnist_cls_train/6/83.png,6
mnist_cls_train/6/12199.png,6
mnist_cls_train/6/56854.png,6
mnist_cls_train/6/30421.png,6
mnist_cls_train/6/41842.png,6
mnist_cls_train/6/22758.png,6
mnist_cls_train/6/55820.png,6
mnist_cls_train/6/28810.png,6
mnist_cls_train/6/49772.png,6
mnist_cls_train/6/14421.png,6
mnist_cls_train/6/37639.png,6
mnist_cls_train/6/57125.png,6
mnist_cls_train/6/47509.png,6
mnist_cls_train/6/7715.png,6
mnist_cls_train/6/18331.png,6
mnist_cls_train/6/151.png,6
mnist_cls_train/6/17066.png,6
mnist_cls_train/6/22142.png,6
mnist_cls_train/6/37238.png,6
mnist_cls_train/6/47715.png,6
mnist_cls_train/6/53359.png,6
mnist_cls_train/6/49216.png,6
mnist_cls_train/6/21617.png,6
mnist_cls_train/6/28912.png,6
mnist_cls_train/6/32725.png,6
mnist_cls_train/6/14330.png,6
mnist_cls_train/6/40650.png,6
mnist_cls_train/6/37475.png,6
mnist_cls_train/6/58124.png,6
mnist_cls_train/6/9201.png,6
mnist_cls_train/6/658.png,6
mnist_cls_train/6/59736.png,6
mnist_cls_train/6/55994.png,6
mnist_cls_train/6/12520.png,6
mnist_cls_train/6/8817.png,6
mnist_cls_train/6/43866.png,6
mnist_cls_train/6/54211.png,6
mnist_cls_train/6/37803.png,6
mnist_cls_train/6/46670.png,6
mnist_cls_train/6/44119.png,6
mnist_cls_train/6/8683.png,6
mnist_cls_train/6/2163.png,6
mnist_cls_train/6/21349.png,6
mnist_cls_train/6/43697.png,6
mnist_cls_train/6/31898.png,6
mnist_cls_train/6/39273.png,6
mnist_cls_train/6/24242.png,6
mnist_cls_train/6/10419.png,6
mnist_cls_train/6/22145.png,6
mnist_cls_train/6/55897.png,6
mnist_cls_train/6/38348.png,6
mnist_cls_train/6/16898.png,6
mnist_cls_train/6/42558.png,6
mnist_cls_train/6/7049.png,6
mnist_cls_train/6/36063.png,6
mnist_cls_train/6/16555.png,6
mnist_cls_train/6/59981.png,6
mnist_cls_train/6/50118.png,6
mnist_cls_train/6/55533.png,6
mnist_cls_train/6/958.png,6
mnist_cls_train/6/4249.png,6
mnist_cls_train/6/24037.png,6
mnist_cls_train/6/7341.png,6
mnist_cls_train/6/59098.png,6
mnist_cls_train/6/55016.png,6
mnist_cls_train/6/25031.png,6
mnist_cls_train/6/50160.png,6
mnist_cls_train/6/25541.png,6
mnist_cls_train/6/11189.png,6
mnist_cls_train/6/20416.png,6
mnist_cls_train/6/27369.png,6
mnist_cls_train/6/28508.png,6
mnist_cls_train/6/48538.png,6
mnist_cls_train/6/10273.png,6
mnist_cls_train/6/40019.png,6
mnist_cls_train/6/36601.png,6
mnist_cls_train/6/38152.png,6
mnist_cls_train/6/2644.png,6
mnist_cls_train/6/57756.png,6
mnist_cls_train/6/38642.png,6
mnist_cls_train/6/32119.png,6
mnist_cls_train/6/1731.png,6
mnist_cls_train/6/19037.png,6
mnist_cls_train/6/56545.png,6
mnist_cls_train/6/43095.png,6
mnist_cls_train/6/2496.png,6
mnist_cls_train/6/35424.png,6
mnist_cls_train/6/8265.png,6
mnist_cls_train/6/12023.png,6
mnist_cls_train/6/14747.png,6
mnist_cls_train/6/39258.png,6
mnist_cls_train/6/46393.png,6
mnist_cls_train/6/35817.png,6
mnist_cls_train/6/27703.png,6
mnist_cls_train/6/50793.png,6
mnist_cls_train/6/14136.png,6
mnist_cls_train/6/56706.png,6
mnist_cls_train/6/32592.png,6
mnist_cls_train/6/1726.png,6
mnist_cls_train/6/46715.png,6
mnist_cls_train/6/54661.png,6
mnist_cls_train/6/6657.png,6
mnist_cls_train/6/5273.png,6
mnist_cls_train/7/22037.png,7
mnist_cls_train/7/9988.png,7
mnist_cls_train/7/34981.png,7
mnist_cls_train/7/22097.png,7
mnist_cls_train/7/2238.png,7
mnist_cls_train/7/15086.png,7
mnist_cls_train/7/53843.png,7
mnist_cls_train/7/44322.png,7
mnist_cls_train/7/37706.png,7
mnist_cls_train/7/20466.png,7
mnist_cls_train/7/48585.png,7
mnist_cls_train/7/22626.png,7
mnist_cls_train/7/55562.png,7
mnist_cls_train/7/42290.png,7
mnist_cls_train/7/10297.png,7
mnist_cls_train/7/49174.png,7
mnist_cls_train/7/20834.png,7
mnist_cls_train/7/18170.png,7
mnist_cls_train/7/13048.png,7
mnist_cls_train/7/2985.png,7
mnist_cls_train/7/3887.png,7
mnist_cls_train/7/1127.png,7
mnist_cls_train/7/4303.png,7
mnist_cls_train/7/59304.png,7
mnist_cls_train/7/37835.png,7
mnist_cls_train/7/50796.png,7
mnist_cls_train/7/1376.png,7
mnist_cls_train/7/17183.png,7
mnist_cls_train/7/36115.png,7
mnist_cls_train/7/58631.png,7
mnist_cls_train/7/25985.png,7
mnist_cls_train/7/24384.png,7
mnist_cls_train/7/12806.png,7
mnist_cls_train/7/18066.png,7
mnist_cls_train/7/48874.png,7
mnist_cls_train/7/24884.png,7
mnist_cls_train/7/13963.png,7
mnist_cls_train/7/18734.png,7
mnist_cls_train/7/4331.png,7
mnist_cls_train/7/11831.png,7
mnist_cls_train/7/27507.png,7
mnist_cls_train/7/43627.png,7
mnist_cls_train/7/39687.png,7
mnist_cls_train/7/59746.png,7
mnist_cls_train/7/3507.png,7
mnist_cls_train/7/33062.png,7
mnist_cls_train/7/17525.png,7
mnist_cls_train/7/38215.png,7
mnist_cls_train/7/8566.png,7
mnist_cls_train/7/8991.png,7
mnist_cls_train/7/20214.png,7
mnist_cls_train/7/24503.png,7
mnist_cls_train/7/57365.png,7
mnist_cls_train/7/15331.png,7
mnist_cls_train/7/59560.png,7
mnist_cls_train/7/44050.png,7
mnist_cls_train/7/33315.png,7
mnist_cls_train/7/35842.png,7
mnist_cls_train/7/21463.png,7
mnist_cls_train/7/33430.png,7
mnist_cls_train/7/6666.png,7
mnist_cls_train/7/31460.png,7
mnist_cls_train/7/20043.png,7
mnist_cls_train/7/651.png,7
mnist_cls_train/7/48333.png,7
mnist_cls_train/7/44434.png,7
mnist_cls_train/7/50129.png,7
mnist_cls_train/7/56329.png,7
mnist_cls_train/7/38242.png,7
mnist_cls_train/7/15586.png,7
mnist_cls_train/7/26589.png,7
mnist_cls_train/7/48144.png,7
mnist_cls_train/7/13637.png,7
mnist_cls_train/7/32877.png,7
mnist_cls_train/7/33977.png,7
mnist_cls_train/7/50760.png,7
mnist_cls_train/7/29297.png,7
mnist_cls_train/7/46686.png,7
mnist_cls_train/7/18819.png,7
mnist_cls_train/7/49933.png,7
mnist_cls_train/7/38994.png,7
mnist_cls_train/7/42125.png,7
mnist_cls_train/7/53478.png,7
mnist_cls_train/7/49818.png,7
mnist_cls_train/7/28298.png,7
mnist_cls_train/7/5352.png,7
mnist_cls_train/7/32028.png,7
mnist_cls_train/7/32373.png,7
mnist_cls_train/7/48955.png,7
mnist_cls_train/7/15213.png,7
mnist_cls_train/7/9905.png,7
mnist_cls_train/7/11623.png,7
mnist_cls_train/7/59871.png,7
mnist_cls_train/7/56066.png,7
mnist_cls_train/7/18173.png,7
mnist_cls_train/7/30718.png,7
mnist_cls_train/7/6707.png,7
mnist_cls_train/7/41650.png,7
mnist_cls_train/7/5325.png,7
mnist_cls_train/7/23051.png,7
mnist_cls_train/7/26423.png,7
mnist_cls_train/7/28972.png,7
mnist_cls_train/7/54760.png,7
mnist_cls_train/7/24259.png,7
mnist_cls_train/7/52052.png,7
mnist_cls_train/7/19987.png,7
mnist_cls_train/7/28723.png,7
mnist_cls_train/7/42514.png,7
mnist_cls_train/7/57958.png,7
mnist_cls_train/7/6115.png,7
mnist_cls_train/7/8616.png,7
mnist_cls_train/7/46048.png,7
mnist_cls_train/7/56233.png,7
mnist_cls_train/7/38738.png,7
mnist_cls_train/7/47800.png,7
mnist_cls_train/7/56451.png,7
mnist_cls_train/7/42997.png,7
mnist_cls_train/7/43520.png,7
mnist_cls_train/7/26041.png,7
mnist_cls_train/7/15577.png,7
mnist_cls_train/7/20977.png,7
mnist_cls_train/7/6882.png,7
mnist_cls_train/7/34485.png,7
mnist_cls_train/7/47248.png,7
mnist_cls_train/7/35899.png,7
mnist_cls_train/7/49738.png,7
mnist_cls_train/7/51178.png,7
mnist_cls_train/7/25877.png,7
mnist_cls_train/7/46078.png,7
mnist_cls_train/7/32608.png,7
mnist_cls_train/7/36238.png,7
mnist_cls_train/7/18951.png,7
mnist_cls_train/7/32945.png,7
mnist_cls_train/7/26266.png,7
mnist_cls_train/7/51935.png,7
mnist_cls_train/7/47170.png,7
mnist_cls_train/7/24709.png,7
mnist_cls_train/7/13710.png,7
mnist_cls_train/7/38556.png,7
mnist_cls_train/7/24171.png,7
mnist_cls_train/7/6902.png,7
mnist_cls_train/7/32208.png,7
mnist_cls_train/7/4422.png,7
mnist_cls_train/7/6315.png,7
mnist_cls_train/7/17683.png,7
mnist_cls_train/7/24375.png,7
mnist_cls_train/7/38.png,7
mnist_cls_train/7/43489.png,7
mnist_cls_train/7/18351.png,7
mnist_cls_train/7/30935.png,7
mnist_cls_train/7/30339.png,7
mnist_cls_train/7/19842.png,7
mnist_cls_train/7/29373.png,7
mnist_cls_train/7/20583.png,7
mnist_cls_train/7/2609.png,7
mnist_cls_train/7/32906.png,7
mnist_cls_train/7/18816.png,7
mnist_cls_train/7/56064.png,7
mnist_cls_train/7/43039.png,7
mnist_cls_train/7/49923.png,7
mnist_cls_train/7/7494.png,7
mnist_cls_train/7/13064.png,7
mnist_cls_train/7/49698.png,7
mnist_cls_train/7/15393.png,7
mnist_cls_train/7/16809.png,7
mnist_cls_train/7/40470.png,7
mnist_cls_train/7/23787.png,7
mnist_cls_train/7/41520.png,7
mnist_cls_train/7/44080.png,7
mnist_cls_train/7/28885.png,7
mnist_cls_train/7/22753.png,7
mnist_cls_train/7/34576.png,7
mnist_cls_train/7/12982.png,7
mnist_cls_train/7/47149.png,7
mnist_cls_train/7/13540.png,7
mnist_cls_train/7/148.png,7
mnist_cls_train/7/42011.png,7
mnist_cls_train/7/17109.png,7
mnist_cls_train/7/51832.png,7
mnist_cls_train/7/11334.png,7
mnist_cls_train/7/45829.png,7
mnist_cls_train/7/51229.png,7
mnist_cls_train/7/46249.png,7
mnist_cls_train/7/50278.png,7
mnist_cls_train/7/7197.png,7
mnist_cls_train/7/33964.png,7
mnist_cls_train/7/36856.png,7
mnist_cls_train/7/446.png,7
mnist_cls_train/7/24788.png,7
mnist_cls_train/7/43470.png,7
mnist_cls_train/7/43361.png,7
mnist_cls_train/7/43089.png,7
mnist_cls_train/7/49891.png,7
mnist_cls_train/7/27561.png,7
mnist_cls_train/7/24064.png,7
mnist_cls_train/7/56832.png,7
mnist_cls_train/7/51465.png,7
mnist_cls_train/7/5519.png,7
mnist_cls_train/7/38669.png,7
mnist_cls_train/7/23388.png,7
mnist_cls_train/7/422.png,7
mnist_cls_train/7/3267.png,7
mnist_cls_train/7/58029.png,7
mnist_cls_train/7/55167.png,7
mnist_cls_train/7/8429.png,7
mnist_cls_train/7/50345.png,7
mnist_cls_train/7/58090.png,7
mnist_cls_train/7/32120.png,7
mnist_cls_train/7/20619.png,7
mnist_cls_train/7/38586.png,7
mnist_cls_train/7/35834.png,7
mnist_cls_train/7/16133.png,7
mnist_cls_train/7/50047.png,7
mnist_cls_train/7/52866.png,7
mnist_cls_train/7/56285.png,7
mnist_cls_train/7/42613.png,7
mnist_cls_train/7/22300.png,7
mnist_cls_train/7/14245.png,7
mnist_cls_train/7/48562.png,7
mnist_cls_train/7/26829.png,7
mnist_cls_train/7/39557.png,7
mnist_cls_train/7/50668.png,7
mnist_cls_train/7/11455.png,7
mnist_cls_train/7/31408.png,7
mnist_cls_train/7/9373.png,7
mnist_cls_train/7/42959.png,7
mnist_cls_train/7/24572.png,7
mnist_cls_train/7/50380.png,7
mnist_cls_train/7/37984.png,7
mnist_cls_train/7/47206.png,7
mnist_cls_train/7/19327.png,7
mnist_cls_train/7/46605.png,7
mnist_cls_train/7/17789.png,7
mnist_cls_train/7/26417.png,7
mnist_cls_train/7/51621.png,7
mnist_cls_train/7/30604.png,7
mnist_cls_train/7/42780.png,7
mnist_cls_train/7/57367.png,7
mnist_cls_train/7/10147.png,7
mnist_cls_train/7/71.png,7
mnist_cls_train/7/31964.png,7
mnist_cls_train/7/41762.png,7
mnist_cls_train/7/18127.png,7
mnist_cls_train/7/13684.png,7
mnist_cls_train/7/47504.png,7
mnist_cls_train/7/28399.png,7
mnist_cls_train/7/2427.png,7
mnist_cls_train/7/18152.png,7
mnist_cls_train/7/54695.png,7
mnist_cls_train/7/42621.png,7
mnist_cls_train/7/10231.png,7
mnist_cls_train/7/26668.png,7
mnist_cls_train/7/384.png,7
mnist_cls_train/7/18855.png,7
mnist_cls_train/7/3276.png,7
mnist_cls_train/7/55863.png,7
mnist_cls_train/7/19235.png,7
mnist_cls_train/7/27723.png,7
mnist_cls_train/7/56077.png,7
mnist_cls_train/7/13566.png,7
mnist_cls_train/7/50365.png,7
mnist_cls_train/7/55709.png,7
mnist_cls_train/7/50614.png,7
mnist_cls_train/7/20646.png,7
mnist_cls_train/7/47931.png,7
mnist_cls_train/7/13199.png,7
mnist_cls_train/7/30465.png,7
mnist_cls_train/7/13789.png,7
mnist_cls_train/7/45466.png,7
mnist_cls_train/7/12781.png,7
mnist_cls_train/7/45097.png,7
mnist_cls_train/7/17380.png,7
mnist_cls_train/7/4551.png,7
mnist_cls_train/7/33635.png,7
mnist_cls_train/7/44398.png,7
mnist_cls_train/7/44835.png,7
mnist_cls_train/7/11616.png,7
mnist_cls_train/7/45735.png,7
mnist_cls_train/7/7213.png,7
mnist_cls_train/7/20549.png,7
mnist_cls_train/7/8214.png,7
mnist_cls_train/7/1848.png,7
mnist_cls_train/7/47849.png,7
mnist_cls_train/7/42415.png,7
mnist_cls_train/7/35645.png,7
mnist_cls_train/7/52302.png,7
mnist_cls_train/7/2986.png,7
mnist_cls_train/7/30912.png,7
mnist_cls_train/7/52010.png,7
mnist_cls_train/7/46672.png,7
mnist_cls_train/7/32159.png,7
mnist_cls_train/7/53719.png,7
mnist_cls_train/7/43108.png,7
mnist_cls_train/7/30941.png,7
mnist_cls_train/7/32185.png,7
mnist_cls_train/7/50730.png,7
mnist_cls_train/7/38972.png,7
mnist_cls_train/7/51766.png,7
mnist_cls_train/7/18183.png,7
mnist_cls_train/7/59626.png,7
mnist_cls_train/7/38004.png,7
mnist_cls_train/7/10337.png,7
mnist_cls_train/7/10715.png,7
mnist_cls_train/7/2187.png,7
mnist_cls_train/7/4809.png,7
mnist_cls_train/7/37394.png,7
mnist_cls_train/7/31996.png,7
mnist_cls_train/7/20501.png,7
mnist_cls_train/7/49742.png,7
mnist_cls_train/7/53956.png,7
mnist_cls_train/7/50426.png,7
mnist_cls_train/7/7509.png,7
mnist_cls_train/7/52786.png,7
mnist_cls_train/7/12961.png,7
mnist_cls_train/7/27158.png,7
mnist_cls_train/7/103.png,7
mnist_cls_train/7/55809.png,7
mnist_cls_train/7/21706.png,7
mnist_cls_train/7/44465.png,7
mnist_cls_train/7/51025.png,7
mnist_cls_train/7/55052.png,7
mnist_cls_train/7/46248.png,7
mnist_cls_train/7/55882.png,7
mnist_cls_train/7/58349.png,7
mnist_cls_train/7/59250.png,7
mnist_cls_train/7/33639.png,7
mnist_cls_train/7/22880.png,7
mnist_cls_train/7/56410.png,7
mnist_cls_train/7/14684.png,7
mnist_cls_train/7/22392.png,7
mnist_cls_train/7/53258.png,7
mnist_cls_train/7/27950.png,7
mnist_cls_train/7/22519.png,7
mnist_cls_train/7/16248.png,7
mnist_cls_train/7/20422.png,7
mnist_cls_train/7/52477.png,7
mnist_cls_train/7/52466.png,7
mnist_cls_train/7/37898.png,7
mnist_cls_train/7/3731.png,7
mnist_cls_train/7/56354.png,7
mnist_cls_train/7/33067.png,7
mnist_cls_train/7/17140.png,7
mnist_cls_train/7/44062.png,7
mnist_cls_train/7/14046.png,7
mnist_cls_train/7/41615.png,7
mnist_cls_train/7/28117.png,7
mnist_cls_train/7/53164.png,7
mnist_cls_train/7/21123.png,7
mnist_cls_train/7/7470.png,7
mnist_cls_train/7/25733.png,7
mnist_cls_train/7/35451.png,7
mnist_cls_train/7/8144.png,7
mnist_cls_train/7/7679.png,7
mnist_cls_train/7/31459.png,7
mnist_cls_train/7/39357.png,7
mnist_cls_train/7/55518.png,7
mnist_cls_train/7/7943.png,7
mnist_cls_train/7/56382.png,7
mnist_cls_train/7/34935.png,7
mnist_cls_train/7/7795.png,7
mnist_cls_train/7/58901.png,7
mnist_cls_train/7/26734.png,7
mnist_cls_train/7/31849.png,7
mnist_cls_train/7/703.png,7
mnist_cls_train/7/32589.png,7
mnist_cls_train/7/30652.png,7
mnist_cls_train/7/34307.png,7
mnist_cls_train/7/17762.png,7
mnist_cls_train/7/2455.png,7
mnist_cls_train/7/10965.png,7
mnist_cls_train/7/12031.png,7
mnist_cls_train/7/50254.png,7
mnist_cls_train/7/40822.png,7
mnist_cls_train/7/2865.png,7
mnist_cls_train/7/12464.png,7
mnist_cls_train/7/58092.png,7
mnist_cls_train/7/21322.png,7
mnist_cls_train/7/2666.png,7
mnist_cls_train/7/41362.png,7
mnist_cls_train/7/49571.png,7
mnist_cls_train/7/22052.png,7
mnist_cls_train/7/45187.png,7
mnist_cls_train/7/21666.png,7
mnist_cls_train/7/48519.png,7
mnist_cls_train/7/7423.png,7
mnist_cls_train/7/14850.png,7
mnist_cls_train/7/58941.png,7
mnist_cls_train/7/43354.png,7
mnist_cls_train/7/52423.png,7
mnist_cls_train/7/47544.png,7
mnist_cls_train/7/37819.png,7
mnist_cls_train/7/28550.png,7
mnist_cls_train/7/25095.png,7
mnist_cls_train/7/39835.png,7
mnist_cls_train/7/8913.png,7
mnist_cls_train/7/28638.png,7
mnist_cls_train/7/46404.png,7
mnist_cls_train/7/11437.png,7
mnist_cls_train/7/6579.png,7
mnist_cls_train/7/23430.png,7
mnist_cls_train/7/17795.png,7
mnist_cls_train/7/22454.png,7
mnist_cls_train/7/32291.png,7
mnist_cls_train/7/4897.png,7
mnist_cls_train/7/35837.png,7
mnist_cls_train/7/47117.png,7
mnist_cls_train/7/45060.png,7
mnist_cls_train/7/12292.png,7
mnist_cls_train/7/5569.png,7
mnist_cls_train/7/4832.png,7
mnist_cls_train/7/4024.png,7
mnist_cls_train/7/59462.png,7
mnist_cls_train/7/27061.png,7
mnist_cls_train/7/4725.png,7
mnist_cls_train/7/28621.png,7
mnist_cls_train/7/9499.png,7
mnist_cls_train/7/880.png,7
mnist_cls_train/7/51537.png,7
mnist_cls_train/7/6953.png,7
mnist_cls_train/7/30264.png,7
mnist_cls_train/7/9888.png,7
mnist_cls_train/7/34386.png,7
mnist_cls_train/7/26442.png,7
mnist_cls_train/7/14243.png,7
mnist_cls_train/7/50943.png,7
mnist_cls_train/7/14104.png,7
mnist_cls_train/7/4893.png,7
mnist_cls_train/7/12420.png,7
mnist_cls_train/7/55613.png,7
mnist_cls_train/7/25693.png,7
mnist_cls_train/7/22420.png,7
mnist_cls_train/7/24325.png,7
mnist_cls_train/7/57978.png,7
mnist_cls_train/7/46879.png,7
mnist_cls_train/7/18322.png,7
mnist_cls_train/7/1619.png,7
mnist_cls_train/7/11994.png,7
mnist_cls_train/7/28852.png,7
mnist_cls_train/7/59405.png,7
mnist_cls_train/7/10179.png,7
mnist_cls_train/7/34265.png,7
mnist_cls_train/7/54135.png,7
mnist_cls_train/7/8596.png,7
mnist_cls_train/7/38890.png,7
mnist_cls_train/7/9467.png,7
mnist_cls_train/7/4659.png,7
mnist_cls_train/7/53866.png,7
mnist_cls_train/7/16150.png,7
mnist_cls_train/7/48976.png,7
mnist_cls_train/7/28273.png,7
mnist_cls_train/7/32649.png,7
mnist_cls_train/7/12649.png,7
mnist_cls_train/7/17136.png,7
mnist_cls_train/7/45744.png,7
mnist_cls_train/7/50849.png,7
mnist_cls_train/7/57429.png,7
mnist_cls_train/7/58221.png,7
mnist_cls_train/7/51193.png,7
mnist_cls_train/7/26001.png,7
mnist_cls_train/7/16138.png,7
mnist_cls_train/7/53614.png,7
mnist_cls_train/7/45361.png,7
mnist_cls_train/7/59389.png,7
mnist_cls_train/7/11488.png,7
mnist_cls_train/7/36547.png,7
mnist_cls_train/7/5242.png,7
mnist_cls_train/7/28429.png,7
mnist_cls_train/7/38705.png,7
mnist_cls_train/7/56418.png,7
mnist_cls_train/7/23479.png,7
mnist_cls_train/7/26063.png,7
mnist_cls_train/7/908.png,7
mnist_cls_train/7/2673.png,7
mnist_cls_train/7/56806.png,7
mnist_cls_train/7/8604.png,7
mnist_cls_train/7/27827.png,7
mnist_cls_train/7/52992.png,7
mnist_cls_train/7/37068.png,7
mnist_cls_train/7/954.png,7
mnist_cls_train/7/37288.png,7
mnist_cls_train/7/49553.png,7
mnist_cls_train/7/26560.png,7
mnist_cls_train/7/36313.png,7
mnist_cls_train/7/24700.png,7
mnist_cls_train/7/33284.png,7
mnist_cls_train/7/26957.png,7
mnist_cls_train/7/48035.png,7
mnist_cls_train/7/37612.png,7
mnist_cls_train/7/55270.png,7
mnist_cls_train/7/24025.png,7
mnist_cls_train/7/45483.png,7
mnist_cls_train/7/40000.png,7
mnist_cls_train/7/23784.png,7
mnist_cls_train/7/24928.png,7
mnist_cls_train/7/36730.png,7
mnist_cls_train/7/37073.png,7
mnist_cls_train/7/5716.png,7
mnist_cls_train/7/10759.png,7
mnist_cls_train/7/34207.png,7
mnist_cls_train/7/46035.png,7
mnist_cls_train/7/11407.png,7
mnist_cls_train/7/23803.png,7
mnist_cls_train/7/50884.png,7
mnist_cls_train/7/49829.png,7
mnist_cls_train/7/27647.png,7
mnist_cls_train/7/20969.png,7
mnist_cls_train/7/50443.png,7
mnist_cls_train/7/59592.png,7
mnist_cls_train/7/9560.png,7
mnist_cls_train/7/40837.png,7
mnist_cls_train/7/19978.png,7
mnist_cls_train/7/50488.png,7
mnist_cls_train/7/54176.png,7
mnist_cls_train/7/15.png,7
mnist_cls_train/7/27984.png,7
mnist_cls_train/7/1746.png,7
mnist_cls_train/7/28661.png,7
mnist_cls_train/7/40794.png,7
mnist_cls_train/7/28783.png,7
mnist_cls_train/7/33582.png,7
mnist_cls_train/7/49862.png,7
mnist_cls_train/7/56601.png,7
mnist_cls_train/7/2618.png,7
mnist_cls_train/7/33995.png,7
mnist_cls_train/7/27970.png,7
mnist_cls_train/7/50255.png,7
mnist_cls_train/7/11566.png,7
mnist_cls_train/7/17329.png,7
mnist_cls_train/7/41221.png,7
mnist_cls_train/7/53931.png,7
mnist_cls_train/7/1400.png,7
mnist_cls_train/7/41324.png,7
mnist_cls_train/7/16420.png,7
mnist_cls_train/7/13515.png,7
mnist_cls_train/7/15859.png,7
mnist_cls_train/7/48593.png,7
mnist_cls_train/7/10946.png,7
mnist_cls_train/7/1208.png,7
mnist_cls_train/7/41549.png,7
mnist_cls_train/7/46836.png,7
mnist_cls_train/7/45333.png,7
mnist_cls_train/7/46858.png,7
mnist_cls_train/7/35223.png,7
mnist_cls_train/7/8377.png,7
mnist_cls_train/7/54542.png,7
mnist_cls_train/7/52587.png,7
mnist_cls_train/7/1306.png,7
mnist_cls_train/7/12774.png,7
mnist_cls_train/7/4516.png,7
mnist_cls_train/7/26097.png,7
mnist_cls_train/7/23309.png,7
mnist_cls_train/7/7913.png,7
mnist_cls_train/7/46717.png,7
mnist_cls_train/7/5206.png,7
mnist_cls_train/7/28314.png,7
mnist_cls_train/7/36926.png,7
mnist_cls_train/7/17486.png,7
mnist_cls_train/7/9747.png,7
mnist_cls_train/7/32645.png,7
mnist_cls_train/7/41131.png,7
mnist_cls_train/7/41297.png,7
mnist_cls_train/7/34689.png,7
mnist_cls_train/7/19648.png,7
mnist_cls_train/7/8436.png,7
mnist_cls_train/7/11498.png,7
mnist_cls_train/7/50021.png,7
mnist_cls_train/7/40911.png,7
mnist_cls_train/7/44640.png,7
mnist_cls_train/7/23271.png,7
mnist_cls_train/7/16711.png,7
mnist_cls_train/7/12819.png,7
mnist_cls_train/7/34445.png,7
mnist_cls_train/7/15953.png,7
mnist_cls_train/7/21318.png,7
mnist_cls_train/7/8217.png,7
mnist_cls_train/7/52484.png,7
mnist_cls_train/7/59003.png,7
mnist_cls_train/7/54065.png,7
mnist_cls_train/7/32173.png,7
mnist_cls_train/7/39868.png,7
mnist_cls_train/7/47666.png,7
mnist_cls_train/7/35754.png,7
mnist_cls_train/7/22167.png,7
mnist_cls_train/7/43277.png,7
mnist_cls_train/7/14832.png,7
mnist_cls_train/7/15204.png,7
mnist_cls_train/7/38598.png,7
mnist_cls_train/7/10253.png,7
mnist_cls_train/7/36197.png,7
mnist_cls_train/7/29051.png,7
mnist_cls_train/7/31558.png,7
mnist_cls_train/7/51353.png,7
mnist_cls_train/7/31560.png,7
mnist_cls_train/7/54114.png,7
mnist_cls_train/7/51879.png,7
mnist_cls_train/7/26933.png,7
mnist_cls_train/7/56638.png,7
mnist_cls_train/7/9426.png,7
mnist_cls_train/7/21949.png,7
mnist_cls_train/7/19187.png,7
mnist_cls_train/7/58177.png,7
mnist_cls_train/7/8137.png,7
mnist_cls_train/7/24005.png,7
mnist_cls_train/7/1891.png,7
mnist_cls_train/7/16113.png,7
mnist_cls_train/7/13512.png,7
mnist_cls_train/7/5472.png,7
mnist_cls_train/7/40232.png,7
mnist_cls_train/7/14398.png,7
mnist_cls_train/7/5437.png,7
mnist_cls_train/7/11329.png,7
mnist_cls_train/7/4354.png,7
mnist_cls_train/7/32497.png,7
mnist_cls_train/7/39254.png,7
mnist_cls_train/7/34487.png,7
mnist_cls_train/7/33470.png,7
mnist_cls_train/7/11350.png,7
mnist_cls_train/7/28849.png,7
mnist_cls_train/7/54439.png,7
mnist_cls_train/7/53783.png,7
mnist_cls_train/7/29296.png,7
mnist_cls_train/7/52147.png,7
mnist_cls_train/7/54148.png,7
mnist_cls_train/7/43798.png,7
mnist_cls_train/7/29867.png,7
mnist_cls_train/7/12390.png,7
mnist_cls_train/7/8232.png,7
mnist_cls_train/7/26010.png,7
mnist_cls_train/7/2574.png,7
mnist_cls_train/7/55885.png,7
mnist_cls_train/7/3210.png,7
mnist_cls_train/7/21572.png,7
mnist_cls_train/7/39826.png,7
mnist_cls_train/7/12921.png,7
mnist_cls_train/7/3909.png,7
mnist_cls_train/7/49415.png,7
mnist_cls_train/7/39659.png,7
mnist_cls_train/7/47351.png,7
mnist_cls_train/7/55147.png,7
mnist_cls_train/7/30786.png,7
mnist_cls_train/7/48305.png,7
mnist_cls_train/7/55842.png,7
mnist_cls_train/7/3060.png,7
mnist_cls_train/7/15997.png,7
mnist_cls_train/7/36806.png,7
mnist_cls_train/7/29376.png,7
mnist_cls_train/7/43669.png,7
mnist_cls_train/7/12558.png,7
mnist_cls_train/7/10095.png,7
mnist_cls_train/7/17659.png,7
mnist_cls_train/7/58188.png,7
mnist_cls_train/7/31927.png,7
mnist_cls_train/7/52176.png,7
mnist_cls_train/7/31983.png,7
mnist_cls_train/7/43898.png,7
mnist_cls_train/7/47160.png,7
mnist_cls_train/7/8699.png,7
mnist_cls_train/7/9086.png,7
mnist_cls_train/7/4385.png,7
mnist_cls_train/7/12601.png,7
mnist_cls_train/7/9022.png,7
mnist_cls_train/7/41176.png,7
mnist_cls_train/7/36398.png,7
mnist_cls_train/7/58975.png,7
mnist_cls_train/7/53368.png,7
mnist_cls_train/7/4726.png,7
mnist_cls_train/7/7931.png,7
mnist_cls_train/7/50483.png,7
mnist_cls_train/7/40627.png,7
mnist_cls_train/7/26337.png,7
mnist_cls_train/7/23698.png,7
mnist_cls_train/7/25522.png,7
mnist_cls_train/7/48151.png,7
mnist_cls_train/7/55467.png,7
mnist_cls_train/7/23427.png,7
mnist_cls_train/7/57350.png,7
mnist_cls_train/7/45930.png,7
mnist_cls_train/7/8167.png,7
mnist_cls_train/7/10841.png,7
mnist_cls_train/7/21841.png,7
mnist_cls_train/7/24682.png,7
mnist_cls_train/7/31176.png,7
mnist_cls_train/7/41910.png,7
mnist_cls_train/7/7348.png,7
mnist_cls_train/7/29730.png,7
mnist_cls_train/7/58228.png,7
mnist_cls_train/7/44485.png,7
mnist_cls_train/7/2054.png,7
mnist_cls_train/7/32613.png,7
mnist_cls_train/7/16528.png,7
mnist_cls_train/7/36340.png,7
mnist_cls_train/7/26600.png,7
mnist_cls_train/7/59118.png,7
mnist_cls_train/7/46422.png,7
mnist_cls_train/7/56749.png,7
mnist_cls_train/7/44562.png,7
mnist_cls_train/7/23283.png,7
mnist_cls_train/7/6050.png,7
mnist_cls_train/7/2844.png,7
mnist_cls_train/7/15721.png,7
mnist_cls_train/7/58167.png,7
mnist_cls_train/7/3448.png,7
mnist_cls_train/7/53253.png,7
mnist_cls_train/7/13907.png,7
mnist_cls_train/7/49116.png,7
mnist_cls_train/7/57676.png,7
mnist_cls_train/7/50233.png,7
mnist_cls_train/7/26395.png,7
mnist_cls_train/7/38468.png,7
mnist_cls_train/7/39616.png,7
mnist_cls_train/7/1019.png,7
mnist_cls_train/7/12364.png,7
mnist_cls_train/7/8959.png,7
mnist_cls_train/7/39089.png,7
mnist_cls_train/7/20280.png,7
mnist_cls_train/7/14299.png,7
mnist_cls_train/7/22984.png,7
mnist_cls_train/7/9395.png,7
mnist_cls_train/7/23661.png,7
mnist_cls_train/7/918.png,7
mnist_cls_train/7/44572.png,7
mnist_cls_train/7/13529.png,7
mnist_cls_train/7/41584.png,7
mnist_cls_train/7/17813.png,7
mnist_cls_train/7/45170.png,7
mnist_cls_train/7/10648.png,7
mnist_cls_train/7/47596.png,7
mnist_cls_train/7/47978.png,7
mnist_cls_train/7/33957.png,7
mnist_cls_train/7/21400.png,7
mnist_cls_train/7/20576.png,7
mnist_cls_train/7/28219.png,7
mnist_cls_train/7/35965.png,7
mnist_cls_train/7/29633.png,7
mnist_cls_train/7/31812.png,7
mnist_cls_train/7/20588.png,7
mnist_cls_train/7/23164.png,7
mnist_cls_train/7/39316.png,7
mnist_cls_train/7/4296.png,7
mnist_cls_train/7/50351.png,7
mnist_cls_train/7/34245.png,7
mnist_cls_train/7/58565.png,7
mnist_cls_train/7/34666.png,7
mnist_cls_train/7/8069.png,7
mnist_cls_train/7/15087.png,7
mnist_cls_train/7/56096.png,7
mnist_cls_train/7/15690.png,7
mnist_cls_train/7/47061.png,7
mnist_cls_train/7/3428.png,7
mnist_cls_train/7/22797.png,7
mnist_cls_train/7/33798.png,7
mnist_cls_train/7/28071.png,7
mnist_cls_train/7/54267.png,7
mnist_cls_train/7/9954.png,7
mnist_cls_train/7/23666.png,7
mnist_cls_train/7/55476.png,7
mnist_cls_train/7/52471.png,7
mnist_cls_train/7/55700.png,7
mnist_cls_train/7/53725.png,7
mnist_cls_train/7/57512.png,7
mnist_cls_train/7/36012.png,7
mnist_cls_train/7/32346.png,7
mnist_cls_train/7/53624.png,7
mnist_cls_train/7/47893.png,7
mnist_cls_train/7/44552.png,7
mnist_cls_train/7/50371.png,7
mnist_cls_train/7/55896.png,7
mnist_cls_train/7/32441.png,7
mnist_cls_train/7/21335.png,7
mnist_cls_train/7/39917.png,7
mnist_cls_train/7/40679.png,7
mnist_cls_train/7/55426.png,7
mnist_cls_train/7/55086.png,7
mnist_cls_train/7/7616.png,7
mnist_cls_train/7/15833.png,7
mnist_cls_train/7/48801.png,7
mnist_cls_train/7/1154.png,7
mnist_cls_train/7/20385.png,7
mnist_cls_train/7/57570.png,7
mnist_cls_train/7/45618.png,7
mnist_cls_train/7/30643.png,7
mnist_cls_train/7/16052.png,7
mnist_cls_train/7/1652.png,7
mnist_cls_train/7/55608.png,7
mnist_cls_train/7/49120.png,7
mnist_cls_train/7/51489.png,7
mnist_cls_train/7/35196.png,7
mnist_cls_train/7/33431.png,7
mnist_cls_train/7/41601.png,7
mnist_cls_train/7/42363.png,7
mnist_cls_train/7/18979.png,7
mnist_cls_train/7/50905.png,7
mnist_cls_train/7/54644.png,7
mnist_cls_train/7/11399.png,7
mnist_cls_train/7/17267.png,7
mnist_cls_train/7/33651.png,7
mnist_cls_train/7/57866.png,7
mnist_cls_train/7/23883.png,7
mnist_cls_train/7/51138.png,7
mnist_cls_train/7/11716.png,7
mnist_cls_train/7/54477.png,7
mnist_cls_train/7/18160.png,7
mnist_cls_train/7/42430.png,7
mnist_cls_train/7/45285.png,7
mnist_cls_train/7/47337.png,7
mnist_cls_train/7/10377.png,7
mnist_cls_train/7/9200.png,7
mnist_cls_train/7/48910.png,7
mnist_cls_train/7/38255.png,7
mnist_cls_train/7/12273.png,7
mnist_cls_train/7/51560.png,7
mnist_cls_train/7/36889.png,7
mnist_cls_train/7/14280.png,7
mnist_cls_train/7/28321.png,7
mnist_cls_train/7/18289.png,7
mnist_cls_train/7/35081.png,7
mnist_cls_train/7/58974.png,7
mnist_cls_train/7/54478.png,7
mnist_cls_train/7/18962.png,7
mnist_cls_train/7/19257.png,7
mnist_cls_train/7/47806.png,7
mnist_cls_train/7/15229.png,7
mnist_cls_train/7/47537.png,7
mnist_cls_train/7/45020.png,7
mnist_cls_train/7/39310.png,7
mnist_cls_train/7/51344.png,7
mnist_cls_train/7/47399.png,7
mnist_cls_train/7/28118.png,7
mnist_cls_train/7/52337.png,7
mnist_cls_train/7/1417.png,7
mnist_cls_train/7/2995.png,7
mnist_cls_train/7/51704.png,7
mnist_cls_train/7/9445.png,7
mnist_cls_train/7/41779.png,7
mnist_cls_train/7/4571.png,7
mnist_cls_train/7/46265.png,7
mnist_cls_train/7/50162.png,7
mnist_cls_train/7/52603.png,7
mnist_cls_train/7/43618.png,7
mnist_cls_train/7/25964.png,7
mnist_cls_train/7/50664.png,7
mnist_cls_train/7/48228.png,7
mnist_cls_train/7/54037.png,7
mnist_cls_train/7/8931.png,7
mnist_cls_train/7/24994.png,7
mnist_cls_train/7/49056.png,7
mnist_cls_train/7/53483.png,7
mnist_cls_train/7/42177.png,7
mnist_cls_train/7/31207.png,7
mnist_cls_train/7/13174.png,7
mnist_cls_train/7/32681.png,7
mnist_cls_train/7/37878.png,7
mnist_cls_train/7/54155.png,7
mnist_cls_train/7/46938.png,7
mnist_cls_train/7/8130.png,7
mnist_cls_train/7/7769.png,7
mnist_cls_train/7/29423.png,7
mnist_cls_train/7/58507.png,7
mnist_cls_train/7/51765.png,7
mnist_cls_train/7/59484.png,7
mnist_cls_train/7/15554.png,7
mnist_cls_train/7/31319.png,7
mnist_cls_train/7/31992.png,7
mnist_cls_train/7/52113.png,7
mnist_cls_train/7/26699.png,7
mnist_cls_train/7/14983.png,7
mnist_cls_train/7/9999.png,7
mnist_cls_train/7/24500.png,7
mnist_cls_train/7/27265.png,7
mnist_cls_train/7/8576.png,7
mnist_cls_train/7/59602.png,7
mnist_cls_train/7/17807.png,7
mnist_cls_train/7/29238.png,7
mnist_cls_train/7/15062.png,7
mnist_cls_train/7/26158.png,7
mnist_cls_train/7/55535.png,7
mnist_cls_train/7/59894.png,7
mnist_cls_train/7/36654.png,7
mnist_cls_train/7/52579.png,7
mnist_cls_train/7/12413.png,7
mnist_cls_train/7/12439.png,7
mnist_cls_train/7/23686.png,7
mnist_cls_train/7/11180.png,7
mnist_cls_train/7/51205.png,7
mnist_cls_train/7/50536.png,7
mnist_cls_train/7/54372.png,7
mnist_cls_train/7/1983.png,7
mnist_cls_train/7/14011.png,7
mnist_cls_train/7/5387.png,7
mnist_cls_train/7/19893.png,7
mnist_cls_train/7/43956.png,7
mnist_cls_train/7/8758.png,7
mnist_cls_train/7/54555.png,7
mnist_cls_train/7/14600.png,7
mnist_cls_train/7/46356.png,7
mnist_cls_train/7/3538.png,7
mnist_cls_train/7/34454.png,7
mnist_cls_train/7/27532.png,7
mnist_cls_train/7/6224.png,7
mnist_cls_train/7/24964.png,7
mnist_cls_train/7/19912.png,7
mnist_cls_train/7/22077.png,7
mnist_cls_train/7/18479.png,7
mnist_cls_train/7/40080.png,7
mnist_cls_train/7/8735.png,7
mnist_cls_train/7/43893.png,7
mnist_cls_train/7/43075.png,7
mnist_cls_train/7/8353.png,7
mnist_cls_train/7/40663.png,7
mnist_cls_train/7/39069.png,7
mnist_cls_train/7/37971.png,7
mnist_cls_train/7/35960.png,7
mnist_cls_train/7/37147.png,7
mnist_cls_train/7/28864.png,7
mnist_cls_train/7/40436.png,7
mnist_cls_train/7/55034.png,7
mnist_cls_train/7/14755.png,7
mnist_cls_train/7/10394.png,7
mnist_cls_train/7/23570.png,7
mnist_cls_train/7/39863.png,7
mnist_cls_train/7/21050.png,7
mnist_cls_train/7/40476.png,7
mnist_cls_train/7/21043.png,7
mnist_cls_train/7/16343.png,7
mnist_cls_train/7/51752.png,7
mnist_cls_train/7/46607.png,7
mnist_cls_train/7/14891.png,7
mnist_cls_train/7/42800.png,7
mnist_cls_train/7/32122.png,7
mnist_cls_train/7/21387.png,7
mnist_cls_train/7/33736.png,7
mnist_cls_train/7/8068.png,7
mnist_cls_train/7/10763.png,7
mnist_cls_train/7/55560.png,7
mnist_cls_train/7/55848.png,7
mnist_cls_train/7/51279.png,7
mnist_cls_train/7/32980.png,7
mnist_cls_train/7/3209.png,7
mnist_cls_train/7/57851.png,7
mnist_cls_train/7/36760.png,7
mnist_cls_train/7/21062.png,7
mnist_cls_train/7/34939.png,7
mnist_cls_train/7/38783.png,7
mnist_cls_train/7/7445.png,7
mnist_cls_train/7/56111.png,7
mnist_cls_train/7/47570.png,7
mnist_cls_train/7/20765.png,7
mnist_cls_train/7/18682.png,7
mnist_cls_train/7/25897.png,7
mnist_cls_train/7/39949.png,7
mnist_cls_train/7/42501.png,7
mnist_cls_train/7/55928.png,7
mnist_cls_train/7/44539.png,7
mnist_cls_train/7/8866.png,7
mnist_cls_train/7/27144.png,7
mnist_cls_train/7/13337.png,7
mnist_cls_train/7/518.png,7
mnist_cls_train/7/45871.png,7
mnist_cls_train/7/28443.png,7
mnist_cls_train/7/24692.png,7
mnist_cls_train/7/29920.png,7
mnist_cls_train/7/57921.png,7
mnist_cls_train/7/25775.png,7
mnist_cls_train/7/44949.png,7
mnist_cls_train/7/49012.png,7
mnist_cls_train/7/14814.png,7
mnist_cls_train/7/16842.png,7
mnist_cls_train/7/15811.png,7
mnist_cls_train/7/18824.png,7
mnist_cls_train/7/34118.png,7
mnist_cls_train/7/55887.png,7
mnist_cls_train/7/57663.png,7
mnist_cls_train/7/33618.png,7
mnist_cls_train/7/11757.png,7
mnist_cls_train/7/38607.png,7
mnist_cls_train/7/7686.png,7
mnist_cls_train/7/57078.png,7
mnist_cls_train/7/36964.png,7
mnist_cls_train/7/39056.png,7
mnist_cls_train/7/20789.png,7
mnist_cls_train/7/26455.png,7
mnist_cls_train/7/11944.png,7
mnist_cls_train/7/13754.png,7
mnist_cls_train/7/39643.png,7
mnist_cls_train/7/49235.png,7
mnist_cls_train/7/59739.png,7
mnist_cls_train/7/2540.png,7
mnist_cls_train/7/35321.png,7
mnist_cls_train/7/33660.png,7
mnist_cls_train/7/9990.png,7
mnist_cls_train/7/17513.png,7
mnist_cls_train/7/34687.png,7
mnist_cls_train/7/30502.png,7
mnist_cls_train/7/26234.png,7
mnist_cls_train/7/47698.png,7
mnist_cls_train/7/34415.png,7
mnist_cls_train/7/36479.png,7
mnist_cls_train/7/56844.png,7
mnist_cls_train/7/11736.png,7
mnist_cls_train/7/27498.png,7
mnist_cls_train/7/47110.png,7
mnist_cls_train/7/23054.png,7
mnist_cls_train/7/9429.png,7
mnist_cls_train/7/17816.png,7
mnist_cls_train/7/21367.png,7
mnist_cls_train/7/57718.png,7
mnist_cls_train/7/30952.png,7
mnist_cls_train/7/15643.png,7
mnist_cls_train/7/52486.png,7
mnist_cls_train/7/59107.png,7
mnist_cls_train/7/3189.png,7
mnist_cls_train/7/56920.png,7
mnist_cls_train/7/15468.png,7
mnist_cls_train/7/12742.png,7
mnist_cls_train/7/59977.png,7
mnist_cls_train/7/4759.png,7
mnist_cls_train/7/20032.png,7
mnist_cls_train/7/53510.png,7
mnist_cls_train/7/37317.png,7
mnist_cls_train/7/2825.png,7
mnist_cls_train/7/13900.png,7
mnist_cls_train/7/55425.png,7
mnist_cls_train/7/51103.png,7
mnist_cls_train/7/617.png,7
mnist_cls_train/7/10215.png,7
mnist_cls_train/7/31698.png,7
mnist_cls_train/7/58393.png,7
mnist_cls_train/7/6287.png,7
mnist_cls_train/7/12730.png,7
mnist_cls_train/7/31850.png,7
mnist_cls_train/7/16661.png,7
mnist_cls_train/7/13180.png,7
mnist_cls_train/7/40216.png,7
mnist_cls_train/7/30348.png,7
mnist_cls_train/7/27837.png,7
mnist_cls_train/7/52460.png,7
mnist_cls_train/7/27728.png,7
mnist_cls_train/7/55699.png,7
mnist_cls_train/7/53097.png,7
mnist_cls_train/7/50681.png,7
mnist_cls_train/7/562.png,7
mnist_cls_train/7/42466.png,7
mnist_cls_train/7/6053.png,7
mnist_cls_train/7/16169.png,7
mnist_cls_train/7/51526.png,7
mnist_cls_train/7/39672.png,7
mnist_cls_train/7/48242.png,7
mnist_cls_train/7/9432.png,7
mnist_cls_train/7/13794.png,7
mnist_cls_train/7/7028.png,7
mnist_cls_train/7/26642.png,7
mnist_cls_train/7/45680.png,7
mnist_cls_train/7/53694.png,7
mnist_cls_train/7/21021.png,7
mnist_cls_train/7/15113.png,7
mnist_cls_train/7/22018.png,7
mnist_cls_train/7/35372.png,7
mnist_cls_train/7/41532.png,7
mnist_cls_train/7/52301.png,7
mnist_cls_train/7/47364.png,7
mnist_cls_train/7/53589.png,7
mnist_cls_train/7/52475.png,7
mnist_cls_train/7/18809.png,7
mnist_cls_train/7/49053.png,7
mnist_cls_train/7/26894.png,7
mnist_cls_train/7/35150.png,7
mnist_cls_train/7/57725.png,7
mnist_cls_train/7/46950.png,7
mnist_cls_train/7/56500.png,7
mnist_cls_train/7/54789.png,7
mnist_cls_train/7/46153.png,7
mnist_cls_train/7/42067.png,7
mnist_cls_train/7/45967.png,7
mnist_cls_train/7/15589.png,7
mnist_cls_train/7/1851.png,7
mnist_cls_train/7/40406.png,7
mnist_cls_train/7/54066.png,7
mnist_cls_train/7/7278.png,7
mnist_cls_train/7/214.png,7
mnist_cls_train/7/39062.png,7
mnist_cls_train/7/57927.png,7
mnist_cls_train/7/35474.png,7
mnist_cls_train/7/25319.png,7
mnist_cls_train/7/6616.png,7
mnist_cls_train/7/59703.png,7
mnist_cls_train/7/37297.png,7
mnist_cls_train/7/22791.png,7
mnist_cls_train/7/59124.png,7
mnist_cls_train/7/24818.png,7
mnist_cls_train/7/12511.png,7
mnist_cls_train/7/12065.png,7
mnist_cls_train/7/39535.png,7
mnist_cls_train/7/16015.png,7
mnist_cls_train/7/26917.png,7
mnist_cls_train/7/21700.png,7
mnist_cls_train/7/36069.png,7
mnist_cls_train/7/43285.png,7
mnist_cls_train/7/7547.png,7
mnist_cls_train/7/9886.png,7
mnist_cls_train/7/19379.png,7
mnist_cls_train/7/28880.png,7
mnist_cls_train/7/26982.png,7
mnist_cls_train/7/27632.png,7
mnist_cls_train/7/24644.png,7
mnist_cls_train/7/46769.png,7
mnist_cls_train/7/12478.png,7
mnist_cls_train/7/36156.png,7
mnist_cls_train/7/17086.png,7
mnist_cls_train/7/12835.png,7
mnist_cls_train/7/18025.png,7
mnist_cls_train/7/19448.png,7
mnist_cls_train/7/6525.png,7
mnist_cls_train/7/17206.png,7
mnist_cls_train/7/38711.png,7
mnist_cls_train/7/44896.png,7
mnist_cls_train/7/56037.png,7
mnist_cls_train/7/44807.png,7
mnist_cls_train/7/12176.png,7
mnist_cls_train/7/9955.png,7
mnist_cls_train/7/13883.png,7
mnist_cls_train/7/25816.png,7
mnist_cls_train/7/26659.png,7
mnist_cls_train/7/48889.png,7
mnist_cls_train/7/10795.png,7
mnist_cls_train/7/39426.png,7
mnist_cls_train/7/22577.png,7
mnist_cls_train/7/20766.png,7
mnist_cls_train/7/23849.png,7
mnist_cls_train/7/3721.png,7
mnist_cls_train/7/28991.png,7
mnist_cls_train/7/32527.png,7
mnist_cls_train/7/2778.png,7
mnist_cls_train/7/45652.png,7
mnist_cls_train/7/31160.png,7
mnist_cls_train/7/45428.png,7
mnist_cls_train/7/39880.png,7
mnist_cls_train/7/45045.png,7
mnist_cls_train/7/57292.png,7
mnist_cls_train/7/59435.png,7
mnist_cls_train/7/49399.png,7
mnist_cls_train/7/58106.png,7
mnist_cls_train/7/5427.png,7
mnist_cls_train/7/36158.png,7
mnist_cls_train/7/57280.png,7
mnist_cls_train/7/47511.png,7
mnist_cls_train/7/42977.png,7
mnist_cls_train/7/45310.png,7
mnist_cls_train/7/18894.png,7
mnist_cls_train/7/46076.png,7
mnist_cls_train/7/40729.png,7
mnist_cls_train/7/29833.png,7
mnist_cls_train/7/35371.png,7
mnist_cls_train/7/20980.png,7
mnist_cls_train/7/30021.png,7
mnist_cls_train/7/58715.png,7
mnist_cls_train/7/2929.png,7
mnist_cls_train/7/2431.png,7
mnist_cls_train/7/20605.png,7
mnist_cls_train/7/17887.png,7
mnist_cls_train/7/36530.png,7
mnist_cls_train/7/53886.png,7
mnist_cls_train/7/17735.png,7
mnist_cls_train/7/29333.png,7
mnist_cls_train/7/40505.png,7
mnist_cls_train/7/57325.png,7
mnist_cls_train/7/6947.png,7
mnist_cls_train/7/27522.png,7
mnist_cls_train/7/48490.png,7
mnist_cls_train/7/27976.png,7
mnist_cls_train/7/17557.png,7
mnist_cls_train/7/31713.png,7
mnist_cls_train/7/56769.png,7
mnist_cls_train/7/27254.png,7
mnist_cls_train/7/49136.png,7
mnist_cls_train/7/11372.png,7
mnist_cls_train/7/22781.png,7
mnist_cls_train/7/20477.png,7
mnist_cls_train/7/26851.png,7
mnist_cls_train/7/42798.png,7
mnist_cls_train/7/28775.png,7
mnist_cls_train/7/29582.png,7
mnist_cls_train/7/24200.png,7
mnist_cls_train/7/1946.png,7
mnist_cls_train/7/35871.png,7
mnist_cls_train/7/1422.png,7
mnist_cls_train/7/21587.png,7
mnist_cls_train/7/52110.png,7
mnist_cls_train/7/3692.png,7
mnist_cls_train/7/17031.png,7
mnist_cls_train/7/37131.png,7
mnist_cls_train/7/25126.png,7
mnist_cls_train/7/36691.png,7
mnist_cls_train/7/51070.png,7
mnist_cls_train/7/7446.png,7
mnist_cls_train/7/15518.png,7
mnist_cls_train/7/4592.png,7
mnist_cls_train/7/47242.png,7
mnist_cls_train/7/28025.png,7
mnist_cls_train/7/46260.png,7
mnist_cls_train/7/57032.png,7
mnist_cls_train/8/57315.png,8
mnist_cls_train/8/11885.png,8
mnist_cls_train/8/13354.png,8
mnist_cls_train/8/32147.png,8
mnist_cls_train/8/9948.png,8
mnist_cls_train/8/30026.png,8
mnist_cls_train/8/22724.png,8
mnist_cls_train/8/17681.png,8
mnist_cls_train/8/7508.png,8
mnist_cls_train/8/57664.png,8
mnist_cls_train/8/45653.png,8
mnist_cls_train/8/49804.png,8
mnist_cls_train/8/39872.png,8
mnist_cls_train/8/33678.png,8
mnist_cls_train/8/48906.png,8
mnist_cls_train/8/31655.png,8
mnist_cls_train/8/1543.png,8
mnist_cls_train/8/40138.png,8
mnist_cls_train/8/17375.png,8
mnist_cls_train/8/45938.png,8
mnist_cls_train/8/627.png,8
mnist_cls_train/8/42987.png,8
mnist_cls_train/8/5220.png,8
mnist_cls_train/8/23398.png,8
mnist_cls_train/8/4261.png,8
mnist_cls_train/8/52954.png,8
mnist_cls_train/8/20621.png,8
mnist_cls_train/8/18533.png,8
mnist_cls_train/8/16597.png,8
mnist_cls_train/8/16182.png,8
mnist_cls_train/8/27348.png,8
mnist_cls_train/8/46584.png,8
mnist_cls_train/8/26397.png,8
mnist_cls_train/8/42688.png,8
mnist_cls_train/8/35072.png,8
mnist_cls_train/8/54749.png,8
mnist_cls_train/8/45802.png,8
mnist_cls_train/8/2555.png,8
mnist_cls_train/8/46231.png,8
mnist_cls_train/8/52699.png,8
mnist_cls_train/8/39391.png,8
mnist_cls_train/8/10733.png,8
mnist_cls_train/8/24312.png,8
mnist_cls_train/8/27195.png,8
mnist_cls_train/8/33388.png,8
mnist_cls_train/8/22507.png,8
mnist_cls_train/8/9079.png,8
mnist_cls_train/8/22438.png,8
mnist_cls_train/8/16115.png,8
mnist_cls_train/8/45116.png,8
mnist_cls_train/8/4357.png,8
mnist_cls_train/8/37178.png,8
mnist_cls_train/8/3891.png,8
mnist_cls_train/8/4147.png,8
mnist_cls_train/8/48842.png,8
mnist_cls_train/8/22568.png,8
mnist_cls_train/8/6573.png,8
mnist_cls_train/8/13639.png,8
mnist_cls_train/8/40698.png,8
mnist_cls_train/8/20807.png,8
mnist_cls_train/8/29589.png,8
mnist_cls_train/8/25583.png,8
mnist_cls_train/8/56636.png,8
mnist_cls_train/8/32733.png,8
mnist_cls_train/8/35730.png,8
mnist_cls_train/8/23562.png,8
mnist_cls_train/8/32110.png,8
mnist_cls_train/8/736.png,8
mnist_cls_train/8/7617.png,8
mnist_cls_train/8/23184.png,8
mnist_cls_train/8/28065.png,8
mnist_cls_train/8/47315.png,8
mnist_cls_train/8/1086.png,8
mnist_cls_train/8/46380.png,8
mnist_cls_train/8/55293.png,8
mnist_cls_train/8/24311.png,8
mnist_cls_train/8/6801.png,8
mnist_cls_train/8/12250.png,8
mnist_cls_train/8/46216.png,8
mnist_cls_train/8/27027.png,8
mnist_cls_train/8/58996.png,8
mnist_cls_train/8/56286.png,8
mnist_cls_train/8/25796.png,8
mnist_cls_train/8/418.png,8
mnist_cls_train/8/45738.png,8
mnist_cls_train/8/14173.png,8
mnist_cls_train/8/27918.png,8
mnist_cls_train/8/45293.png,8
mnist_cls_train/8/28856.png,8
mnist_cls_train/8/24909.png,8
mnist_cls_train/8/32078.png,8
mnist_cls_train/8/44484.png,8
mnist_cls_train/8/50394.png,8
mnist_cls_train/8/34669.png,8
mnist_cls_train/8/30116.png,8
mnist_cls_train/8/16790.png,8
mnist_cls_train/8/41973.png,8
mnist_cls_train/8/12118.png,8
mnist_cls_train/8/53286.png,8
mnist_cls_train/8/55610.png,8
mnist_cls_train/8/7956.png,8
mnist_cls_train/8/40939.png,8
mnist_cls_train/8/56322.png,8
mnist_cls_train/8/22001.png,8
mnist_cls_train/8/44748.png,8
mnist_cls_train/8/58556.png,8
mnist_cls_train/8/4084.png,8
mnist_cls_train/8/35569.png,8
mnist_cls_train/8/58787.png,8
mnist_cls_train/8/56001.png,8
mnist_cls_train/8/56082.png,8
mnist_cls_train/8/10881.png,8
mnist_cls_train/8/46080.png,8
mnist_cls_train/8/12378.png,8
mnist_cls_train/8/44308.png,8
mnist_cls_train/8/59215.png,8
mnist_cls_train/8/58239.png,8
mnist_cls_train/8/10572.png,8
mnist_cls_train/8/53860.png,8
mnist_cls_train/8/38912.png,8
mnist_cls_train/8/44007.png,8
mnist_cls_train/8/8310.png,8
mnist_cls_train/8/47484.png,8
mnist_cls_train/8/15467.png,8
mnist_cls_train/8/6744.png,8
mnist_cls_train/8/55733.png,8
mnist_cls_train/8/11808.png,8
mnist_cls_train/8/1419.png,8
mnist_cls_train/8/3730.png,8
mnist_cls_train/8/12899.png,8
mnist_cls_train/8/10551.png,8
mnist_cls_train/8/53092.png,8
mnist_cls_train/8/40089.png,8
mnist_cls_train/8/55331.png,8
mnist_cls_train/8/21593.png,8
mnist_cls_train/8/22483.png,8
mnist_cls_train/8/34842.png,8
mnist_cls_train/8/19906.png,8
mnist_cls_train/8/17179.png,8
mnist_cls_train/8/51078.png,8
mnist_cls_train/8/43745.png,8
mnist_cls_train/8/11478.png,8
mnist_cls_train/8/8125.png,8
mnist_cls_train/8/2070.png,8
mnist_cls_train/8/48455.png,8
mnist_cls_train/8/41431.png,8
mnist_cls_train/8/4388.png,8
mnist_cls_train/8/35265.png,8
mnist_cls_train/8/56647.png,8
mnist_cls_train/8/12444.png,8
mnist_cls_train/8/42961.png,8
mnist_cls_train/8/56959.png,8
mnist_cls_train/8/16893.png,8
mnist_cls_train/8/16752.png,8
mnist_cls_train/8/50702.png,8
mnist_cls_train/8/32774.png,8
mnist_cls_train/8/45026.png,8
mnist_cls_train/8/46200.png,8
mnist_cls_train/8/4700.png,8
mnist_cls_train/8/37185.png,8
mnist_cls_train/8/36224.png,8
mnist_cls_train/8/39873.png,8
mnist_cls_train/8/18491.png,8
mnist_cls_train/8/28297.png,8
mnist_cls_train/8/48925.png,8
mnist_cls_train/8/49634.png,8
mnist_cls_train/8/15289.png,8
mnist_cls_train/8/33755.png,8
mnist_cls_train/8/6223.png,8
mnist_cls_train/8/59097.png,8
mnist_cls_train/8/46793.png,8
mnist_cls_train/8/51880.png,8
mnist_cls_train/8/40629.png,8
mnist_cls_train/8/37891.png,8
mnist_cls_train/8/3094.png,8
mnist_cls_train/8/44638.png,8
mnist_cls_train/8/34225.png,8
mnist_cls_train/8/40595.png,8
mnist_cls_train/8/42617.png,8
mnist_cls_train/8/2124.png,8
mnist_cls_train/8/6731.png,8
mnist_cls_train/8/42130.png,8
mnist_cls_train/8/48684.png,8
mnist_cls_train/8/58028.png,8
mnist_cls_train/8/56858.png,8
mnist_cls_train/8/51424.png,8
mnist_cls_train/8/24256.png,8
mnist_cls_train/8/57189.png,8
mnist_cls_train/8/35295.png,8
mnist_cls_train/8/2425.png,8
mnist_cls_train/8/57697.png,8
mnist_cls_train/8/40553.png,8
mnist_cls_train/8/19711.png,8
mnist_cls_train/8/53636.png,8
mnist_cls_train/8/42941.png,8
mnist_cls_train/8/48737.png,8
mnist_cls_train/8/54243.png,8
mnist_cls_train/8/7199.png,8
mnist_cls_train/8/24349.png,8
mnist_cls_train/8/32218.png,8
mnist_cls_train/8/28699.png,8
mnist_cls_train/8/12473.png,8
mnist_cls_train/8/58960.png,8
mnist_cls_train/8/48753.png,8
mnist_cls_train/8/25387.png,8
mnist_cls_train/8/23063.png,8
mnist_cls_train/8/38420.png,8
mnist_cls_train/8/6017.png,8
mnist_cls_train/8/6354.png,8
mnist_cls_train/8/51008.png,8
mnist_cls_train/8/6196.png,8
mnist_cls_train/8/57467.png,8
mnist_cls_train/8/45639.png,8
mnist_cls_train/8/27096.png,8
mnist_cls_train/8/2482.png,8
mnist_cls_train/8/16440.png,8
mnist_cls_train/8/27891.png,8
mnist_cls_train/8/41034.png,8
mnist_cls_train/8/40245.png,8
mnist_cls_train/8/34320.png,8
mnist_cls_train/8/40571.png,8
mnist_cls_train/8/39779.png,8
mnist_cls_train/8/41235.png,8
mnist_cls_train/8/46063.png,8
mnist_cls_train/8/55611.png,8
mnist_cls_train/8/34061.png,8
mnist_cls_train/8/49088.png,8
mnist_cls_train/8/24589.png,8
mnist_cls_train/8/48875.png,8
mnist_cls_train/8/11881.png,8
mnist_cls_train/8/8171.png,8
mnist_cls_train/8/45106.png,8
mnist_cls_train/8/39264.png,8
mnist_cls_train/8/44176.png,8
mnist_cls_train/8/43907.png,8
mnist_cls_train/8/57108.png,8
mnist_cls_train/8/46387.png,8
mnist_cls_train/8/26135.png,8
mnist_cls_train/8/21926.png,8
mnist_cls_train/8/52932.png,8
mnist_cls_train/8/46222.png,8
mnist_cls_train/8/14020.png,8
mnist_cls_train/8/49579.png,8
mnist_cls_train/8/36751.png,8
mnist_cls_train/8/34594.png,8
mnist_cls_train/8/30147.png,8
mnist_cls_train/8/17056.png,8
mnist_cls_train/8/48752.png,8
mnist_cls_train/8/49276.png,8
mnist_cls_train/8/53953.png,8
mnist_cls_train/8/29886.png,8
mnist_cls_train/8/12923.png,8
mnist_cls_train/8/6677.png,8
mnist_cls_train/8/16826.png,8
mnist_cls_train/8/6563.png,8
mnist_cls_train/8/35843.png,8
mnist_cls_train/8/39751.png,8
mnist_cls_train/8/265.png,8
mnist_cls_train/8/55880.png,8
mnist_cls_train/8/28712.png,8
mnist_cls_train/8/31847.png,8
mnist_cls_train/8/31103.png,8
mnist_cls_train/8/52662.png,8
mnist_cls_train/8/16937.png,8
mnist_cls_train/8/11681.png,8
mnist_cls_train/8/13849.png,8
mnist_cls_train/8/32503.png,8
mnist_cls_train/8/5043.png,8
mnist_cls_train/8/5609.png,8
mnist_cls_train/8/47154.png,8
mnist_cls_train/8/31035.png,8
mnist_cls_train/8/602.png,8
mnist_cls_train/8/10948.png,8
mnist_cls_train/8/31801.png,8
mnist_cls_train/8/5205.png,8
mnist_cls_train/8/10217.png,8
mnist_cls_train/8/38778.png,8
mnist_cls_train/8/52398.png,8
mnist_cls_train/8/11836.png,8
mnist_cls_train/8/18685.png,8
mnist_cls_train/8/42656.png,8
mnist_cls_train/8/19237.png,8
mnist_cls_train/8/46368.png,8
mnist_cls_train/8/28490.png,8
mnist_cls_train/8/52746.png,8
mnist_cls_train/8/34794.png,8
mnist_cls_train/8/10889.png,8
mnist_cls_train/8/30743.png,8
mnist_cls_train/8/17194.png,8
mnist_cls_train/8/59224.png,8
mnist_cls_train/8/37720.png,8
mnist_cls_train/8/43109.png,8
mnist_cls_train/8/17165.png,8
mnist_cls_train/8/14191.png,8
mnist_cls_train/8/32161.png,8
mnist_cls_train/8/29299.png,8
mnist_cls_train/8/30067.png,8
mnist_cls_train/8/2475.png,8
mnist_cls_train/8/36785.png,8
mnist_cls_train/8/47328.png,8
mnist_cls_train/8/17654.png,8
mnist_cls_train/8/8666.png,8
mnist_cls_train/8/9559.png,8
mnist_cls_train/8/43945.png,8
mnist_cls_train/8/51501.png,8
mnist_cls_train/8/49545.png,8
mnist_cls_train/8/8618.png,8
mnist_cls_train/8/42003.png,8
mnist_cls_train/8/17756.png,8
mnist_cls_train/8/33036.png,8
mnist_cls_train/8/32206.png,8
mnist_cls_train/8/12609.png,8
mnist_cls_train/8/21549.png,8
mnist_cls_train/8/36816.png,8
mnist_cls_train/8/8148.png,8
mnist_cls_train/8/45161.png,8
mnist_cls_train/8/51207.png,8
mnist_cls_train/8/35477.png,8
mnist_cls_train/8/40398.png,8
mnist_cls_train/8/12663.png,8
mnist_cls_train/8/31060.png,8
mnist_cls_train/8/59542.png,8
mnist_cls_train/8/35021.png,8
mnist_cls_train/8/59838.png,8
mnist_cls_train/8/48723.png,8
mnist_cls_train/8/38271.png,8
mnist_cls_train/8/48115.png,8
mnist_cls_train/8/57617.png,8
mnist_cls_train/8/22201.png,8
mnist_cls_train/8/12660.png,8
mnist_cls_train/8/12633.png,8
mnist_cls_train/8/56617.png,8
mnist_cls_train/8/43754.png,8
mnist_cls_train/8/26971.png,8
mnist_cls_train/8/34820.png,8
mnist_cls_train/8/51244.png,8
mnist_cls_train/8/50548.png,8
mnist_cls_train/8/11213.png,8
mnist_cls_train/8/9554.png,8
mnist_cls_train/8/13423.png,8
mnist_cls_train/8/1790.png,8
mnist_cls_train/8/34565.png,8
mnist_cls_train/8/31474.png,8
mnist_cls_train/8/53745.png,8
mnist_cls_train/8/53184.png,8
mnist_cls_train/8/34770.png,8
mnist_cls_train/8/29417.png,8
mnist_cls_train/8/32012.png,8
mnist_cls_train/8/25326.png,8
mnist_cls_train/8/27418.png,8
mnist_cls_train/8/45813.png,8
mnist_cls_train/8/39438.png,8
mnist_cls_train/8/15599.png,8
mnist_cls_train/8/32667.png,8
mnist_cls_train/8/50625.png,8
mnist_cls_train/8/30874.png,8
mnist_cls_train/8/57276.png,8
mnist_cls_train/8/27286.png,8
mnist_cls_train/8/22810.png,8
mnist_cls_train/8/55764.png,8
mnist_cls_train/8/7376.png,8
mnist_cls_train/8/43335.png,8
mnist_cls_train/8/25117.png,8
mnist_cls_train/8/44527.png,8
mnist_cls_train/8/11749.png,8
mnist_cls_train/8/23383.png,8
mnist_cls_train/8/58573.png,8
mnist_cls_train/8/2507.png,8
mnist_cls_train/8/49808.png,8
mnist_cls_train/8/50277.png,8
mnist_cls_train/8/17804.png,8
mnist_cls_train/8/34319.png,8
mnist_cls_train/8/45679.png,8
mnist_cls_train/8/49044.png,8
mnist_cls_train/8/11859.png,8
mnist_cls_train/8/56731.png,8
mnist_cls_train/8/7115.png,8
mnist_cls_train/8/46135.png,8
mnist_cls_train/8/29142.png,8
mnist_cls_train/8/1593.png,8
mnist_cls_train/8/19756.png,8
mnist_cls_train/8/47317.png,8
mnist_cls_train/8/23631.png,8
mnist_cls_train/8/41853.png,8
mnist_cls_train/8/20014.png,8
mnist_cls_train/8/31441.png,8
mnist_cls_train/8/935.png,8
mnist_cls_train/8/37406.png,8
mnist_cls_train/8/57993.png,8
mnist_cls_train/8/4537.png,8
mnist_cls_train/8/52944.png,8
mnist_cls_train/8/47882.png,8
mnist_cls_train/8/17196.png,8
mnist_cls_train/8/39167.png,8
mnist_cls_train/8/36565.png,8
mnist_cls_train/8/7151.png,8
mnist_cls_train/8/15616.png,8
mnist_cls_train/8/51094.png,8
mnist_cls_train/8/33201.png,8
mnist_cls_train/8/57481.png,8
mnist_cls_train/8/45985.png,8
mnist_cls_train/8/24587.png,8
mnist_cls_train/8/40111.png,8
mnist_cls_train/8/16145.png,8
mnist_cls_train/8/34719.png,8
mnist_cls_train/8/539.png,8
mnist_cls_train/8/37715.png,8
mnist_cls_train/8/28903.png,8
mnist_cls_train/8/47888.png,8
mnist_cls_train/8/13420.png,8
mnist_cls_train/8/59949.png,8
mnist_cls_train/8/1760.png,8
mnist_cls_train/8/50634.png,8
mnist_cls_train/8/22308.png,8
mnist_cls_train/8/55519.png,8
mnist_cls_train/8/3737.png,8
mnist_cls_train/8/19835.png,8
mnist_cls_train/8/13016.png,8
mnist_cls_train/8/29016.png,8
mnist_cls_train/8/17036.png,8
mnist_cls_train/8/32046.png,8
mnist_cls_train/8/24457.png,8
mnist_cls_train/8/12268.png,8
mnist_cls_train/8/30732.png,8
mnist_cls_train/8/32874.png,8
mnist_cls_train/8/59220.png,8
mnist_cls_train/8/50499.png,8
mnist_cls_train/8/44974.png,8
mnist_cls_train/8/5972.png,8
mnist_cls_train/8/17515.png,8
mnist_cls_train/8/33101.png,8
mnist_cls_train/8/40687.png,8
mnist_cls_train/8/39778.png,8
mnist_cls_train/8/7461.png,8
mnist_cls_train/8/34286.png,8
mnist_cls_train/8/30545.png,8
mnist_cls_train/8/57379.png,8
mnist_cls_train/8/23081.png,8
mnist_cls_train/8/24101.png,8
mnist_cls_train/8/32244.png,8
mnist_cls_train/8/55578.png,8
mnist_cls_train/8/1439.png,8
mnist_cls_train/8/44144.png,8
mnist_cls_train/8/5916.png,8
mnist_cls_train/8/39419.png,8
mnist_cls_train/8/15723.png,8
mnist_cls_train/8/7000.png,8
mnist_cls_train/8/40146.png,8
mnist_cls_train/8/21383.png,8
mnist_cls_train/8/18901.png,8
mnist_cls_train/8/39599.png,8
mnist_cls_train/8/23008.png,8
mnist_cls_train/8/30450.png,8
mnist_cls_train/8/52349.png,8
mnist_cls_train/8/23391.png,8
mnist_cls_train/8/17688.png,8
mnist_cls_train/8/29545.png,8
mnist_cls_train/8/15897.png,8
mnist_cls_train/8/51459.png,8
mnist_cls_train/8/16741.png,8
mnist_cls_train/8/13608.png,8
mnist_cls_train/8/34452.png,8
mnist_cls_train/8/5521.png,8
mnist_cls_train/8/50740.png,8
mnist_cls_train/8/49129.png,8
mnist_cls_train/8/19025.png,8
mnist_cls_train/8/59884.png,8
mnist_cls_train/8/46650.png,8
mnist_cls_train/8/25256.png,8
mnist_cls_train/8/29335.png,8
mnist_cls_train/8/56141.png,8
mnist_cls_train/8/24654.png,8
mnist_cls_train/8/37342.png,8
mnist_cls_train/8/31023.png,8
mnist_cls_train/8/13489.png,8
mnist_cls_train/8/17244.png,8
mnist_cls_train/8/21406.png,8
mnist_cls_train/8/7704.png,8
mnist_cls_train/8/22494.png,8
mnist_cls_train/8/2958.png,8
mnist_cls_train/8/44310.png,8
mnist_cls_train/8/23848.png,8
mnist_cls_train/8/49715.png,8
mnist_cls_train/8/47051.png,8
mnist_cls_train/8/22965.png,8
mnist_cls_train/8/25482.png,8
mnist_cls_train/8/57901.png,8
mnist_cls_train/8/23702.png,8
mnist_cls_train/8/49114.png,8
mnist_cls_train/8/2672.png,8
mnist_cls_train/8/25131.png,8
mnist_cls_train/8/7642.png,8
mnist_cls_train/8/20204.png,8
mnist_cls_train/8/51315.png,8
mnist_cls_train/8/2636.png,8
mnist_cls_train/8/43099.png,8
mnist_cls_train/8/740.png,8
mnist_cls_train/8/46226.png,8
mnist_cls_train/8/34966.png,8
mnist_cls_train/8/32796.png,8
mnist_cls_train/8/21925.png,8
mnist_cls_train/8/58625.png,8
mnist_cls_train/8/14893.png,8
mnist_cls_train/8/51709.png,8
mnist_cls_train/8/46191.png,8
mnist_cls_train/8/55026.png,8
mnist_cls_train/8/47122.png,8
mnist_cls_train/8/35383.png,8
mnist_cls_train/8/25544.png,8
mnist_cls_train/8/17894.png,8
mnist_cls_train/8/38742.png,8
mnist_cls_train/8/29179.png,8
mnist_cls_train/8/45454.png,8
mnist_cls_train/8/10584.png,8
mnist_cls_train/8/17919.png,8
mnist_cls_train/8/43321.png,8
mnist_cls_train/8/28751.png,8
mnist_cls_train/8/49851.png,8
mnist_cls_train/8/24857.png,8
mnist_cls_train/8/3225.png,8
mnist_cls_train/8/57263.png,8
mnist_cls_train/8/45056.png,8
mnist_cls_train/8/57355.png,8
mnist_cls_train/8/47765.png,8
mnist_cls_train/8/14625.png,8
mnist_cls_train/8/57042.png,8
mnist_cls_train/8/38596.png,8
mnist_cls_train/8/48528.png,8
mnist_cls_train/8/29342.png,8
mnist_cls_train/8/53517.png,8
mnist_cls_train/8/17705.png,8
mnist_cls_train/8/14808.png,8
mnist_cls_train/8/40092.png,8
mnist_cls_train/8/30510.png,8
mnist_cls_train/8/6322.png,8
mnist_cls_train/8/50106.png,8
mnist_cls_train/8/53294.png,8
mnist_cls_train/8/54180.png,8
mnist_cls_train/8/2768.png,8
mnist_cls_train/8/43234.png,8
mnist_cls_train/8/43069.png,8
mnist_cls_train/8/11880.png,8
mnist_cls_train/8/404.png,8
mnist_cls_train/8/39832.png,8
mnist_cls_train/8/38967.png,8
mnist_cls_train/8/25149.png,8
mnist_cls_train/8/7182.png,8
mnist_cls_train/8/53036.png,8
mnist_cls_train/8/8175.png,8
mnist_cls_train/8/31292.png,8
mnist_cls_train/8/29618.png,8
mnist_cls_train/8/44118.png,8
mnist_cls_train/8/7825.png,8
mnist_cls_train/8/36323.png,8
mnist_cls_train/8/48540.png,8
mnist_cls_train/8/25851.png,8
mnist_cls_train/8/32784.png,8
mnist_cls_train/8/54344.png,8
mnist_cls_train/8/8584.png,8
mnist_cls_train/8/22286.png,8
mnist_cls_train/8/5215.png,8
mnist_cls_train/8/27381.png,8
mnist_cls_train/8/9019.png,8
mnist_cls_train/8/54492.png,8
mnist_cls_train/8/42096.png,8
mnist_cls_train/8/53128.png,8
mnist_cls_train/8/50191.png,8
mnist_cls_train/8/50660.png,8
mnist_cls_train/8/25976.png,8
mnist_cls_train/8/55182.png,8
mnist_cls_train/8/27916.png,8
mnist_cls_train/8/30397.png,8
mnist_cls_train/8/2511.png,8
mnist_cls_train/8/33539.png,8
mnist_cls_train/8/48428.png,8
mnist_cls_train/8/26138.png,8
mnist_cls_train/8/39559.png,8
mnist_cls_train/8/53743.png,8
mnist_cls_train/8/19267.png,8
mnist_cls_train/8/48559.png,8
mnist_cls_train/8/50996.png,8
mnist_cls_train/8/31607.png,8
mnist_cls_train/8/9937.png,8
mnist_cls_train/8/40408.png,8
mnist_cls_train/8/48652.png,8
mnist_cls_train/8/18272.png,8
mnist_cls_train/8/46699.png,8
mnist_cls_train/8/17193.png,8
mnist_cls_train/8/3931.png,8
mnist_cls_train/8/11720.png,8
mnist_cls_train/8/15219.png,8
mnist_cls_train/8/50555.png,8
mnist_cls_train/8/36182.png,8
mnist_cls_train/8/42238.png,8
mnist_cls_train/8/9924.png,8
mnist_cls_train/8/55968.png,8
mnist_cls_train/8/3032.png,8
mnist_cls_train/8/49744.png,8
mnist_cls_train/8/23405.png,8
mnist_cls_train/8/56866.png,8
mnist_cls_train/8/45493.png,8
mnist_cls_train/8/28352.png,8
mnist_cls_train/8/35940.png,8
mnist_cls_train/8/2611.png,8
mnist_cls_train/8/40665.png,8
mnist_cls_train/8/47331.png,8
mnist_cls_train/8/58636.png,8
mnist_cls_train/8/12594.png,8
mnist_cls_train/8/15817.png,8
mnist_cls_train/8/46864.png,8
mnist_cls_train/8/5597.png,8
mnist_cls_train/8/56525.png,8
mnist_cls_train/8/54625.png,8
mnist_cls_train/8/24000.png,8
mnist_cls_train/8/352.png,8
mnist_cls_train/8/3243.png,8
mnist_cls_train/8/45311.png,8
mnist_cls_train/8/59274.png,8
mnist_cls_train/8/39668.png,8
mnist_cls_train/8/51747.png,8
mnist_cls_train/8/761.png,8
mnist_cls_train/8/21065.png,8
mnist_cls_train/8/27197.png,8
mnist_cls_train/8/33018.png,8
mnist_cls_train/8/39876.png,8
mnist_cls_train/8/26611.png,8
mnist_cls_train/8/20339.png,8
mnist_cls_train/8/54590.png,8
mnist_cls_train/8/51183.png,8
mnist_cls_train/8/27851.png,8
mnist_cls_train/8/4272.png,8
mnist_cls_train/8/27447.png,8
mnist_cls_train/8/47903.png,8
mnist_cls_train/8/56091.png,8
mnist_cls_train/8/23789.png,8
mnist_cls_train/8/21421.png,8
mnist_cls_train/8/42470.png,8
mnist_cls_train/8/54645.png,8
mnist_cls_train/8/26414.png,8
mnist_cls_train/8/17658.png,8
mnist_cls_train/8/13476.png,8
mnist_cls_train/8/35300.png,8
mnist_cls_train/8/20102.png,8
mnist_cls_train/8/56557.png,8
mnist_cls_train/8/41831.png,8
mnist_cls_train/8/726.png,8
mnist_cls_train/8/52389.png,8
mnist_cls_train/8/33898.png,8
mnist_cls_train/8/1247.png,8
mnist_cls_train/8/58232.png,8
mnist_cls_train/8/26379.png,8
mnist_cls_train/8/8299.png,8
mnist_cls_train/8/38745.png,8
mnist_cls_train/8/56313.png,8
mnist_cls_train/8/8221.png,8
mnist_cls_train/8/37363.png,8
mnist_cls_train/8/15455.png,8
mnist_cls_train/8/41935.png,8
mnist_cls_train/8/44702.png,8
mnist_cls_train/8/19470.png,8
mnist_cls_train/8/56126.png,8
mnist_cls_train/8/43880.png,8
mnist_cls_train/8/31334.png,8
mnist_cls_train/8/35471.png,8
mnist_cls_train/8/4448.png,8
mnist_cls_train/8/24677.png,8
mnist_cls_train/8/15979.png,8
mnist_cls_train/8/44759.png,8
mnist_cls_train/8/16920.png,8
mnist_cls_train/8/24823.png,8
mnist_cls_train/8/58405.png,8
mnist_cls_train/8/7810.png,8
mnist_cls_train/8/41106.png,8
mnist_cls_train/8/21494.png,8
mnist_cls_train/8/41901.png,8
mnist_cls_train/8/39141.png,8
mnist_cls_train/8/13316.png,8
mnist_cls_train/8/29092.png,8
mnist_cls_train/8/2444.png,8
mnist_cls_train/8/13518.png,8
mnist_cls_train/8/5534.png,8
mnist_cls_train/8/36770.png,8
mnist_cls_train/8/30162.png,8
mnist_cls_train/8/9726.png,8
mnist_cls_train/8/30527.png,8
mnist_cls_train/8/7042.png,8
mnist_cls_train/8/55929.png,8
mnist_cls_train/8/4698.png,8
mnist_cls_train/8/36828.png,8
mnist_cls_train/8/9608.png,8
mnist_cls_train/8/55430.png,8
mnist_cls_train/8/4482.png,8
mnist_cls_train/8/16864.png,8
mnist_cls_train/8/14626.png,8
mnist_cls_train/8/17596.png,8
mnist_cls_train/8/14873.png,8
mnist_cls_train/8/49215.png,8
mnist_cls_train/8/43538.png,8
mnist_cls_train/8/20945.png,8
mnist_cls_train/8/17818.png,8
mnist_cls_train/8/10866.png,8
mnist_cls_train/8/37030.png,8
mnist_cls_train/8/47201.png,8
mnist_cls_train/8/3425.png,8
mnist_cls_train/8/16432.png,8
mnist_cls_train/8/823.png,8
mnist_cls_train/8/47297.png,8
mnist_cls_train/8/52469.png,8
mnist_cls_train/8/29691.png,8
mnist_cls_train/8/39602.png,8
mnist_cls_train/8/18338.png,8
mnist_cls_train/8/10021.png,8
mnist_cls_train/8/54295.png,8
mnist_cls_train/8/16637.png,8
mnist_cls_train/8/5633.png,8
mnist_cls_train/8/56097.png,8
mnist_cls_train/8/52583.png,8
mnist_cls_train/8/57084.png,8
mnist_cls_train/8/36754.png,8
mnist_cls_train/8/30870.png,8
mnist_cls_train/8/18856.png,8
mnist_cls_train/8/56956.png,8
mnist_cls_train/8/19159.png,8
mnist_cls_train/8/46633.png,8
mnist_cls_train/8/11722.png,8
mnist_cls_train/8/3499.png,8
mnist_cls_train/8/36529.png,8
mnist_cls_train/8/39915.png,8
mnist_cls_train/8/38065.png,8
mnist_cls_train/8/59393.png,8
mnist_cls_train/8/30516.png,8
mnist_cls_train/8/23232.png,8
mnist_cls_train/8/11796.png,8
mnist_cls_train/8/8607.png,8
mnist_cls_train/8/865.png,8
mnist_cls_train/8/6938.png,8
mnist_cls_train/8/4652.png,8
mnist_cls_train/8/28470.png,8
mnist_cls_train/8/38979.png,8
mnist_cls_train/8/38136.png,8
mnist_cls_train/8/52881.png,8
mnist_cls_train/8/53774.png,8
mnist_cls_train/8/50604.png,8
mnist_cls_train/8/57090.png,8
mnist_cls_train/8/10663.png,8
mnist_cls_train/8/44944.png,8
mnist_cls_train/8/33193.png,8
mnist_cls_train/8/19458.png,8
mnist_cls_train/8/55766.png,8
mnist_cls_train/8/53811.png,8
mnist_cls_train/8/58993.png,8
mnist_cls_train/8/2063.png,8
mnist_cls_train/8/22290.png,8
mnist_cls_train/8/37512.png,8
mnist_cls_train/8/4848.png,8
mnist_cls_train/8/45646.png,8
mnist_cls_train/8/37527.png,8
mnist_cls_train/8/44391.png,8
mnist_cls_train/8/28782.png,8
mnist_cls_train/8/41359.png,8
mnist_cls_train/8/17675.png,8
mnist_cls_train/8/55153.png,8
mnist_cls_train/8/58716.png,8
mnist_cls_train/8/50571.png,8
mnist_cls_train/8/22150.png,8
mnist_cls_train/8/54665.png,8
mnist_cls_train/8/55555.png,8
mnist_cls_train/8/14872.png,8
mnist_cls_train/8/26248.png,8
mnist_cls_train/8/16974.png,8
mnist_cls_train/8/44579.png,8
mnist_cls_train/8/58552.png,8
mnist_cls_train/8/25556.png,8
mnist_cls_train/8/19131.png,8
mnist_cls_train/8/47550.png,8
mnist_cls_train/8/41347.png,8
mnist_cls_train/8/55128.png,8
mnist_cls_train/8/3493.png,8
mnist_cls_train/8/56296.png,8
mnist_cls_train/8/15629.png,8
mnist_cls_train/8/16141.png,8
mnist_cls_train/8/30407.png,8
mnist_cls_train/8/39865.png,8
mnist_cls_train/8/50607.png,8
mnist_cls_train/8/20578.png,8
mnist_cls_train/8/30435.png,8
mnist_cls_train/8/16000.png,8
mnist_cls_train/8/49487.png,8
mnist_cls_train/8/39191.png,8
mnist_cls_train/8/22060.png,8
mnist_cls_train/8/26244.png,8
mnist_cls_train/8/13562.png,8
mnist_cls_train/8/28902.png,8
mnist_cls_train/8/12988.png,8
mnist_cls_train/8/48256.png,8
mnist_cls_train/8/33579.png,8
mnist_cls_train/8/16042.png,8
mnist_cls_train/8/43692.png,8
mnist_cls_train/8/14697.png,8
mnist_cls_train/8/34417.png,8
mnist_cls_train/8/43944.png,8
mnist_cls_train/8/38866.png,8
mnist_cls_train/8/312.png,8
mnist_cls_train/8/48658.png,8
mnist_cls_train/8/368.png,8
mnist_cls_train/8/13885.png,8
mnist_cls_train/8/57062.png,8
mnist_cls_train/8/1758.png,8
mnist_cls_train/8/29629.png,8
mnist_cls_train/8/16172.png,8
mnist_cls_train/8/45117.png,8
mnist_cls_train/8/28233.png,8
mnist_cls_train/8/37202.png,8
mnist_cls_train/8/7607.png,8
mnist_cls_train/8/13176.png,8
mnist_cls_train/8/4873.png,8
mnist_cls_train/8/55946.png,8
mnist_cls_train/8/7218.png,8
mnist_cls_train/8/27849.png,8
mnist_cls_train/8/10041.png,8
mnist_cls_train/8/22604.png,8
mnist_cls_train/8/13017.png,8
mnist_cls_train/8/14263.png,8
mnist_cls_train/8/47675.png,8
mnist_cls_train/8/41504.png,8
mnist_cls_train/8/20904.png,8
mnist_cls_train/8/52067.png,8
mnist_cls_train/8/43008.png,8
mnist_cls_train/8/32747.png,8
mnist_cls_train/8/52465.png,8
mnist_cls_train/8/43194.png,8
mnist_cls_train/8/42712.png,8
mnist_cls_train/8/17121.png,8
mnist_cls_train/8/15104.png,8
mnist_cls_train/8/57737.png,8
mnist_cls_train/8/33039.png,8
mnist_cls_train/8/5853.png,8
mnist_cls_train/8/55471.png,8
mnist_cls_train/8/32199.png,8
mnist_cls_train/8/59603.png,8
mnist_cls_train/8/10379.png,8
mnist_cls_train/8/52671.png,8
mnist_cls_train/8/21457.png,8
mnist_cls_train/8/34534.png,8
mnist_cls_train/8/469.png,8
mnist_cls_train/8/45463.png,8
mnist_cls_train/8/48138.png,8
mnist_cls_train/8/26708.png,8
mnist_cls_train/8/39456.png,8
mnist_cls_train/8/6512.png,8
mnist_cls_train/8/19705.png,8
mnist_cls_train/8/59989.png,8
mnist_cls_train/8/23930.png,8
mnist_cls_train/8/26474.png,8
mnist_cls_train/8/28480.png,8
mnist_cls_train/8/29223.png,8
mnist_cls_train/8/44929.png,8
mnist_cls_train/8/39948.png,8
mnist_cls_train/8/1856.png,8
mnist_cls_train/8/39604.png,8
mnist_cls_train/8/46252.png,8
mnist_cls_train/8/48739.png,8
mnist_cls_train/8/10061.png,8
mnist_cls_train/8/35928.png,8
mnist_cls_train/8/54916.png,8
mnist_cls_train/8/51948.png,8
mnist_cls_train/8/11506.png,8
mnist_cls_train/8/4258.png,8
mnist_cls_train/8/24979.png,8
mnist_cls_train/8/4859.png,8
mnist_cls_train/8/27236.png,8
mnist_cls_train/8/48688.png,8
mnist_cls_train/8/10619.png,8
mnist_cls_train/8/40306.png,8
mnist_cls_train/8/35042.png,8
mnist_cls_train/8/39291.png,8
mnist_cls_train/8/42661.png,8
mnist_cls_train/8/36445.png,8
mnist_cls_train/8/21183.png,8
mnist_cls_train/8/37125.png,8
mnist_cls_train/8/30844.png,8
mnist_cls_train/8/21778.png,8
mnist_cls_train/8/6457.png,8
mnist_cls_train/8/50180.png,8
mnist_cls_train/8/30546.png,8
mnist_cls_train/8/46764.png,8
mnist_cls_train/8/21046.png,8
mnist_cls_train/8/41327.png,8
mnist_cls_train/8/18714.png,8
mnist_cls_train/8/26115.png,8
mnist_cls_train/8/15436.png,8
mnist_cls_train/8/705.png,8
mnist_cls_train/8/17668.png,8
mnist_cls_train/8/2265.png,8
mnist_cls_train/8/51412.png,8
mnist_cls_train/8/48296.png,8
mnist_cls_train/8/50346.png,8
mnist_cls_train/8/35242.png,8
mnist_cls_train/8/20079.png,8
mnist_cls_train/8/9952.png,8
mnist_cls_train/8/37595.png,8
mnist_cls_train/8/36541.png,8
mnist_cls_train/8/50054.png,8
mnist_cls_train/8/37267.png,8
mnist_cls_train/8/6940.png,8
mnist_cls_train/8/18317.png,8
mnist_cls_train/8/55445.png,8
mnist_cls_train/8/52401.png,8
mnist_cls_train/8/22919.png,8
mnist_cls_train/8/1219.png,8
mnist_cls_train/8/40777.png,8
mnist_cls_train/8/49756.png,8
mnist_cls_train/8/6030.png,8
mnist_cls_train/8/2378.png,8
mnist_cls_train/8/34974.png,8
mnist_cls_train/8/21249.png,8
mnist_cls_train/8/18795.png,8
mnist_cls_train/8/46791.png,8
mnist_cls_train/8/23935.png,8
mnist_cls_train/8/3986.png,8
mnist_cls_train/8/21556.png,8
mnist_cls_train/8/32636.png,8
mnist_cls_train/8/42813.png,8
mnist_cls_train/8/3152.png,8
mnist_cls_train/8/19889.png,8
mnist_cls_train/8/15757.png,8
mnist_cls_train/8/47053.png,8
mnist_cls_train/8/40149.png,8
mnist_cls_train/8/50707.png,8
mnist_cls_train/8/7051.png,8
mnist_cls_train/8/59403.png,8
mnist_cls_train/8/18104.png,8
mnist_cls_train/8/55256.png,8
mnist_cls_train/8/25081.png,8
mnist_cls_train/8/44002.png,8
mnist_cls_train/8/36250.png,8
mnist_cls_train/8/44676.png,8
mnist_cls_train/8/23205.png,8
mnist_cls_train/8/25686.png,8
mnist_cls_train/8/57352.png,8
mnist_cls_train/8/17547.png,8
mnist_cls_train/8/1362.png,8
mnist_cls_train/8/35253.png,8
mnist_cls_train/8/44270.png,8
mnist_cls_train/8/34437.png,8
mnist_cls_train/8/16820.png,8
mnist_cls_train/8/38832.png,8
mnist_cls_train/8/41394.png,8
mnist_cls_train/8/35617.png,8
mnist_cls_train/8/16828.png,8
mnist_cls_train/8/42259.png,8
mnist_cls_train/8/41560.png,8
mnist_cls_train/8/50117.png,8
mnist_cls_train/8/28351.png,8
mnist_cls_train/8/16559.png,8
mnist_cls_train/8/25015.png,8
mnist_cls_train/8/45249.png,8
mnist_cls_train/8/51968.png,8
mnist_cls_train/8/24679.png,8
mnist_cls_train/8/6916.png,8
mnist_cls_train/8/42079.png,8
mnist_cls_train/8/59128.png,8
mnist_cls_train/8/59123.png,8
mnist_cls_train/8/25132.png,8
mnist_cls_train/8/42076.png,8
mnist_cls_train/8/6503.png,8
mnist_cls_train/8/5346.png,8
mnist_cls_train/8/20035.png,8
mnist_cls_train/8/8269.png,8
mnist_cls_train/8/53235.png,8
mnist_cls_train/8/58178.png,8
mnist_cls_train/8/46629.png,8
mnist_cls_train/8/25647.png,8
mnist_cls_train/8/30383.png,8
mnist_cls_train/8/56879.png,8
mnist_cls_train/8/12630.png,8
mnist_cls_train/8/29634.png,8
mnist_cls_train/8/34696.png,8
mnist_cls_train/8/28884.png,8
mnist_cls_train/8/11469.png,8
mnist_cls_train/8/3365.png,8
mnist_cls_train/8/36983.png,8
mnist_cls_train/8/7674.png,8
mnist_cls_train/8/51007.png,8
mnist_cls_train/8/26569.png,8
mnist_cls_train/8/10197.png,8
mnist_cls_train/8/7425.png,8
mnist_cls_train/8/42009.png,8
mnist_cls_train/8/22163.png,8
mnist_cls_train/8/52862.png,8
mnist_cls_train/8/31530.png,8
mnist_cls_train/8/39035.png,8
mnist_cls_train/8/13934.png,8
mnist_cls_train/8/42900.png,8
mnist_cls_train/8/50413.png,8
mnist_cls_train/8/6369.png,8
mnist_cls_train/8/38942.png,8
mnist_cls_train/8/57021.png,8
mnist_cls_train/8/39530.png,8
mnist_cls_train/8/54870.png,8
mnist_cls_train/8/25736.png,8
mnist_cls_train/8/27524.png,8
mnist_cls_train/8/34243.png,8
mnist_cls_train/8/22099.png,8
mnist_cls_train/8/31611.png,8
mnist_cls_train/8/22924.png,8
mnist_cls_train/8/41481.png,8
mnist_cls_train/8/28623.png,8
mnist_cls_train/8/10281.png,8
mnist_cls_train/8/19043.png,8
mnist_cls_train/8/456.png,8
mnist_cls_train/8/37460.png,8
mnist_cls_train/8/34968.png,8
mnist_cls_train/8/17808.png,8
mnist_cls_train/8/32965.png,8
mnist_cls_train/8/48382.png,8
mnist_cls_train/8/35018.png,8
mnist_cls_train/8/3153.png,8
mnist_cls_train/8/39011.png,8
mnist_cls_train/8/51725.png,8
mnist_cls_train/8/33546.png,8
mnist_cls_train/8/36845.png,8
mnist_cls_train/8/7681.png,8
mnist_cls_train/8/30862.png,8
mnist_cls_train/8/37709.png,8
mnist_cls_train/8/16274.png,8
mnist_cls_train/8/30688.png,8
mnist_cls_train/8/1853.png,8
mnist_cls_train/8/21663.png,8
mnist_cls_train/8/32735.png,8
mnist_cls_train/8/32935.png,8
mnist_cls_train/8/35264.png,8
mnist_cls_train/8/26762.png,8
mnist_cls_train/8/9789.png,8
mnist_cls_train/8/54624.png,8
mnist_cls_train/8/37644.png,8
mnist_cls_train/8/12112.png,8
mnist_cls_train/8/34042.png,8
mnist_cls_train/8/44122.png,8
mnist_cls_train/8/49701.png,8
mnist_cls_train/8/5680.png,8
mnist_cls_train/8/34075.png,8
mnist_cls_train/8/14170.png,8
mnist_cls_train/8/16321.png,8
mnist_cls_train/8/44200.png,8
mnist_cls_train/8/18311.png,8
mnist_cls_train/8/35604.png,8
mnist_cls_train/8/45866.png,8
mnist_cls_train/8/40295.png,8
mnist_cls_train/8/18690.png,8
mnist_cls_train/8/13477.png,8
mnist_cls_train/8/31479.png,8
mnist_cls_train/8/3959.png,8
mnist_cls_train/8/9749.png,8
mnist_cls_train/8/36652.png,8
mnist_cls_train/8/36913.png,8
mnist_cls_train/8/29118.png,8
mnist_cls_train/8/4481.png,8
mnist_cls_train/8/30892.png,8
mnist_cls_train/8/1788.png,8
mnist_cls_train/8/3976.png,8
mnist_cls_train/8/28887.png,8
mnist_cls_train/8/45898.png,8
mnist_cls_train/8/53043.png,8
mnist_cls_train/8/38956.png,8
mnist_cls_train/8/59581.png,8
mnist_cls_train/8/35704.png,8
mnist_cls_train/8/24027.png,8
mnist_cls_train/8/10611.png,8
mnist_cls_train/8/21733.png,8
mnist_cls_train/8/25870.png,8
mnist_cls_train/8/32638.png,8
mnist_cls_train/8/923.png,8
mnist_cls_train/8/27995.png,8
mnist_cls_train/8/23161.png,8
mnist_cls_train/8/37106.png,8
mnist_cls_train/8/7891.png,8
mnist_cls_train/8/39149.png,8
mnist_cls_train/8/5034.png,8
mnist_cls_train/8/46758.png,8
mnist_cls_train/8/50170.png,8
mnist_cls_train/8/5997.png,8
mnist_cls_train/8/10905.png,8
mnist_cls_train/8/27269.png,8
mnist_cls_train/8/33323.png,8
mnist_cls_train/8/16026.png,8
mnist_cls_train/8/53663.png,8
mnist_cls_train/8/3002.png,8
mnist_cls_train/8/43861.png,8
mnist_cls_train/8/38587.png,8
mnist_cls_train/8/30843.png,8
mnist_cls_train/8/18642.png,8
mnist_cls_train/8/52280.png,8
mnist_cls_train/8/44652.png,8
mnist_cls_train/8/21211.png,8
mnist_cls_train/8/56600.png,8
mnist_cls_train/8/42417.png,8
mnist_cls_train/8/160.png,8
mnist_cls_train/8/3029.png,8
mnist_cls_train/8/54231.png,8
mnist_cls_train/8/53271.png,8
mnist_cls_train/8/21826.png,8
mnist_cls_train/8/3807.png,8
mnist_cls_train/8/30401.png,8
mnist_cls_train/8/517.png,8
mnist_cls_train/8/7924.png,8
mnist_cls_train/8/44203.png,8
mnist_cls_train/8/13327.png,8
mnist_cls_train/8/56254.png,8
mnist_cls_train/8/59286.png,8
mnist_cls_train/8/8722.png,8
mnist_cls_train/8/29493.png,8
mnist_cls_train/8/11940.png,8
mnist_cls_train/8/32717.png,8
mnist_cls_train/8/16377.png,8
mnist_cls_train/8/14782.png,8
mnist_cls_train/8/58748.png,8
mnist_cls_train/8/1713.png,8
mnist_cls_train/8/6404.png,8
mnist_cls_train/8/28341.png,8
mnist_cls_train/8/34304.png,8
mnist_cls_train/8/11406.png,8
mnist_cls_train/8/58693.png,8
mnist_cls_train/8/50112.png,8
mnist_cls_train/8/37695.png,8
mnist_cls_train/8/21962.png,8
mnist_cls_train/8/18291.png,8
mnist_cls_train/8/50791.png,8
mnist_cls_train/8/7636.png,8
mnist_cls_train/8/42706.png,8
mnist_cls_train/8/11191.png,8
mnist_cls_train/8/20858.png,8
mnist_cls_train/8/55537.png,8
mnist_cls_train/8/45313.png,8
mnist_cls_train/8/25715.png,8
mnist_cls_train/8/9873.png,8
mnist_cls_train/8/5029.png,8
mnist_cls_train/8/23077.png,8
mnist_cls_train/8/32116.png,8
mnist_cls_train/8/14128.png,8
mnist_cls_train/8/27513.png,8
mnist_cls_train/8/43410.png,8
mnist_cls_train/8/26327.png,8
mnist_cls_train/8/58467.png,8
mnist_cls_train/8/21212.png,8
mnist_cls_train/8/33883.png,8
mnist_cls_train/8/58445.png,8
mnist_cls_train/8/55211.png,8
mnist_cls_train/8/18967.png,8
mnist_cls_train/8/19253.png,8
mnist_cls_train/8/33956.png,8
mnist_cls_train/8/41013.png,8
mnist_cls_train/8/44437.png,8
mnist_cls_train/8/53648.png,8
mnist_cls_train/8/15988.png,8
mnist_cls_train/8/33179.png,8
mnist_cls_train/8/33490.png,8
mnist_cls_train/8/49051.png,8
mnist_cls_train/8/33059.png,8
mnist_cls_train/8/49822.png,8
mnist_cls_train/8/1067.png,8
mnist_cls_train/8/33770.png,8
mnist_cls_train/8/13917.png,8
mnist_cls_train/8/47861.png,8
mnist_cls_train/8/14189.png,8
mnist_cls_train/8/12400.png,8
mnist_cls_train/8/42408.png,8
mnist_cls_train/8/39608.png,8
mnist_cls_train/8/20785.png,8
mnist_cls_train/8/11028.png,8
mnist_cls_train/8/57019.png,8
mnist_cls_train/8/58186.png,8
mnist_cls_train/8/7777.png,8
mnist_cls_train/8/12130.png,8
mnist_cls_train/8/43609.png,8
mnist_cls_train/8/1616.png,8
mnist_cls_train/8/45298.png,8
mnist_cls_train/8/4083.png,8
mnist_cls_train/8/348.png,8
mnist_cls_train/8/28662.png,8
mnist_cls_train/8/43828.png,8
mnist_cls_train/8/49176.png,8
mnist_cls_train/8/48092.png,8
mnist_cls_train/8/41.png,8
mnist_cls_train/8/13592.png,8
mnist_cls_train/8/53506.png,8
mnist_cls_train/8/53110.png,8
mnist_cls_train/8/34312.png,8
mnist_cls_train/8/2016.png,8
mnist_cls_train/8/37771.png,8
mnist_cls_train/8/57031.png,8
mnist_cls_train/8/18130.png,8
mnist_cls_train/8/14495.png,8
mnist_cls_train/8/10559.png,8
mnist_cls_train/8/41183.png,8
mnist_cls_train/8/34691.png,8
mnist_cls_train/8/24875.png,8
mnist_cls_train/8/52352.png,8
mnist_cls_train/8/10490.png,8
mnist_cls_train/8/9361.png,8
mnist_cls_train/9/30096.png,9
mnist_cls_train/9/14442.png,9
mnist_cls_train/9/57681.png,9
mnist_cls_train/9/6950.png,9
mnist_cls_train/9/2465.png,9
mnist_cls_train/9/3508.png,9
mnist_cls_train/9/47909.png,9
mnist_cls_train/9/18628.png,9
mnist_cls_train/9/7811.png,9
mnist_cls_train/9/37534.png,9
mnist_cls_train/9/49653.png,9
mnist_cls_train/9/26921.png,9
mnist_cls_train/9/21869.png,9
mnist_cls_train/9/3649.png,9
mnist_cls_train/9/21317.png,9
mnist_cls_train/9/57421.png,9
mnist_cls_train/9/37349.png,9
mnist_cls_train/9/12440.png,9
mnist_cls_train/9/27839.png,9
mnist_cls_train/9/39139.png,9
mnist_cls_train/9/827.png,9
mnist_cls_train/9/12368.png,9
mnist_cls_train/9/25909.png,9
mnist_cls_train/9/51956.png,9
mnist_cls_train/9/47459.png,9
mnist_cls_train/9/44670.png,9
mnist_cls_train/9/14365.png,9
mnist_cls_train/9/29236.png,9
mnist_cls_train/9/20450.png,9
mnist_cls_train/9/51595.png,9
mnist_cls_train/9/13757.png,9
mnist_cls_train/9/52827.png,9
mnist_cls_train/9/34458.png,9
mnist_cls_train/9/11074.png,9
mnist_cls_train/9/29379.png,9
mnist_cls_train/9/8439.png,9
mnist_cls_train/9/39974.png,9
mnist_cls_train/9/31405.png,9
mnist_cls_train/9/45671.png,9
mnist_cls_train/9/29856.png,9
mnist_cls_train/9/6238.png,9
mnist_cls_train/9/51981.png,9
mnist_cls_train/9/14977.png,9
mnist_cls_train/9/58385.png,9
mnist_cls_train/9/51708.png,9
mnist_cls_train/9/28598.png,9
mnist_cls_train/9/30551.png,9
mnist_cls_train/9/18747.png,9
mnist_cls_train/9/30758.png,9
mnist_cls_train/9/17656.png,9
mnist_cls_train/9/44214.png,9
mnist_cls_train/9/28445.png,9
mnist_cls_train/9/24593.png,9
mnist_cls_train/9/9229.png,9
mnist_cls_train/9/19785.png,9
mnist_cls_train/9/15079.png,9
mnist_cls_train/9/12651.png,9
mnist_cls_train/9/48836.png,9
mnist_cls_train/9/47010.png,9
mnist_cls_train/9/1116.png,9
mnist_cls_train/9/10387.png,9
mnist_cls_train/9/51267.png,9
mnist_cls_train/9/38457.png,9
mnist_cls_train/9/10646.png,9
mnist_cls_train/9/15128.png,9
mnist_cls_train/9/57129.png,9
mnist_cls_train/9/15987.png,9
mnist_cls_train/9/11102.png,9
mnist_cls_train/9/19512.png,9
mnist_cls_train/9/37242.png,9
mnist_cls_train/9/10132.png,9
mnist_cls_train/9/3785.png,9
mnist_cls_train/9/53882.png,9
mnist_cls_train/9/41918.png,9
mnist_cls_train/9/940.png,9
mnist_cls_train/9/53935.png,9
mnist_cls_train/9/9938.png,9
mnist_cls_train/9/18153.png,9
mnist_cls_train/9/5726.png,9
mnist_cls_train/9/38456.png,9
mnist_cls_train/9/29710.png,9
mnist_cls_train/9/53561.png,9
mnist_cls_train/9/59191.png,9
mnist_cls_train/9/18694.png,9
mnist_cls_train/9/25376.png,9
mnist_cls_train/9/19938.png,9
mnist_cls_train/9/10142.png,9
mnist_cls_train/9/16035.png,9
mnist_cls_train/9/5017.png,9
mnist_cls_train/9/16704.png,9
mnist_cls_train/9/1949.png,9
mnist_cls_train/9/20505.png,9
mnist_cls_train/9/8467.png,9
mnist_cls_train/9/32715.png,9
mnist_cls_train/9/13002.png,9
mnist_cls_train/9/52447.png,9
mnist_cls_train/9/19781.png,9
mnist_cls_train/9/1826.png,9
mnist_cls_train/9/5992.png,9
mnist_cls_train/9/3303.png,9
mnist_cls_train/9/52239.png,9
mnist_cls_train/9/50473.png,9
mnist_cls_train/9/23224.png,9
mnist_cls_train/9/27902.png,9
mnist_cls_train/9/56930.png,9
mnist_cls_train/9/53386.png,9
mnist_cls_train/9/43611.png,9
mnist_cls_train/9/27780.png,9
mnist_cls_train/9/15323.png,9
mnist_cls_train/9/46946.png,9
mnist_cls_train/9/57290.png,9
mnist_cls_train/9/48795.png,9
mnist_cls_train/9/31128.png,9
mnist_cls_train/9/29154.png,9
mnist_cls_train/9/16270.png,9
mnist_cls_train/9/27748.png,9
mnist_cls_train/9/34347.png,9
mnist_cls_train/9/11015.png,9
mnist_cls_train/9/2140.png,9
mnist_cls_train/9/27066.png,9
mnist_cls_train/9/41042.png,9
mnist_cls_train/9/35174.png,9
mnist_cls_train/9/18688.png,9
mnist_cls_train/9/50119.png,9
mnist_cls_train/9/29137.png,9
mnist_cls_train/9/1399.png,9
mnist_cls_train/9/14120.png,9
mnist_cls_train/9/4.png,9
mnist_cls_train/9/44182.png,9
mnist_cls_train/9/812.png,9
mnist_cls_train/9/57159.png,9
mnist_cls_train/9/44486.png,9
mnist_cls_train/9/30135.png,9
mnist_cls_train/9/57744.png,9
mnist_cls_train/9/54311.png,9
mnist_cls_train/9/23919.png,9
mnist_cls_train/9/13456.png,9
mnist_cls_train/9/55847.png,9
mnist_cls_train/9/36282.png,9
mnist_cls_train/9/37773.png,9
mnist_cls_train/9/50099.png,9
mnist_cls_train/9/3970.png,9
mnist_cls_train/9/9290.png,9
mnist_cls_train/9/30850.png,9
mnist_cls_train/9/49944.png,9
mnist_cls_train/9/42149.png,9
mnist_cls_train/9/59344.png,9
mnist_cls_train/9/20918.png,9
mnist_cls_train/9/8736.png,9
mnist_cls_train/9/8518.png,9
mnist_cls_train/9/38552.png,9
mnist_cls_train/9/45322.png,9
mnist_cls_train/9/29302.png,9
mnist_cls_train/9/14324.png,9
mnist_cls_train/9/32410.png,9
mnist_cls_train/9/55652.png,9
mnist_cls_train/9/25263.png,9
mnist_cls_train/9/285.png,9
mnist_cls_train/9/18552.png,9
mnist_cls_train/9/20830.png,9
mnist_cls_train/9/44746.png,9
mnist_cls_train/9/44878.png,9
mnist_cls_train/9/38674.png,9
mnist_cls_train/9/5664.png,9
mnist_cls_train/9/44550.png,9
mnist_cls_train/9/38651.png,9
mnist_cls_train/9/11918.png,9
mnist_cls_train/9/27688.png,9
mnist_cls_train/9/56464.png,9
mnist_cls_train/9/37247.png,9
mnist_cls_train/9/41855.png,9
mnist_cls_train/9/32100.png,9
mnist_cls_train/9/33329.png,9
mnist_cls_train/9/31896.png,9
mnist_cls_train/9/23682.png,9
mnist_cls_train/9/39319.png,9
mnist_cls_train/9/16413.png,9
mnist_cls_train/9/52653.png,9
mnist_cls_train/9/23990.png,9
mnist_cls_train/9/43114.png,9
mnist_cls_train/9/39750.png,9
mnist_cls_train/9/25828.png,9
mnist_cls_train/9/17437.png,9
mnist_cls_train/9/29731.png,9
mnist_cls_train/9/25248.png,9
mnist_cls_train/9/46778.png,9
mnist_cls_train/9/29003.png,9
mnist_cls_train/9/36420.png,9
mnist_cls_train/9/42963.png,9
mnist_cls_train/9/47457.png,9
mnist_cls_train/9/32555.png,9
mnist_cls_train/9/10478.png,9
mnist_cls_train/9/59858.png,9
mnist_cls_train/9/50515.png,9
mnist_cls_train/9/57072.png,9
mnist_cls_train/9/56230.png,9
mnist_cls_train/9/5539.png,9
mnist_cls_train/9/1194.png,9
mnist_cls_train/9/32457.png,9
mnist_cls_train/9/1743.png,9
mnist_cls_train/9/7714.png,9
mnist_cls_train/9/34090.png,9
mnist_cls_train/9/49112.png,9
mnist_cls_train/9/47878.png,9
mnist_cls_train/9/1518.png,9
mnist_cls_train/9/30378.png,9
mnist_cls_train/9/32356.png,9
mnist_cls_train/9/49358.png,9
mnist_cls_train/9/56622.png,9
mnist_cls_train/9/17181.png,9
mnist_cls_train/9/17384.png,9
mnist_cls_train/9/28183.png,9
mnist_cls_train/9/1316.png,9
mnist_cls_train/9/34491.png,9
mnist_cls_train/9/7733.png,9
mnist_cls_train/9/53868.png,9
mnist_cls_train/9/22117.png,9
mnist_cls_train/9/12074.png,9
mnist_cls_train/9/27679.png,9
mnist_cls_train/9/42315.png,9
mnist_cls_train/9/10184.png,9
mnist_cls_train/9/30437.png,9
mnist_cls_train/9/631.png,9
mnist_cls_train/9/29778.png,9
mnist_cls_train/9/53841.png,9
mnist_cls_train/9/50698.png,9
mnist_cls_train/9/49226.png,9
mnist_cls_train/9/30694.png,9
mnist_cls_train/9/17119.png,9
mnist_cls_train/9/17186.png,9
mnist_cls_train/9/35479.png,9
mnist_cls_train/9/32532.png,9
mnist_cls_train/9/19417.png,9
mnist_cls_train/9/4307.png,9
mnist_cls_train/9/54382.png,9
mnist_cls_train/9/56442.png,9
mnist_cls_train/9/39428.png,9
mnist_cls_train/9/13356.png,9
mnist_cls_train/9/15991.png,9
mnist_cls_train/9/42715.png,9
mnist_cls_train/9/11633.png,9
mnist_cls_train/9/25463.png,9
mnist_cls_train/9/59135.png,9
mnist_cls_train/9/707.png,9
mnist_cls_train/9/24270.png,9
mnist_cls_train/9/55938.png,9
mnist_cls_train/9/59341.png,9
mnist_cls_train/9/34254.png,9
mnist_cls_train/9/5522.png,9
mnist_cls_train/9/23816.png,9
mnist_cls_train/9/48257.png,9
mnist_cls_train/9/52576.png,9
mnist_cls_train/9/37233.png,9
mnist_cls_train/9/10883.png,9
mnist_cls_train/9/1751.png,9
mnist_cls_train/9/19315.png,9
mnist_cls_train/9/36935.png,9
mnist_cls_train/9/25648.png,9
mnist_cls_train/9/20434.png,9
mnist_cls_train/9/6969.png,9
mnist_cls_train/9/58499.png,9
mnist_cls_train/9/57487.png,9
mnist_cls_train/9/59325.png,9
mnist_cls_train/9/33211.png,9
mnist_cls_train/9/33422.png,9
mnist_cls_train/9/32316.png,9
mnist_cls_train/9/40250.png,9
mnist_cls_train/9/52805.png,9
mnist_cls_train/9/40128.png,9
mnist_cls_train/9/50217.png,9
mnist_cls_train/9/37702.png,9
mnist_cls_train/9/9070.png,9
mnist_cls_train/9/58127.png,9
mnist_cls_train/9/4667.png,9
mnist_cls_train/9/5614.png,9
mnist_cls_train/9/5745.png,9
mnist_cls_train/9/56577.png,9
mnist_cls_train/9/41903.png,9
mnist_cls_train/9/41562.png,9
mnist_cls_train/9/27273.png,9
mnist_cls_train/9/34694.png,9
mnist_cls_train/9/5865.png,9
mnist_cls_train/9/864.png,9
mnist_cls_train/9/23950.png,9
mnist_cls_train/9/58348.png,9
mnist_cls_train/9/58013.png,9
mnist_cls_train/9/52556.png,9
mnist_cls_train/9/23853.png,9
mnist_cls_train/9/3076.png,9
mnist_cls_train/9/56118.png,9
mnist_cls_train/9/52714.png,9
mnist_cls_train/9/40755.png,9
mnist_cls_train/9/31809.png,9
mnist_cls_train/9/26108.png,9
mnist_cls_train/9/22505.png,9
mnist_cls_train/9/36757.png,9
mnist_cls_train/9/23467.png,9
mnist_cls_train/9/57753.png,9
mnist_cls_train/9/13472.png,9
mnist_cls_train/9/45086.png,9
mnist_cls_train/9/5943.png,9
mnist_cls_train/9/9817.png,9
mnist_cls_train/9/7702.png,9
mnist_cls_train/9/33806.png,9
mnist_cls_train/9/59214.png,9
mnist_cls_train/9/13050.png,9
mnist_cls_train/9/58096.png,9
mnist_cls_train/9/172.png,9
mnist_cls_train/9/27368.png,9
mnist_cls_train/9/50386.png,9
mnist_cls_train/9/37681.png,9
mnist_cls_train/9/50967.png,9
mnist_cls_train/9/47105.png,9
mnist_cls_train/9/34876.png,9
mnist_cls_train/9/12894.png,9
mnist_cls_train/9/13720.png,9
mnist_cls_train/9/54323.png,9
mnist_cls_train/9/8802.png,9
mnist_cls_train/9/50163.png,9
mnist_cls_train/9/37779.png,9
mnist_cls_train/9/43830.png,9
mnist_cls_train/9/23710.png,9
mnist_cls_train/9/24061.png,9
mnist_cls_train/9/14037.png,9
mnist_cls_train/9/10105.png,9
mnist_cls_train/9/20264.png,9
mnist_cls_train/9/12406.png,9
mnist_cls_train/9/4894.png,9
mnist_cls_train/9/51271.png,9
mnist_cls_train/9/26558.png,9
mnist_cls_train/9/56401.png,9
mnist_cls_train/9/44438.png,9
mnist_cls_train/9/46609.png,9
mnist_cls_train/9/25404.png,9
mnist_cls_train/9/55563.png,9
mnist_cls_train/9/6301.png,9
mnist_cls_train/9/26839.png,9
mnist_cls_train/9/51757.png,9
mnist_cls_train/9/12789.png,9
mnist_cls_train/9/36607.png,9
mnist_cls_train/9/21377.png,9
mnist_cls_train/9/30660.png,9
mnist_cls_train/9/334.png,9
mnist_cls_train/9/34865.png,9
mnist_cls_train/9/46161.png,9
mnist_cls_train/9/14077.png,9
mnist_cls_train/9/12248.png,9
mnist_cls_train/9/7511.png,9
mnist_cls_train/9/46578.png,9
mnist_cls_train/9/48171.png,9
mnist_cls_train/9/49844.png,9
mnist_cls_train/9/1235.png,9
mnist_cls_train/9/10539.png,9
mnist_cls_train/9/33682.png,9
mnist_cls_train/9/20126.png,9
mnist_cls_train/9/226.png,9
mnist_cls_train/9/32433.png,9
mnist_cls_train/9/30394.png,9
mnist_cls_train/9/51240.png,9
mnist_cls_train/9/37376.png,9
mnist_cls_train/9/56753.png,9
mnist_cls_train/9/17723.png,9
mnist_cls_train/9/28383.png,9
mnist_cls_train/9/49468.png,9
mnist_cls_train/9/19597.png,9
mnist_cls_train/9/53676.png,9
mnist_cls_train/9/59564.png,9
mnist_cls_train/9/17958.png,9
mnist_cls_train/9/41196.png,9
mnist_cls_train/9/19913.png,9
mnist_cls_train/9/31786.png,9
mnist_cls_train/9/41563.png,9
mnist_cls_train/9/51552.png,9
mnist_cls_train/9/53196.png,9
mnist_cls_train/9/1912.png,9
mnist_cls_train/9/2798.png,9
mnist_cls_train/9/14364.png,9
mnist_cls_train/9/55850.png,9
mnist_cls_train/9/7365.png,9
mnist_cls_train/9/34300.png,9
mnist_cls_train/9/58152.png,9
mnist_cls_train/9/39247.png,9
mnist_cls_train/9/43916.png,9
mnist_cls_train/9/24967.png,9
mnist_cls_train/9/23314.png,9
mnist_cls_train/9/31261.png,9
mnist_cls_train/9/53217.png,9
mnist_cls_train/9/7822.png,9
mnist_cls_train/9/13791.png,9
mnist_cls_train/9/37430.png,9
mnist_cls_train/9/16918.png,9
mnist_cls_train/9/29737.png,9
mnist_cls_train/9/42628.png,9
mnist_cls_train/9/8216.png,9
mnist_cls_train/9/3146.png,9
mnist_cls_train/9/57050.png,9
mnist_cls_train/9/6334.png,9
mnist_cls_train/9/29547.png,9
mnist_cls_train/9/48940.png,9
mnist_cls_train/9/16953.png,9
mnist_cls_train/9/49547.png,9
mnist_cls_train/9/7940.png,9
mnist_cls_train/9/17447.png,9
mnist_cls_train/9/40531.png,9
mnist_cls_train/9/10507.png,9
mnist_cls_train/9/13678.png,9
mnist_cls_train/9/12846.png,9
mnist_cls_train/9/12825.png,9
mnist_cls_train/9/51248.png,9
mnist_cls_train/9/15312.png,9
mnist_cls_train/9/1307.png,9
mnist_cls_train/9/20567.png,9
mnist_cls_train/9/45575.png,9
mnist_cls_train/9/58129.png,9
mnist_cls_train/9/52148.png,9
mnist_cls_train/9/37587.png,9
mnist_cls_train/9/54076.png,9
mnist_cls_train/9/20248.png,9
mnist_cls_train/9/15517.png,9
mnist_cls_train/9/38910.png,9
mnist_cls_train/9/44890.png,9
mnist_cls_train/9/14687.png,9
mnist_cls_train/9/14827.png,9
mnist_cls_train/9/31226.png,9
mnist_cls_train/9/25371.png,9
mnist_cls_train/9/55114.png,9
mnist_cls_train/9/53010.png,9
mnist_cls_train/9/6084.png,9
mnist_cls_train/9/40781.png,9
mnist_cls_train/9/24285.png,9
mnist_cls_train/9/49007.png,9
mnist_cls_train/9/1925.png,9
mnist_cls_train/9/9127.png,9
mnist_cls_train/9/32051.png,9
mnist_cls_train/9/51770.png,9
mnist_cls_train/9/42465.png,9
mnist_cls_train/9/15235.png,9
mnist_cls_train/9/50309.png,9
mnist_cls_train/9/5532.png,9
mnist_cls_train/9/53055.png,9
mnist_cls_train/9/58703.png,9
mnist_cls_train/9/5371.png,9
mnist_cls_train/9/53853.png,9
mnist_cls_train/9/10934.png,9
mnist_cls_train/9/55468.png,9
mnist_cls_train/9/1122.png,9
mnist_cls_train/9/14547.png,9
mnist_cls_train/9/24029.png,9
mnist_cls_train/9/52328.png,9
mnist_cls_train/9/12496.png,9
mnist_cls_train/9/14502.png,9
mnist_cls_train/9/4589.png,9
mnist_cls_train/9/40026.png,9
mnist_cls_train/9/8721.png,9
mnist_cls_train/9/29286.png,9
mnist_cls_train/9/18211.png,9
mnist_cls_train/9/16303.png,9
mnist_cls_train/9/26822.png,9
mnist_cls_train/9/7947.png,9
mnist_cls_train/9/52138.png,9
mnist_cls_train/9/29093.png,9
mnist_cls_train/9/48148.png,9
mnist_cls_train/9/38205.png,9
mnist_cls_train/9/59295.png,9
mnist_cls_train/9/28625.png,9
mnist_cls_train/9/32239.png,9
mnist_cls_train/9/50659.png,9
mnist_cls_train/9/11186.png,9
mnist_cls_train/9/39418.png,9
mnist_cls_train/9/23027.png,9
mnist_cls_train/9/15899.png,9
mnist_cls_train/9/13646.png,9
mnist_cls_train/9/56216.png,9
mnist_cls_train/9/25565.png,9
mnist_cls_train/9/36847.png,9
mnist_cls_train/9/18874.png,9
mnist_cls_train/9/14151.png,9
mnist_cls_train/9/51761.png,9
mnist_cls_train/9/47017.png,9
mnist_cls_train/9/31320.png,9
mnist_cls_train/9/56987.png,9
mnist_cls_train/9/56443.png,9
mnist_cls_train/9/6073.png,9
mnist_cls_train/9/33948.png,9
mnist_cls_train/9/5185.png,9
mnist_cls_train/9/45388.png,9
mnist_cls_train/9/10183.png,9
mnist_cls_train/9/31337.png,9
mnist_cls_train/9/20358.png,9
mnist_cls_train/9/11224.png,9
mnist_cls_train/9/52355.png,9
mnist_cls_train/9/27521.png,9
mnist_cls_train/9/14182.png,9
mnist_cls_train/9/20086.png,9
mnist_cls_train/9/52123.png,9
mnist_cls_train/9/7805.png,9
mnist_cls_train/9/58331.png,9
mnist_cls_train/9/7256.png,9
mnist_cls_train/9/27234.png,9
mnist_cls_train/9/4098.png,9
mnist_cls_train/9/18602.png,9
mnist_cls_train/9/39096.png,9
mnist_cls_train/9/44973.png,9
mnist_cls_train/9/38950.png,9
mnist_cls_train/9/41706.png,9
mnist_cls_train/9/38005.png,9
mnist_cls_train/9/27774.png,9
mnist_cls_train/9/16342.png,9
mnist_cls_train/9/34306.png,9
mnist_cls_train/9/11814.png,9
mnist_cls_train/9/8321.png,9
mnist_cls_train/9/7251.png,9
mnist_cls_train/9/33199.png,9
mnist_cls_train/9/26682.png,9
mnist_cls_train/9/35694.png,9
mnist_cls_train/9/14696.png,9
mnist_cls_train/9/35019.png,9
mnist_cls_train/9/25652.png,9
mnist_cls_train/9/54146.png,9
mnist_cls_train/9/41895.png,9
mnist_cls_train/9/22390.png,9
mnist_cls_train/9/9713.png,9
mnist_cls_train/9/48718.png,9
mnist_cls_train/9/52232.png,9
mnist_cls_train/9/17107.png,9
mnist_cls_train/9/9425.png,9
mnist_cls_train/9/20138.png,9
mnist_cls_train/9/13461.png,9
mnist_cls_train/9/40978.png,9
mnist_cls_train/9/43385.png,9
mnist_cls_train/9/56156.png,9
mnist_cls_train/9/13439.png,9
mnist_cls_train/9/28448.png,9
mnist_cls_train/9/48290.png,9
mnist_cls_train/9/29868.png,9
mnist_cls_train/9/39654.png,9
mnist_cls_train/9/44043.png,9
mnist_cls_train/9/44947.png,9
mnist_cls_train/9/23446.png,9
mnist_cls_train/9/31828.png,9
mnist_cls_train/9/17848.png,9
mnist_cls_train/9/38673.png,9
mnist_cls_train/9/57452.png,9
mnist_cls_train/9/55464.png,9
mnist_cls_train/9/29445.png,9
mnist_cls_train/9/44357.png,9
mnist_cls_train/9/52383.png,9
mnist_cls_train/9/35854.png,9
mnist_cls_train/9/7690.png,9
mnist_cls_train/9/12050.png,9
mnist_cls_train/9/27848.png,9
mnist_cls_train/9/46492.png,9
mnist_cls_train/9/44547.png,9
mnist_cls_train/9/39195.png,9
mnist_cls_train/9/6156.png,9
mnist_cls_train/9/51022.png,9
mnist_cls_train/9/20159.png,9
mnist_cls_train/9/17570.png,9
mnist_cls_train/9/46866.png,9
mnist_cls_train/9/16341.png,9
mnist_cls_train/9/54843.png,9
mnist_cls_train/9/40341.png,9
mnist_cls_train/9/41433.png,9
mnist_cls_train/9/2371.png,9
mnist_cls_train/9/21657.png,9
mnist_cls_train/9/755.png,9
mnist_cls_train/9/32149.png,9
mnist_cls_train/9/1882.png,9
mnist_cls_train/9/29213.png,9
mnist_cls_train/9/45527.png,9
mnist_cls_train/9/56348.png,9
mnist_cls_train/9/59194.png,9
mnist_cls_train/9/8601.png,9
mnist_cls_train/9/30491.png,9
mnist_cls_train/9/30208.png,9
mnist_cls_train/9/42943.png,9
mnist_cls_train/9/2562.png,9
mnist_cls_train/9/26950.png,9
mnist_cls_train/9/3389.png,9
mnist_cls_train/9/13945.png,9
mnist_cls_train/9/29552.png,9
mnist_cls_train/9/11212.png,9
mnist_cls_train/9/52467.png,9
mnist_cls_train/9/34335.png,9
mnist_cls_train/9/38877.png,9
mnist_cls_train/9/48775.png,9
mnist_cls_train/9/5130.png,9
mnist_cls_train/9/25801.png,9
mnist_cls_train/9/39911.png,9
mnist_cls_train/9/40197.png,9
mnist_cls_train/9/7952.png,9
mnist_cls_train/9/47664.png,9
mnist_cls_train/9/7171.png,9
mnist_cls_train/9/51123.png,9
mnist_cls_train/9/58852.png,9
mnist_cls_train/9/52341.png,9
mnist_cls_train/9/38470.png,9
mnist_cls_train/9/15309.png,9
mnist_cls_train/9/4244.png,9
mnist_cls_train/9/59243.png,9
mnist_cls_train/9/17537.png,9
mnist_cls_train/9/15387.png,9
mnist_cls_train/9/59404.png,9
mnist_cls_train/9/54599.png,9
mnist_cls_train/9/45689.png,9
mnist_cls_train/9/59695.png,9
mnist_cls_train/9/53544.png,9
mnist_cls_train/9/21592.png,9
mnist_cls_train/9/27004.png,9
mnist_cls_train/9/43310.png,9
mnist_cls_train/9/45323.png,9
mnist_cls_train/9/17363.png,9
mnist_cls_train/9/14762.png,9
mnist_cls_train/9/10867.png,9
mnist_cls_train/9/35603.png,9
mnist_cls_train/9/1142.png,9
mnist_cls_train/9/28538.png,9
mnist_cls_train/9/44915.png,9
mnist_cls_train/9/54944.png,9
mnist_cls_train/9/29292.png,9
mnist_cls_train/9/55730.png,9
mnist_cls_train/9/10247.png,9
mnist_cls_train/9/26748.png,9
mnist_cls_train/9/7936.png,9
mnist_cls_train/9/10906.png,9
mnist_cls_train/9/58242.png,9
mnist_cls_train/9/13361.png,9
mnist_cls_train/9/15609.png,9
mnist_cls_train/9/26082.png,9
mnist_cls_train/9/30469.png,9
mnist_cls_train/9/33822.png,9
mnist_cls_train/9/55401.png,9
mnist_cls_train/9/2364.png,9
mnist_cls_train/9/25821.png,9
mnist_cls_train/9/47165.png,9
mnist_cls_train/9/56425.png,9
mnist_cls_train/9/58426.png,9
mnist_cls_train/9/35245.png,9
mnist_cls_train/9/31041.png,9
mnist_cls_train/9/3292.png,9
mnist_cls_train/9/2398.png,9
mnist_cls_train/9/37935.png,9
mnist_cls_train/9/5874.png,9
mnist_cls_train/9/55992.png,9
mnist_cls_train/9/1459.png,9
mnist_cls_train/9/15446.png,9
mnist_cls_train/9/39732.png,9
mnist_cls_train/9/10929.png,9
mnist_cls_train/9/44701.png,9
mnist_cls_train/9/25168.png,9
mnist_cls_train/9/27605.png,9
mnist_cls_train/9/29752.png,9
mnist_cls_train/9/59164.png,9
mnist_cls_train/9/59594.png,9
mnist_cls_train/9/1552.png,9
mnist_cls_train/9/17283.png,9
mnist_cls_train/9/43792.png,9
mnist_cls_train/9/55369.png,9
mnist_cls_train/9/15165.png,9
mnist_cls_train/9/35233.png,9
mnist_cls_train/9/32908.png,9
mnist_cls_train/9/3912.png,9
mnist_cls_train/9/36960.png,9
mnist_cls_train/9/6922.png,9
mnist_cls_train/9/53680.png,9
mnist_cls_train/9/44084.png,9
mnist_cls_train/9/35807.png,9
mnist_cls_train/9/46645.png,9
mnist_cls_train/9/30704.png,9
mnist_cls_train/9/22780.png,9
mnist_cls_train/9/24092.png,9
mnist_cls_train/9/9129.png,9
mnist_cls_train/9/33699.png,9
mnist_cls_train/9/54038.png,9
mnist_cls_train/9/21344.png,9
mnist_cls_train/9/39331.png,9
mnist_cls_train/9/45062.png,9
mnist_cls_train/9/24053.png,9
mnist_cls_train/9/38727.png,9
mnist_cls_train/9/42109.png,9
mnist_cls_train/9/35125.png,9
mnist_cls_train/9/44586.png,9
mnist_cls_train/9/10143.png,9
mnist_cls_train/9/19728.png,9
mnist_cls_train/9/54592.png,9
mnist_cls_train/9/15894.png,9
mnist_cls_train/9/28676.png,9
mnist_cls_train/9/13897.png,9
mnist_cls_train/9/42482.png,9
mnist_cls_train/9/26116.png,9
mnist_cls_train/9/43107.png,9
mnist_cls_train/9/38020.png,9
mnist_cls_train/9/31893.png,9
mnist_cls_train/9/44534.png,9
mnist_cls_train/9/38625.png,9
mnist_cls_train/9/41599.png,9
mnist_cls_train/9/14931.png,9
mnist_cls_train/9/2728.png,9
mnist_cls_train/9/16776.png,9
mnist_cls_train/9/48569.png,9
mnist_cls_train/9/31141.png,9
mnist_cls_train/9/33855.png,9
mnist_cls_train/9/23502.png,9
mnist_cls_train/9/35440.png,9
mnist_cls_train/9/5592.png,9
mnist_cls_train/9/2453.png,9
mnist_cls_train/9/18175.png,9
mnist_cls_train/9/3913.png,9
mnist_cls_train/9/43158.png,9
mnist_cls_train/9/17692.png,9
mnist_cls_train/9/11385.png,9
mnist_cls_train/9/28774.png,9
mnist_cls_train/9/25239.png,9
mnist_cls_train/9/53998.png,9
mnist_cls_train/9/48927.png,9
mnist_cls_train/9/42645.png,9
mnist_cls_train/9/10613.png,9
mnist_cls_train/9/44340.png,9
mnist_cls_train/9/31878.png,9
mnist_cls_train/9/36378.png,9
mnist_cls_train/9/27884.png,9
mnist_cls_train/9/42017.png,9
mnist_cls_train/9/33712.png,9
mnist_cls_train/9/51574.png,9
mnist_cls_train/9/566.png,9
mnist_cls_train/9/42773.png,9
mnist_cls_train/9/49767.png,9
mnist_cls_train/9/31358.png,9
mnist_cls_train/9/23976.png,9
mnist_cls_train/9/17475.png,9
mnist_cls_train/9/26226.png,9
mnist_cls_train/9/32759.png,9
mnist_cls_train/9/23552.png,9
mnist_cls_train/9/26527.png,9
mnist_cls_train/9/50169.png,9
mnist_cls_train/9/36567.png,9
mnist_cls_train/9/37162.png,9
mnist_cls_train/9/10623.png,9
mnist_cls_train/9/40764.png,9
mnist_cls_train/9/36050.png,9
mnist_cls_train/9/29663.png,9
mnist_cls_train/9/34404.png,9
mnist_cls_train/9/44107.png,9
mnist_cls_train/9/50239.png,9
mnist_cls_train/9/6191.png,9
mnist_cls_train/9/25655.png,9
mnist_cls_train/9/39025.png,9
mnist_cls_train/9/22108.png,9
mnist_cls_train/9/6382.png,9
mnist_cls_train/9/48347.png,9
mnist_cls_train/9/6306.png,9
mnist_cls_train/9/6520.png,9
mnist_cls_train/9/46537.png,9
mnist_cls_train/9/36035.png,9
mnist_cls_train/9/59449.png,9
mnist_cls_train/9/32930.png,9
mnist_cls_train/9/8404.png,9
mnist_cls_train/9/32068.png,9
mnist_cls_train/9/7056.png,9
mnist_cls_train/9/12051.png,9
mnist_cls_train/9/32916.png,9
mnist_cls_train/9/42367.png,9
mnist_cls_train/9/17902.png,9
mnist_cls_train/9/25852.png,9
mnist_cls_train/9/47617.png,9
mnist_cls_train/9/57449.png,9
mnist_cls_train/9/28715.png,9
mnist_cls_train/9/47958.png,9
mnist_cls_train/9/47261.png,9
mnist_cls_train/9/35118.png,9
mnist_cls_train/9/37331.png,9
mnist_cls_train/9/35160.png,9
mnist_cls_train/9/16808.png,9
mnist_cls_train/9/56702.png,9
mnist_cls_train/9/11068.png,9
mnist_cls_train/9/58641.png,9
mnist_cls_train/9/25664.png,9
mnist_cls_train/9/28262.png,9
mnist_cls_train/9/31400.png,9
mnist_cls_train/9/1903.png,9
mnist_cls_train/9/930.png,9
mnist_cls_train/9/32483.png,9
mnist_cls_train/9/35893.png,9
mnist_cls_train/9/6643.png,9
mnist_cls_train/9/23738.png,9
mnist_cls_train/9/27164.png,9
mnist_cls_train/9/2787.png,9
mnist_cls_train/9/51329.png,9
mnist_cls_train/9/56634.png,9
mnist_cls_train/9/34248.png,9
mnist_cls_train/9/3818.png,9
mnist_cls_train/9/12925.png,9
mnist_cls_train/9/9081.png,9
mnist_cls_train/9/1465.png,9
mnist_cls_train/9/59761.png,9
mnist_cls_train/9/27766.png,9
mnist_cls_train/9/45892.png,9
mnist_cls_train/9/17234.png,9
mnist_cls_train/9/51592.png,9
mnist_cls_train/9/15503.png,9
mnist_cls_train/9/59381.png,9
mnist_cls_train/9/31733.png,9
mnist_cls_train/9/50053.png,9
mnist_cls_train/9/17622.png,9
mnist_cls_train/9/29502.png,9
mnist_cls_train/9/31074.png,9
mnist_cls_train/9/20623.png,9
mnist_cls_train/9/44402.png,9
mnist_cls_train/9/59397.png,9
mnist_cls_train/9/15195.png,9
mnist_cls_train/9/8316.png,9
mnist_cls_train/9/1895.png,9
mnist_cls_train/9/14294.png,9
mnist_cls_train/9/8626.png,9
mnist_cls_train/9/20825.png,9
mnist_cls_train/9/23166.png,9
mnist_cls_train/9/10794.png,9
mnist_cls_train/9/18883.png,9
mnist_cls_train/9/59050.png,9
mnist_cls_train/9/13982.png,9
mnist_cls_train/9/38701.png,9
mnist_cls_train/9/50110.png,9
mnist_cls_train/9/20026.png,9
mnist_cls_train/9/21924.png,9
mnist_cls_train/9/30049.png,9
mnist_cls_train/9/14057.png,9
mnist_cls_train/9/51581.png,9
mnist_cls_train/9/9372.png,9
mnist_cls_train/9/30237.png,9
mnist_cls_train/9/53349.png,9
mnist_cls_train/9/27383.png,9
mnist_cls_train/9/8585.png,9
mnist_cls_train/9/22927.png,9
mnist_cls_train/9/21267.png,9
mnist_cls_train/9/54962.png,9
mnist_cls_train/9/54738.png,9
mnist_cls_train/9/24694.png,9
mnist_cls_train/9/36920.png,9
mnist_cls_train/9/11593.png,9
mnist_cls_train/9/25502.png,9
mnist_cls_train/9/20207.png,9
mnist_cls_train/9/16751.png,9
mnist_cls_train/9/53831.png,9
mnist_cls_train/9/17708.png,9
mnist_cls_train/9/30636.png,9
mnist_cls_train/9/32959.png,9
mnist_cls_train/9/424.png,9
mnist_cls_train/9/3257.png,9
mnist_cls_train/9/8442.png,9
mnist_cls_train/9/41613.png,9
mnist_cls_train/9/56996.png,9
mnist_cls_train/9/53437.png,9
mnist_cls_train/9/42459.png,9
mnist_cls_train/9/30562.png,9
mnist_cls_train/9/32047.png,9
mnist_cls_train/9/21145.png,9
mnist_cls_train/9/56205.png,9
mnist_cls_train/9/19269.png,9
mnist_cls_train/9/52743.png,9
mnist_cls_train/9/27966.png,9
mnist_cls_train/9/33531.png,9
mnist_cls_train/9/7647.png,9
mnist_cls_train/9/58577.png,9
mnist_cls_train/9/37682.png,9
mnist_cls_train/9/37637.png,9
mnist_cls_train/9/12868.png,9
mnist_cls_train/9/59131.png,9
mnist_cls_train/9/39621.png,9
mnist_cls_train/9/22359.png,9
mnist_cls_train/9/48234.png,9
mnist_cls_train/9/21879.png,9
mnist_cls_train/9/51032.png,9
mnist_cls_train/9/18861.png,9
mnist_cls_train/9/38760.png,9
mnist_cls_train/9/59910.png,9
mnist_cls_train/9/46353.png,9
mnist_cls_train/9/10808.png,9
mnist_cls_train/9/30753.png,9
mnist_cls_train/9/22041.png,9
mnist_cls_train/9/6564.png,9
mnist_cls_train/9/58366.png,9
mnist_cls_train/9/6577.png,9
mnist_cls_train/9/39694.png,9
mnist_cls_train/9/47353.png,9
mnist_cls_train/9/50754.png,9
mnist_cls_train/9/23989.png,9
mnist_cls_train/9/32121.png,9
mnist_cls_train/9/56078.png,9
mnist_cls_train/9/56760.png,9
mnist_cls_train/9/17571.png,9
mnist_cls_train/9/45301.png,9
mnist_cls_train/9/38887.png,9
mnist_cls_train/9/25633.png,9
mnist_cls_train/9/11515.png,9
mnist_cls_train/9/53397.png,9
mnist_cls_train/9/110.png,9
mnist_cls_train/9/41942.png,9
mnist_cls_train/9/33961.png,9
mnist_cls_train/9/44026.png,9
mnist_cls_train/9/11991.png,9
mnist_cls_train/9/40235.png,9
mnist_cls_train/9/39953.png,9
mnist_cls_train/9/28176.png,9
mnist_cls_train/9/31532.png,9
mnist_cls_train/9/8448.png,9
mnist_cls_train/9/15912.png,9
mnist_cls_train/9/15553.png,9
mnist_cls_train/9/15072.png,9
mnist_cls_train/9/42709.png,9
mnist_cls_train/9/26795.png,9
mnist_cls_train/9/35070.png,9
mnist_cls_train/9/32857.png,9
mnist_cls_train/9/36510.png,9
mnist_cls_train/9/51082.png,9
mnist_cls_train/9/21167.png,9
mnist_cls_train/9/20290.png,9
mnist_cls_train/9/16137.png,9
mnist_cls_train/9/20360.png,9
mnist_cls_train/9/27231.png,9
mnist_cls_train/9/21639.png,9
mnist_cls_train/9/22174.png,9
mnist_cls_train/9/42882.png,9
mnist_cls_train/9/36655.png,9
mnist_cls_train/9/313.png,9
mnist_cls_train/9/27705.png,9
mnist_cls_train/9/441.png,9
mnist_cls_train/9/8393.png,9
mnist_cls_train/9/39549.png,9
mnist_cls_train/9/51913.png,9
mnist_cls_train/9/15658.png,9
mnist_cls_train/9/51812.png,9
mnist_cls_train/9/15369.png,9
mnist_cls_train/9/3645.png,9
mnist_cls_train/9/6820.png,9
mnist_cls_train/9/42124.png,9
mnist_cls_train/9/782.png,9
mnist_cls_train/9/21108.png,9
mnist_cls_train/9/49177.png,9
mnist_cls_train/9/8902.png,9
mnist_cls_train/9/12773.png,9
mnist_cls_train/9/7241.png,9
mnist_cls_train/9/48089.png,9
mnist_cls_train/9/31312.png,9
mnist_cls_train/9/48818.png,9
mnist_cls_train/9/24701.png,9
mnist_cls_train/9/49565.png,9
mnist_cls_train/9/29847.png,9
mnist_cls_train/9/47196.png,9
mnist_cls_train/9/52500.png,9
mnist_cls_train/9/40943.png,9
mnist_cls_train/9/32777.png,9
mnist_cls_train/9/21786.png,9
mnist_cls_train/9/15268.png,9
mnist_cls_train/9/21449.png,9
mnist_cls_train/9/52555.png,9
mnist_cls_train/9/1147.png,9
mnist_cls_train/9/25019.png,9
mnist_cls_train/9/44763.png,9
mnist_cls_train/9/54743.png,9
mnist_cls_train/9/45555.png,9
mnist_cls_train/9/55792.png,9
mnist_cls_train/9/13034.png,9
mnist_cls_train/9/36058.png,9
mnist_cls_train/9/2247.png,9
mnist_cls_train/9/8030.png,9
mnist_cls_train/9/28592.png,9
mnist_cls_train/9/34072.png,9
mnist_cls_train/9/55009.png,9
mnist_cls_train/9/7245.png,9
mnist_cls_train/9/9950.png,9
mnist_cls_train/9/8238.png,9
mnist_cls_train/9/11078.png,9
mnist_cls_train/9/24643.png,9
mnist_cls_train/9/48097.png,9
mnist_cls_train/9/50436.png,9
mnist_cls_train/9/21957.png,9
mnist_cls_train/9/28789.png,9
mnist_cls_train/9/55333.png,9
mnist_cls_train/9/1038.png,9
mnist_cls_train/9/19814.png,9
mnist_cls_train/9/22081.png,9
mnist_cls_train/9/58717.png,9
mnist_cls_train/9/19185.png,9
mnist_cls_train/9/31132.png,9
mnist_cls_train/9/17342.png,9
mnist_cls_train/9/20111.png,9
mnist_cls_train/9/52258.png,9
mnist_cls_train/9/43392.png,9
mnist_cls_train/9/31822.png,9
mnist_cls_train/9/40997.png,9
mnist_cls_train/9/35695.png,9
mnist_cls_train/9/53729.png,9
mnist_cls_train/9/43223.png,9
mnist_cls_train/9/30696.png,9
mnist_cls_train/9/2911.png,9
mnist_cls_train/9/56166.png,9
mnist_cls_train/9/50414.png,9
mnist_cls_train/9/46698.png,9
mnist_cls_train/9/57469.png,9
mnist_cls_train/9/31170.png,9
mnist_cls_train/9/40804.png,9
mnist_cls_train/9/47390.png,9
mnist_cls_train/9/23998.png,9
mnist_cls_train/9/29655.png,9
mnist_cls_train/9/13270.png,9
mnist_cls_train/9/41116.png,9
mnist_cls_train/9/58761.png,9
mnist_cls_train/9/40050.png,9
mnist_cls_train/9/57152.png,9
mnist_cls_train/9/15832.png,9
mnist_cls_train/9/23723.png,9
mnist_cls_train/9/33291.png,9
mnist_cls_train/9/21032.png,9
mnist_cls_train/9/42643.png,9
mnist_cls_train/9/52340.png,9
mnist_cls_train/9/38031.png,9
mnist_cls_train/9/53784.png,9
mnist_cls_train/9/3773.png,9
mnist_cls_train/9/4929.png,9
mnist_cls_train/9/10109.png,9
mnist_cls_train/9/40786.png,9
mnist_cls_train/9/53915.png,9
mnist_cls_train/9/10495.png,9
mnist_cls_train/9/56923.png,9
mnist_cls_train/9/44028.png,9
mnist_cls_train/9/52060.png,9
mnist_cls_train/9/58054.png,9
mnist_cls_train/9/19971.png,9
mnist_cls_train/9/28168.png,9
mnist_cls_train/9/7505.png,9
mnist_cls_train/9/21172.png,9
mnist_cls_train/9/17081.png,9
mnist_cls_train/9/11947.png,9
mnist_cls_train/9/19085.png,9
mnist_cls_train/9/11909.png,9
mnist_cls_train/9/56201.png,9
mnist_cls_train/9/41219.png,9
mnist_cls_train/9/8620.png,9
mnist_cls_train/9/35812.png,9
mnist_cls_train/9/2116.png,9
mnist_cls_train/9/5320.png,9
mnist_cls_train/9/59258.png,9
mnist_cls_train/9/2973.png,9
mnist_cls_train/9/54144.png,9
mnist_cls_train/9/21969.png,9
mnist_cls_train/9/54312.png,9
mnist_cls_train/9/55131.png,9
mnist_cls_train/9/36319.png,9
mnist_cls_train/9/51942.png,9
mnist_cls_train/9/33756.png,9
mnist_cls_train/9/22501.png,9
mnist_cls_train/9/39942.png,9
mnist_cls_train/9/14816.png,9
mnist_cls_train/9/3322.png,9
mnist_cls_train/9/22334.png,9
mnist_cls_train/9/58742.png,9
mnist_cls_train/9/40977.png,9
mnist_cls_train/9/4056.png,9
mnist_cls_train/9/59147.png,9
mnist_cls_train/9/56839.png,9
mnist_cls_train/9/59650.png,9
mnist_cls_train/9/18387.png,9
mnist_cls_train/9/17092.png,9
mnist_cls_train/9/5454.png,9
mnist_cls_train/9/16256.png,9
mnist_cls_train/9/15644.png,9
mnist_cls_train/9/29861.png,9
mnist_cls_train/9/12495.png,9
mnist_cls_train/9/8514.png,9
mnist_cls_train/9/39692.png,9
mnist_cls_train/9/1940.png,9
mnist_cls_train/9/25247.png,9
mnist_cls_train/9/52184.png,9
mnist_cls_train/9/5172.png,9
mnist_cls_train/9/6625.png,9
mnist_cls_train/9/36779.png,9
mnist_cls_train/9/6383.png,9
mnist_cls_train/9/57786.png,9
mnist_cls_train/9/9613.png,9
mnist_cls_train/9/15194.png,9
mnist_cls_train/9/23102.png,9
mnist_cls_train/9/13395.png,9
mnist_cls_train/9/17166.png,9
mnist_cls_train/9/12200.png,9
mnist_cls_train/9/51430.png,9
mnist_cls_train/9/28279.png,9
mnist_cls_train/9/36162.png,9
mnist_cls_train/9/51609.png,9
mnist_cls_train/9/31676.png,9
mnist_cls_train/9/43734.png,9
mnist_cls_train/9/20513.png,9
mnist_cls_train/9/30520.png,9
mnist_cls_train/9/46008.png,9
mnist_cls_train/9/33256.png,9
mnist_cls_train/9/57423.png,9
mnist_cls_train/9/50041.png,9
mnist_cls_train/9/7023.png,9
mnist_cls_train/9/24936.png,9
mnist_cls_train/9/29938.png,9
mnist_cls_train/9/42437.png,9
mnist_cls_train/9/47712.png,9
mnist_cls_train/9/58637.png,9
mnist_cls_train/9/6074.png,9
mnist_cls_train/9/49714.png,9
mnist_cls_train/9/29495.png,9
mnist_cls_train/9/7873.png,9
mnist_cls_train/9/54039.png,9
mnist_cls_train/9/57590.png,9
mnist_cls_train/9/40670.png,9
mnist_cls_train/9/45922.png,9
mnist_cls_train/9/52333.png,9
mnist_cls_train/9/57100.png,9
mnist_cls_train/9/1683.png,9
mnist_cls_train/9/42851.png,9
mnist_cls_train/9/45756.png,9
mnist_cls_train/9/8066.png,9
mnist_cls_train/9/22433.png,9
mnist_cls_train/9/4568.png,9
mnist_cls_train/9/15489.png,9
mnist_cls_train/9/41645.png,9
mnist_cls_train/9/9708.png,9
mnist_cls_train/9/27230.png,9
mnist_cls_train/9/13437.png,9
mnist_cls_train/9/59990.png,9
mnist_cls_train/9/7541.png,9
mnist_cls_train/9/6872.png,9
mnist_cls_train/9/24156.png,9
mnist_cls_train/9/47048.png,9
mnist_cls_train/9/30698.png,9
mnist_cls_train/9/50747.png,9
mnist_cls_train/9/34592.png,9
mnist_cls_train/9/7310.png,9
mnist_cls_train/9/10588.png,9
mnist_cls_train/9/33783.png,9
mnist_cls_train/9/7108.png,9
mnist_cls_train/9/14780.png,9
mnist_cls_train/9/37002.png,9
mnist_cls_train/9/36481.png,9
mnist_cls_train/9/14844.png,9
mnist_cls_train/9/45775.png,9
mnist_cls_train/9/41768.png,9
mnist_cls_train/9/31480.png,9
mnist_cls_train/9/22305.png,9
mnist_cls_train/9/52462.png,9
mnist_cls_train/9/3398.png,9
mnist_cls_train/9/53342.png,9
mnist_cls_train/9/50896.png,9
mnist_cls_train/9/30453.png,9
mnist_cls_train/9/24508.png,9
mnist_cls_train/9/50851.png,9
mnist_cls_train/9/36793.png,9
mnist_cls_train/9/12900.png,9
mnist_cls_train/9/32878.png,9
mnist_cls_train/9/56279.png,9
mnist_cls_train/9/49549.png,9
mnist_cls_train/9/15413.png,9
mnist_cls_train/9/50519.png,9
mnist_cls_train/9/264.png,9
mnist_cls_train/9/47323.png,9
mnist_cls_train/9/13429.png,9
mnist_cls_train/9/44075.png,9
mnist_cls_train/9/29553.png,9
mnist_cls_train/9/41254.png,9
mnist_cls_train/9/42890.png,9
mnist_cls_train/9/4936.png,9
mnist_cls_train/9/18653.png,9
mnist_cls_train/9/43966.png,9
mnist_cls_train/9/46741.png,9
mnist_cls_train/9/24942.png,9
mnist_cls_train/9/6679.png,9
mnist_cls_train/9/45810.png,9
mnist_cls_train/9/11313.png,9
mnist_cls_train/9/37887.png,9
mnist_cls_train/9/49143.png,9
mnist_cls_train/9/42356.png,9
mnist_cls_train/9/46800.png,9
mnist_cls_train/9/28329.png,9
mnist_cls_train/9/13304.png,9
mnist_cls_train/9/39593.png,9
mnist_cls_train/9/5386.png,9
mnist_cls_train/9/38369.png,9
mnist_cls_train/9/3447.png,9
mnist_cls_train/9/16350.png,9
mnist_cls_train/9/22246.png,9
mnist_cls_train/9/11853.png,9
mnist_cls_train/9/31115.png,9
mnist_cls_train/9/6542.png,9
mnist_cls_train/9/30500.png,9
mnist_cls_train/9/9306.png,9
mnist_cls_train/9/434.png,9
mnist_cls_train/9/40391.png,9
mnist_cls_train/9/31130.png,9
mnist_cls_train/9/13936.png,9
mnist_cls_train/9/29078.png,9
mnist_cls_train/9/37211.png,9
mnist_cls_train/9/31918.png,9
mnist_cls_train/9/39927.png,9
mnist_cls_train/9/48816.png,9
mnist_cls_train/9/18598.png,9
mnist_cls_train/9/25493.png,9
